district,week,case_count,disease
Andaman and Nicobar Islands | Unknown,2022-01-03,407.0,covid19
Andaman and Nicobar Islands | Unknown,2022-12-26,6.0,covid19
Andhra Pradesh | Anantapur,2020-07-20,4582.0,covid19
Andhra Pradesh | Anantapur,2020-07-27,6800.0,covid19
Andhra Pradesh | Anantapur,2020-08-03,7584.0,covid19
Andhra Pradesh | Anantapur,2020-08-10,5420.0,covid19
Andhra Pradesh | Anantapur,2020-08-17,5266.0,covid19
Andhra Pradesh | Anantapur,2020-08-24,5362.0,covid19
Andhra Pradesh | Anantapur,2020-08-31,5145.0,covid19
Andhra Pradesh | Anantapur,2020-09-07,4006.0,covid19
Andhra Pradesh | Anantapur,2020-09-14,3531.0,covid19
Andhra Pradesh | Anantapur,2020-09-21,3372.0,covid19
Andhra Pradesh | Anantapur,2020-09-28,2525.0,covid19
Andhra Pradesh | Anantapur,2020-10-05,2213.0,covid19
Andhra Pradesh | Anantapur,2020-10-12,1522.0,covid19
Andhra Pradesh | Anantapur,2021-04-19,5431.0,covid19
Andhra Pradesh | Anantapur,2021-04-26,8833.0,covid19
Andhra Pradesh | Anantapur,2021-05-03,13060.0,covid19
Andhra Pradesh | Anantapur,2021-05-10,15440.0,covid19
Andhra Pradesh | Anantapur,2021-05-17,14477.0,covid19
Andhra Pradesh | Anantapur,2021-05-24,9060.0,covid19
Andhra Pradesh | Anantapur,2021-05-31,6906.0,covid19
Andhra Pradesh | Anantapur,2021-06-07,4934.0,covid19
Andhra Pradesh | Anantapur,2021-06-14,2439.0,covid19
Andhra Pradesh | Anantapur,2021-06-21,1503.0,covid19
Andhra Pradesh | Anantapur,2021-06-28,929.0,covid19
Andhra Pradesh | Anantapur,2022-01-10,1475.0,covid19
Andhra Pradesh | Anantapur,2022-01-17,6584.0,covid19
Andhra Pradesh | Anantapur,2022-01-24,7463.0,covid19
Andhra Pradesh | Anantapur,2022-01-31,2402.0,covid19
Andhra Pradesh | Anantapur,2022-02-07,383.0,covid19
Andhra Pradesh | Anantapur,2022-02-14,165.0,covid19
Andhra Pradesh | Chittoor,2020-07-20,2795.0,covid19
Andhra Pradesh | Chittoor,2020-07-27,4666.0,covid19
Andhra Pradesh | Chittoor,2020-08-03,4989.0,covid19
Andhra Pradesh | Chittoor,2020-08-10,6362.0,covid19
Andhra Pradesh | Chittoor,2020-08-17,6371.0,covid19
Andhra Pradesh | Chittoor,2020-08-24,5883.0,covid19
Andhra Pradesh | Chittoor,2020-08-31,6848.0,covid19
Andhra Pradesh | Chittoor,2020-09-07,6837.0,covid19
Andhra Pradesh | Chittoor,2020-09-14,5455.0,covid19
Andhra Pradesh | Chittoor,2020-09-21,4967.0,covid19
Andhra Pradesh | Chittoor,2020-09-28,5541.0,covid19
Andhra Pradesh | Chittoor,2020-10-05,4961.0,covid19
Andhra Pradesh | Chittoor,2020-10-12,3333.0,covid19
Andhra Pradesh | Chittoor,2020-10-19,2905.0,covid19
Andhra Pradesh | Chittoor,2020-10-26,2205.0,covid19
Andhra Pradesh | Chittoor,2020-11-02,2001.0,covid19
Andhra Pradesh | Chittoor,2020-11-09,1296.0,covid19
Andhra Pradesh | Chittoor,2021-04-05,3321.0,covid19
Andhra Pradesh | Chittoor,2021-04-12,6094.0,covid19
Andhra Pradesh | Chittoor,2021-04-19,9718.0,covid19
Andhra Pradesh | Chittoor,2021-04-26,15125.0,covid19
Andhra Pradesh | Chittoor,2021-05-03,14840.0,covid19
Andhra Pradesh | Chittoor,2021-05-10,17000.0,covid19
Andhra Pradesh | Chittoor,2021-05-17,18073.0,covid19
Andhra Pradesh | Chittoor,2021-05-24,14796.0,covid19
Andhra Pradesh | Chittoor,2021-05-31,10562.0,covid19
Andhra Pradesh | Chittoor,2021-06-07,7750.0,covid19
Andhra Pradesh | Chittoor,2021-06-14,6070.0,covid19
Andhra Pradesh | Chittoor,2021-06-21,4300.0,covid19
Andhra Pradesh | Chittoor,2021-06-28,3477.0,covid19
Andhra Pradesh | Chittoor,2021-07-05,2620.0,covid19
Andhra Pradesh | Chittoor,2021-07-12,2502.0,covid19
Andhra Pradesh | Chittoor,2022-01-10,5440.0,covid19
Andhra Pradesh | Chittoor,2022-01-17,11047.0,covid19
Andhra Pradesh | Chittoor,2022-01-24,3255.0,covid19
Andhra Pradesh | Chittoor,2022-01-31,1951.0,covid19
Andhra Pradesh | Chittoor,2022-02-07,591.0,covid19
Andhra Pradesh | East Godavari,2020-07-13,3504.0,covid19
Andhra Pradesh | East Godavari,2020-07-20,7340.0,covid19
Andhra Pradesh | East Godavari,2020-07-27,8715.0,covid19
Andhra Pradesh | East Godavari,2020-08-03,9502.0,covid19
Andhra Pradesh | East Godavari,2020-08-10,8590.0,covid19
Andhra Pradesh | East Godavari,2020-08-17,8952.0,covid19
Andhra Pradesh | East Godavari,2020-08-24,8775.0,covid19
Andhra Pradesh | East Godavari,2020-08-31,8928.0,covid19
Andhra Pradesh | East Godavari,2020-09-07,9860.0,covid19
Andhra Pradesh | East Godavari,2020-09-14,9699.0,covid19
Andhra Pradesh | East Godavari,2020-09-21,7683.0,covid19
Andhra Pradesh | East Godavari,2020-09-28,6595.0,covid19
Andhra Pradesh | East Godavari,2020-10-05,5258.0,covid19
Andhra Pradesh | East Godavari,2020-10-12,4049.0,covid19
Andhra Pradesh | East Godavari,2020-10-19,3268.0,covid19
Andhra Pradesh | East Godavari,2020-10-26,2675.0,covid19
Andhra Pradesh | East Godavari,2020-11-02,2554.0,covid19
Andhra Pradesh | East Godavari,2020-11-09,1852.0,covid19
Andhra Pradesh | East Godavari,2020-11-16,1183.0,covid19
Andhra Pradesh | East Godavari,2020-11-23,622.0,covid19
Andhra Pradesh | East Godavari,2021-04-12,3495.0,covid19
Andhra Pradesh | East Godavari,2021-04-19,5956.0,covid19
Andhra Pradesh | East Godavari,2021-04-26,12024.0,covid19
Andhra Pradesh | East Godavari,2021-05-03,15901.0,covid19
Andhra Pradesh | East Godavari,2021-05-10,19869.0,covid19
Andhra Pradesh | East Godavari,2021-05-17,22794.0,covid19
Andhra Pradesh | East Godavari,2021-05-24,17857.0,covid19
Andhra Pradesh | East Godavari,2021-05-31,14989.0,covid19
Andhra Pradesh | East Godavari,2021-06-07,9145.0,covid19
Andhra Pradesh | East Godavari,2021-06-14,7504.0,covid19
Andhra Pradesh | East Godavari,2021-06-21,5829.0,covid19
Andhra Pradesh | East Godavari,2021-06-28,4470.0,covid19
Andhra Pradesh | East Godavari,2021-07-05,4327.0,covid19
Andhra Pradesh | East Godavari,2021-07-12,3165.0,covid19
Andhra Pradesh | East Godavari,2021-07-19,2546.0,covid19
Andhra Pradesh | East Godavari,2021-07-26,2100.0,covid19
Andhra Pradesh | East Godavari,2022-01-10,1585.0,covid19
Andhra Pradesh | East Godavari,2022-01-17,4685.0,covid19
Andhra Pradesh | East Godavari,2022-01-24,6897.0,covid19
Andhra Pradesh | East Godavari,2022-01-31,4526.0,covid19
Andhra Pradesh | East Godavari,2022-02-07,2164.0,covid19
Andhra Pradesh | East Godavari,2022-02-14,685.0,covid19
Andhra Pradesh | East Godavari,2022-02-21,279.0,covid19
Andhra Pradesh | Guntur,2020-07-20,5105.0,covid19
Andhra Pradesh | Guntur,2020-07-27,6305.0,covid19
Andhra Pradesh | Guntur,2020-08-03,5410.0,covid19
Andhra Pradesh | Guntur,2020-08-10,4421.0,covid19
Andhra Pradesh | Guntur,2020-08-17,4253.0,covid19
Andhra Pradesh | Guntur,2020-08-24,4871.0,covid19
Andhra Pradesh | Guntur,2020-08-31,4872.0,covid19
Andhra Pradesh | Guntur,2020-09-07,5203.0,covid19
Andhra Pradesh | Guntur,2020-09-14,4108.0,covid19
Andhra Pradesh | Guntur,2020-09-21,3798.0,covid19
Andhra Pradesh | Guntur,2020-09-28,3544.0,covid19
Andhra Pradesh | Guntur,2020-10-05,3054.0,covid19
Andhra Pradesh | Guntur,2020-10-12,2506.0,covid19
Andhra Pradesh | Guntur,2020-10-19,2703.0,covid19
Andhra Pradesh | Guntur,2020-10-26,2556.0,covid19
Andhra Pradesh | Guntur,2020-11-02,1989.0,covid19
Andhra Pradesh | Guntur,2020-11-09,1400.0,covid19
Andhra Pradesh | Guntur,2021-03-29,1943.0,covid19
Andhra Pradesh | Guntur,2021-04-05,2980.0,covid19
Andhra Pradesh | Guntur,2021-04-12,4527.0,covid19
Andhra Pradesh | Guntur,2021-04-19,9312.0,covid19
Andhra Pradesh | Guntur,2021-04-26,13171.0,covid19
Andhra Pradesh | Guntur,2021-05-03,11469.0,covid19
Andhra Pradesh | Guntur,2021-05-10,12741.0,covid19
Andhra Pradesh | Guntur,2021-05-17,9767.0,covid19
Andhra Pradesh | Guntur,2021-05-24,6100.0,covid19
Andhra Pradesh | Guntur,2021-05-31,4840.0,covid19
Andhra Pradesh | Guntur,2021-06-07,3271.0,covid19
Andhra Pradesh | Guntur,2021-06-14,2421.0,covid19
Andhra Pradesh | Guntur,2021-06-21,1856.0,covid19
Andhra Pradesh | Guntur,2022-01-10,1870.0,covid19
Andhra Pradesh | Guntur,2022-01-17,6836.0,covid19
Andhra Pradesh | Guntur,2022-01-24,9246.0,covid19
Andhra Pradesh | Guntur,2022-01-31,3712.0,covid19
Andhra Pradesh | Guntur,2022-02-07,1066.0,covid19
Andhra Pradesh | Guntur,2022-02-14,366.0,covid19
Andhra Pradesh | Krishna,2020-09-07,2792.0,covid19
Andhra Pradesh | Krishna,2020-09-14,2756.0,covid19
Andhra Pradesh | Krishna,2020-09-21,2457.0,covid19
Andhra Pradesh | Krishna,2020-09-28,2699.0,covid19
Andhra Pradesh | Krishna,2020-10-05,2764.0,covid19
Andhra Pradesh | Krishna,2020-10-12,2648.0,covid19
Andhra Pradesh | Krishna,2020-10-19,2550.0,covid19
Andhra Pradesh | Krishna,2020-10-26,2504.0,covid19
Andhra Pradesh | Krishna,2020-11-02,2152.0,covid19
Andhra Pradesh | Krishna,2020-11-09,1393.0,covid19
Andhra Pradesh | Krishna,2021-04-19,3688.0,covid19
Andhra Pradesh | Krishna,2021-04-26,4318.0,covid19
Andhra Pradesh | Krishna,2021-05-03,6821.0,covid19
Andhra Pradesh | Krishna,2021-05-10,6311.0,covid19
Andhra Pradesh | Krishna,2021-05-17,7154.0,covid19
Andhra Pradesh | Krishna,2021-05-24,4908.0,covid19
Andhra Pradesh | Krishna,2021-05-31,4549.0,covid19
Andhra Pradesh | Krishna,2021-06-07,2763.0,covid19
Andhra Pradesh | Krishna,2021-06-14,2841.0,covid19
Andhra Pradesh | Krishna,2021-06-21,2348.0,covid19
Andhra Pradesh | Krishna,2022-01-10,1334.0,covid19
Andhra Pradesh | Krishna,2022-01-17,2187.0,covid19
Andhra Pradesh | Krishna,2022-01-24,5941.0,covid19
Andhra Pradesh | Krishna,2022-01-31,4022.0,covid19
Andhra Pradesh | Krishna,2022-02-07,1397.0,covid19
Andhra Pradesh | Krishna,2022-02-14,447.0,covid19
Andhra Pradesh | Krishna,2022-02-21,178.0,covid19
Andhra Pradesh | Kurnool,2020-07-13,2640.0,covid19
Andhra Pradesh | Kurnool,2020-07-20,5525.0,covid19
Andhra Pradesh | Kurnool,2020-07-27,7507.0,covid19
Andhra Pradesh | Kurnool,2020-08-03,8354.0,covid19
Andhra Pradesh | Kurnool,2020-08-10,6149.0,covid19
Andhra Pradesh | Kurnool,2020-08-17,5255.0,covid19
Andhra Pradesh | Kurnool,2020-08-24,5224.0,covid19
Andhra Pradesh | Kurnool,2020-08-31,4327.0,covid19
Andhra Pradesh | Kurnool,2020-09-07,3239.0,covid19
Andhra Pradesh | Kurnool,2020-09-14,2404.0,covid19
Andhra Pradesh | Kurnool,2020-09-21,1656.0,covid19
Andhra Pradesh | Kurnool,2020-09-28,1387.0,covid19
Andhra Pradesh | Kurnool,2021-04-12,3062.0,covid19
Andhra Pradesh | Kurnool,2021-04-19,6675.0,covid19
Andhra Pradesh | Kurnool,2021-04-26,7638.0,covid19
Andhra Pradesh | Kurnool,2021-05-03,12260.0,covid19
Andhra Pradesh | Kurnool,2021-05-10,7589.0,covid19
Andhra Pradesh | Kurnool,2021-05-17,7691.0,covid19
Andhra Pradesh | Kurnool,2021-05-24,6738.0,covid19
Andhra Pradesh | Kurnool,2021-05-31,3106.0,covid19
Andhra Pradesh | Kurnool,2021-06-07,1683.0,covid19
Andhra Pradesh | Kurnool,2021-06-14,1314.0,covid19
Andhra Pradesh | Kurnool,2022-01-10,1020.0,covid19
Andhra Pradesh | Kurnool,2022-01-17,4848.0,covid19
Andhra Pradesh | Kurnool,2022-01-24,10661.0,covid19
Andhra Pradesh | Kurnool,2022-01-31,2870.0,covid19
Andhra Pradesh | Kurnool,2022-02-07,413.0,covid19
Andhra Pradesh | Kurnool,2022-02-14,64.0,covid19
Andhra Pradesh | Prakasam,2020-07-27,2404.0,covid19
Andhra Pradesh | Prakasam,2020-08-03,2582.0,covid19
Andhra Pradesh | Prakasam,2020-08-10,3331.0,covid19
Andhra Pradesh | Prakasam,2020-08-17,4715.0,covid19
Andhra Pradesh | Prakasam,2020-08-24,5725.0,covid19
Andhra Pradesh | Prakasam,2020-08-31,6768.0,covid19
Andhra Pradesh | Prakasam,2020-09-07,7368.0,covid19
Andhra Pradesh | Prakasam,2020-09-14,5253.0,covid19
Andhra Pradesh | Prakasam,2020-09-21,5027.0,covid19
Andhra Pradesh | Prakasam,2020-09-28,4179.0,covid19
Andhra Pradesh | Prakasam,2020-10-05,3487.0,covid19
Andhra Pradesh | Prakasam,2020-10-12,2194.0,covid19
Andhra Pradesh | Prakasam,2020-10-19,1977.0,covid19
Andhra Pradesh | Prakasam,2020-10-26,1097.0,covid19
Andhra Pradesh | Prakasam,2021-04-12,2250.0,covid19
Andhra Pradesh | Prakasam,2021-04-19,2409.0,covid19
Andhra Pradesh | Prakasam,2021-04-26,5482.0,covid19
Andhra Pradesh | Prakasam,2021-05-03,9092.0,covid19
Andhra Pradesh | Prakasam,2021-05-10,8648.0,covid19
Andhra Pradesh | Prakasam,2021-05-17,8766.0,covid19
Andhra Pradesh | Prakasam,2021-05-24,6379.0,covid19
Andhra Pradesh | Prakasam,2021-05-31,4417.0,covid19
Andhra Pradesh | Prakasam,2021-06-07,3900.0,covid19
Andhra Pradesh | Prakasam,2021-06-14,3041.0,covid19
Andhra Pradesh | Prakasam,2021-06-21,2256.0,covid19
Andhra Pradesh | Prakasam,2022-01-10,786.0,covid19
Andhra Pradesh | Prakasam,2022-01-17,5341.0,covid19
Andhra Pradesh | Prakasam,2022-01-24,7964.0,covid19
Andhra Pradesh | Prakasam,2022-01-31,1897.0,covid19
Andhra Pradesh | Prakasam,2022-02-07,593.0,covid19
Andhra Pradesh | Prakasam,2022-02-14,236.0,covid19
Andhra Pradesh | S.P.S. Nellore,2020-07-20,1968.0,covid19
Andhra Pradesh | S.P.S. Nellore,2020-07-27,3969.0,covid19
Andhra Pradesh | S.P.S. Nellore,2020-08-03,4897.0,covid19
Andhra Pradesh | S.P.S. Nellore,2020-08-10,3944.0,covid19
Andhra Pradesh | S.P.S. Nellore,2020-08-17,5197.0,covid19
Andhra Pradesh | S.P.S. Nellore,2020-08-24,7233.0,covid19
Andhra Pradesh | S.P.S. Nellore,2020-08-31,7684.0,covid19
Andhra Pradesh | S.P.S. Nellore,2020-09-07,6096.0,covid19
Andhra Pradesh | S.P.S. Nellore,2020-09-14,4353.0,covid19
Andhra Pradesh | S.P.S. Nellore,2020-09-21,3272.0,covid19
Andhra Pradesh | S.P.S. Nellore,2020-09-28,3265.0,covid19
Andhra Pradesh | S.P.S. Nellore,2020-10-05,2414.0,covid19
Andhra Pradesh | S.P.S. Nellore,2020-10-12,1447.0,covid19
Andhra Pradesh | S.P.S. Nellore,2020-10-19,859.0,covid19
Andhra Pradesh | S.P.S. Nellore,2021-04-12,2587.0,covid19
Andhra Pradesh | S.P.S. Nellore,2021-04-19,6697.0,covid19
Andhra Pradesh | S.P.S. Nellore,2021-04-26,8992.0,covid19
Andhra Pradesh | S.P.S. Nellore,2021-05-03,9608.0,covid19
Andhra Pradesh | S.P.S. Nellore,2021-05-10,10694.0,covid19
Andhra Pradesh | S.P.S. Nellore,2021-05-17,8194.0,covid19
Andhra Pradesh | S.P.S. Nellore,2021-05-24,5894.0,covid19
Andhra Pradesh | S.P.S. Nellore,2021-05-31,3535.0,covid19
Andhra Pradesh | S.P.S. Nellore,2021-06-07,2116.0,covid19
Andhra Pradesh | S.P.S. Nellore,2021-06-14,1829.0,covid19
Andhra Pradesh | S.P.S. Nellore,2022-01-10,1687.0,covid19
Andhra Pradesh | S.P.S. Nellore,2022-01-17,5246.0,covid19
Andhra Pradesh | S.P.S. Nellore,2022-01-24,7159.0,covid19
Andhra Pradesh | S.P.S. Nellore,2022-01-31,2176.0,covid19
Andhra Pradesh | S.P.S. Nellore,2022-02-07,363.0,covid19
Andhra Pradesh | S.P.S. Nellore,2022-02-14,132.0,covid19
Andhra Pradesh | Srikakulam,2020-07-06,806.0,covid19
Andhra Pradesh | Srikakulam,2020-07-13,1574.0,covid19
Andhra Pradesh | Srikakulam,2020-07-27,2943.0,covid19
Andhra Pradesh | Srikakulam,2020-08-03,3462.0,covid19
Andhra Pradesh | Srikakulam,2020-08-10,3752.0,covid19
Andhra Pradesh | Srikakulam,2020-08-17,3718.0,covid19
Andhra Pradesh | Srikakulam,2020-08-24,4606.0,covid19
Andhra Pradesh | Srikakulam,2020-08-31,4929.0,covid19
Andhra Pradesh | Srikakulam,2020-09-07,4246.0,covid19
Andhra Pradesh | Srikakulam,2020-09-14,3714.0,covid19
Andhra Pradesh | Srikakulam,2020-09-21,2649.0,covid19
Andhra Pradesh | Srikakulam,2020-09-28,1916.0,covid19
Andhra Pradesh | Srikakulam,2020-10-05,1189.0,covid19
Andhra Pradesh | Srikakulam,2021-04-12,3749.0,covid19
Andhra Pradesh | Srikakulam,2021-04-19,9390.0,covid19
Andhra Pradesh | Srikakulam,2021-04-26,11665.0,covid19
Andhra Pradesh | Srikakulam,2021-05-03,12513.0,covid19
Andhra Pradesh | Srikakulam,2021-05-10,8308.0,covid19
Andhra Pradesh | Srikakulam,2021-05-17,9162.0,covid19
Andhra Pradesh | Srikakulam,2021-05-24,5927.0,covid19
Andhra Pradesh | Srikakulam,2021-05-31,3141.0,covid19
Andhra Pradesh | Srikakulam,2021-06-07,2575.0,covid19
Andhra Pradesh | Srikakulam,2021-06-14,2338.0,covid19
Andhra Pradesh | Srikakulam,2022-01-10,1511.0,covid19
Andhra Pradesh | Srikakulam,2022-01-17,4577.0,covid19
Andhra Pradesh | Srikakulam,2022-01-24,3179.0,covid19
Andhra Pradesh | Srikakulam,2022-01-31,622.0,covid19
Andhra Pradesh | Srikakulam,2022-02-07,101.0,covid19
Andhra Pradesh | Unknown,2022-06-13,3167.0,covid19
Andhra Pradesh | Unknown,2022-07-11,2813.0,covid19
Andhra Pradesh | Unknown,2023-05-08,1478.0,covid19
Andhra Pradesh | Visakhapatnam,2020-07-20,4683.0,covid19
Andhra Pradesh | Visakhapatnam,2020-07-27,6366.0,covid19
Andhra Pradesh | Visakhapatnam,2020-08-03,6346.0,covid19
Andhra Pradesh | Visakhapatnam,2020-08-10,5315.0,covid19
Andhra Pradesh | Visakhapatnam,2020-08-17,4996.0,covid19
Andhra Pradesh | Visakhapatnam,2020-08-24,6256.0,covid19
Andhra Pradesh | Visakhapatnam,2020-08-31,4727.0,covid19
Andhra Pradesh | Visakhapatnam,2020-09-07,3061.0,covid19
Andhra Pradesh | Visakhapatnam,2020-09-14,3002.0,covid19
Andhra Pradesh | Visakhapatnam,2020-09-21,2507.0,covid19
Andhra Pradesh | Visakhapatnam,2020-10-05,1467.0,covid19
Andhra Pradesh | Visakhapatnam,2021-04-05,2199.0,covid19
Andhra Pradesh | Visakhapatnam,2021-04-12,3227.0,covid19
Andhra Pradesh | Visakhapatnam,2021-04-19,5802.0,covid19
Andhra Pradesh | Visakhapatnam,2021-04-26,9327.0,covid19
Andhra Pradesh | Visakhapatnam,2021-05-03,14755.0,covid19
Andhra Pradesh | Visakhapatnam,2021-05-10,14516.0,covid19
Andhra Pradesh | Visakhapatnam,2021-05-17,14319.0,covid19
Andhra Pradesh | Visakhapatnam,2021-05-24,9967.0,covid19
Andhra Pradesh | Visakhapatnam,2021-05-31,5221.0,covid19
Andhra Pradesh | Visakhapatnam,2021-06-07,3181.0,covid19
Andhra Pradesh | Visakhapatnam,2021-06-14,1832.0,covid19
Andhra Pradesh | Visakhapatnam,2021-06-21,1313.0,covid19
Andhra Pradesh | Visakhapatnam,2022-01-03,826.0,covid19
Andhra Pradesh | Visakhapatnam,2022-01-10,5087.0,covid19
Andhra Pradesh | Visakhapatnam,2022-01-17,12686.0,covid19
Andhra Pradesh | Visakhapatnam,2022-01-24,9944.0,covid19
Andhra Pradesh | Visakhapatnam,2022-01-31,2177.0,covid19
Andhra Pradesh | Visakhapatnam,2022-02-07,663.0,covid19
Andhra Pradesh | Visakhapatnam,2022-02-14,280.0,covid19
Andhra Pradesh | Vizianagaram,2020-07-20,1742.0,covid19
Andhra Pradesh | Vizianagaram,2020-08-03,3846.0,covid19
Andhra Pradesh | Vizianagaram,2020-08-10,3827.0,covid19
Andhra Pradesh | Vizianagaram,2020-08-17,3035.0,covid19
Andhra Pradesh | Vizianagaram,2020-08-24,4191.0,covid19
Andhra Pradesh | Vizianagaram,2020-08-31,4052.0,covid19
Andhra Pradesh | Vizianagaram,2020-09-07,4035.0,covid19
Andhra Pradesh | Vizianagaram,2020-09-14,3478.0,covid19
Andhra Pradesh | Vizianagaram,2020-09-21,2755.0,covid19
Andhra Pradesh | Vizianagaram,2020-09-28,1944.0,covid19
Andhra Pradesh | Vizianagaram,2020-10-05,1201.0,covid19
Andhra Pradesh | Vizianagaram,2020-10-12,856.0,covid19
Andhra Pradesh | Vizianagaram,2021-04-12,1567.0,covid19
Andhra Pradesh | Vizianagaram,2021-04-19,3208.0,covid19
Andhra Pradesh | Vizianagaram,2021-04-26,4650.0,covid19
Andhra Pradesh | Vizianagaram,2021-05-03,6886.0,covid19
Andhra Pradesh | Vizianagaram,2021-05-10,5850.0,covid19
Andhra Pradesh | Vizianagaram,2021-05-17,6346.0,covid19
Andhra Pradesh | Vizianagaram,2021-05-24,3585.0,covid19
Andhra Pradesh | Vizianagaram,2021-05-31,1964.0,covid19
Andhra Pradesh | Vizianagaram,2021-06-07,1802.0,covid19
Andhra Pradesh | Vizianagaram,2022-01-03,237.0,covid19
Andhra Pradesh | Vizianagaram,2022-01-10,1131.0,covid19
Andhra Pradesh | Vizianagaram,2022-01-17,3859.0,covid19
Andhra Pradesh | Vizianagaram,2022-01-24,3190.0,covid19
Andhra Pradesh | Vizianagaram,2022-01-31,393.0,covid19
Andhra Pradesh | Vizianagaram,2022-02-07,218.0,covid19
Andhra Pradesh | West Godavari,2020-07-13,1647.0,covid19
Andhra Pradesh | West Godavari,2020-07-20,5075.0,covid19
Andhra Pradesh | West Godavari,2020-07-27,4942.0,covid19
Andhra Pradesh | West Godavari,2020-08-03,4793.0,covid19
Andhra Pradesh | West Godavari,2020-08-10,5435.0,covid19
Andhra Pradesh | West Godavari,2020-08-17,6278.0,covid19
Andhra Pradesh | West Godavari,2020-08-24,6104.0,covid19
Andhra Pradesh | West Godavari,2020-08-31,6939.0,covid19
Andhra Pradesh | West Godavari,2020-09-07,7571.0,covid19
Andhra Pradesh | West Godavari,2020-09-14,7272.0,covid19
Andhra Pradesh | West Godavari,2020-09-21,6687.0,covid19
Andhra Pradesh | West Godavari,2020-09-28,5700.0,covid19
Andhra Pradesh | West Godavari,2020-10-05,4867.0,covid19
Andhra Pradesh | West Godavari,2020-10-12,4131.0,covid19
Andhra Pradesh | West Godavari,2020-10-19,3696.0,covid19
Andhra Pradesh | West Godavari,2020-10-26,3196.0,covid19
Andhra Pradesh | West Godavari,2020-11-02,2653.0,covid19
Andhra Pradesh | West Godavari,2020-11-09,1582.0,covid19
Andhra Pradesh | West Godavari,2020-11-16,1317.0,covid19
Andhra Pradesh | West Godavari,2020-11-23,793.0,covid19
Andhra Pradesh | West Godavari,2021-04-26,5606.0,covid19
Andhra Pradesh | West Godavari,2021-05-03,8516.0,covid19
Andhra Pradesh | West Godavari,2021-05-10,9858.0,covid19
Andhra Pradesh | West Godavari,2021-05-17,12035.0,covid19
Andhra Pradesh | West Godavari,2021-05-24,8230.0,covid19
Andhra Pradesh | West Godavari,2021-05-31,6288.0,covid19
Andhra Pradesh | West Godavari,2021-06-07,4859.0,covid19
Andhra Pradesh | West Godavari,2021-06-14,5018.0,covid19
Andhra Pradesh | West Godavari,2021-06-21,3702.0,covid19
Andhra Pradesh | West Godavari,2021-06-28,2954.0,covid19
Andhra Pradesh | West Godavari,2021-07-05,2322.0,covid19
Andhra Pradesh | West Godavari,2022-01-17,2623.0,covid19
Andhra Pradesh | West Godavari,2022-01-24,4591.0,covid19
Andhra Pradesh | West Godavari,2022-01-31,3344.0,covid19
Andhra Pradesh | West Godavari,2022-02-07,938.0,covid19
Andhra Pradesh | West Godavari,2022-02-14,708.0,covid19
Andhra Pradesh | Y.S.R. Kadapa,2020-07-20,2111.0,covid19
Andhra Pradesh | Y.S.R. Kadapa,2020-07-27,4062.0,covid19
Andhra Pradesh | Y.S.R. Kadapa,2020-08-03,4618.0,covid19
Andhra Pradesh | Y.S.R. Kadapa,2020-08-10,3371.0,covid19
Andhra Pradesh | Y.S.R. Kadapa,2020-08-17,3715.0,covid19
Andhra Pradesh | Y.S.R. Kadapa,2020-08-24,5176.0,covid19
Andhra Pradesh | Y.S.R. Kadapa,2020-08-31,5782.0,covid19
Andhra Pradesh | Y.S.R. Kadapa,2020-09-07,4684.0,covid19
Andhra Pradesh | Y.S.R. Kadapa,2020-09-14,3366.0,covid19
Andhra Pradesh | Y.S.R. Kadapa,2020-09-21,3330.0,covid19
Andhra Pradesh | Y.S.R. Kadapa,2020-09-28,2595.0,covid19
Andhra Pradesh | Y.S.R. Kadapa,2020-10-05,2563.0,covid19
Andhra Pradesh | Y.S.R. Kadapa,2020-10-12,1844.0,covid19
Andhra Pradesh | Y.S.R. Kadapa,2020-10-19,1304.0,covid19
Andhra Pradesh | Y.S.R. Kadapa,2021-04-26,4631.0,covid19
Andhra Pradesh | Y.S.R. Kadapa,2021-05-03,6860.0,covid19
Andhra Pradesh | Y.S.R. Kadapa,2021-05-10,11064.0,covid19
Andhra Pradesh | Y.S.R. Kadapa,2021-05-17,6558.0,covid19
Andhra Pradesh | Y.S.R. Kadapa,2021-05-24,4874.0,covid19
Andhra Pradesh | Y.S.R. Kadapa,2021-05-31,3679.0,covid19
Andhra Pradesh | Y.S.R. Kadapa,2021-06-07,3526.0,covid19
Andhra Pradesh | Y.S.R. Kadapa,2021-06-14,2667.0,covid19
Andhra Pradesh | Y.S.R. Kadapa,2022-01-10,1048.0,covid19
Andhra Pradesh | Y.S.R. Kadapa,2022-01-17,3835.0,covid19
Andhra Pradesh | Y.S.R. Kadapa,2022-01-24,10367.0,covid19
Andhra Pradesh | Y.S.R. Kadapa,2022-01-31,2872.0,covid19
Andhra Pradesh | Y.S.R. Kadapa,2022-02-07,433.0,covid19
Andhra Pradesh | Y.S.R. Kadapa,2022-02-14,115.0,covid19
Arunachal Pradesh | Changlang,2022-01-03,5.0,covid19
Arunachal Pradesh | Changlang,2022-01-10,97.0,covid19
Arunachal Pradesh | East Kameng,2022-01-10,5.0,covid19
Arunachal Pradesh | Kamle,2022-01-10,5.0,covid19
Arunachal Pradesh | Lohit,2022-01-03,31.0,covid19
Arunachal Pradesh | Longding,2022-01-17,34.0,covid19
Arunachal Pradesh | Lower Dibang Valley,2022-01-03,4.0,covid19
Arunachal Pradesh | Lower Dibang Valley,2022-01-10,72.0,covid19
Arunachal Pradesh | Lower Siang,2022-01-10,17.0,covid19
Arunachal Pradesh | Lower Subansiri,2022-01-10,35.0,covid19
Arunachal Pradesh | Pakke Kessang,2022-01-24,20843.0,covid19
Arunachal Pradesh | Pakke Kessang,2022-01-31,10.0,covid19
Arunachal Pradesh | Pakke Kessang,2022-02-07,1.0,covid19
Arunachal Pradesh | Pakke Kessang,2022-02-14,1.0,covid19
Arunachal Pradesh | Papum Pare,2022-01-10,462.0,covid19
Arunachal Pradesh | Papum Pare,2022-01-17,20570.0,covid19
Arunachal Pradesh | Papum Pare,2022-01-24,21912.0,covid19
Arunachal Pradesh | Papum Pare,2022-01-31,467.0,covid19
Arunachal Pradesh | Papum Pare,2022-02-07,126.0,covid19
Arunachal Pradesh | Papum Pare,2022-02-14,43.0,covid19
Arunachal Pradesh | Shi Yomi,2020-11-02,59.0,covid19
Arunachal Pradesh | Shi Yomi,2022-01-17,19560.0,covid19
Arunachal Pradesh | Shi Yomi,2022-01-24,12.0,covid19
Arunachal Pradesh | Shi Yomi,2022-01-31,2.0,covid19
Arunachal Pradesh | Shi Yomi,2022-02-07,1.0,covid19
Arunachal Pradesh | Tirap,2021-12-06,772.0,covid19
Arunachal Pradesh | Tirap,2022-01-24,888.0,covid19
Arunachal Pradesh | Upper Dibang Valley,2020-10-05,12.0,covid19
Arunachal Pradesh | Upper Dibang Valley,2021-12-06,772.0,covid19
Arunachal Pradesh | Upper Dibang Valley,2022-01-17,704.0,covid19
Arunachal Pradesh | Upper Siang,2022-01-17,710.0,covid19
Arunachal Pradesh | West Kameng,2022-01-03,23.0,covid19
Arunachal Pradesh | West Kameng,2022-01-10,150.0,covid19
Arunachal Pradesh | West Siang,2022-01-03,13.0,covid19
Assam | Unknown,2020-06-29,4244.0,covid19
Assam | Unknown,2020-07-06,5070.0,covid19
Assam | Unknown,2020-07-13,7193.0,covid19
Assam | Unknown,2020-07-20,8229.0,covid19
Assam | Unknown,2020-07-27,10676.0,covid19
Assam | Unknown,2020-08-03,15933.0,covid19
Assam | Unknown,2020-08-10,18038.0,covid19
Assam | Unknown,2020-08-17,13865.0,covid19
Assam | Unknown,2020-08-24,15034.0,covid19
Assam | Unknown,2020-08-31,19685.0,covid19
Assam | Unknown,2020-09-07,16303.0,covid19
Assam | Unknown,2020-09-14,14917.0,covid19
Assam | Unknown,2020-09-21,13305.0,covid19
Assam | Unknown,2020-09-28,16215.0,covid19
Assam | Unknown,2020-10-05,7583.0,covid19
Assam | Unknown,2020-10-12,6926.0,covid19
Assam | Unknown,2020-10-19,3462.0,covid19
Assam | Unknown,2020-10-26,2346.0,covid19
Assam | Unknown,2020-11-02,2272.0,covid19
Assam | Unknown,2020-11-09,1479.0,covid19
Assam | Unknown,2021-04-05,1640.0,covid19
Assam | Unknown,2021-04-12,4145.0,covid19
Assam | Unknown,2021-04-19,13078.0,covid19
Assam | Unknown,2021-04-26,21428.0,covid19
Assam | Unknown,2021-05-03,33407.0,covid19
Assam | Unknown,2021-05-10,36261.0,covid19
Assam | Unknown,2021-05-17,40554.0,covid19
Assam | Unknown,2021-05-24,37685.0,covid19
Assam | Unknown,2021-05-31,28074.0,covid19
Assam | Unknown,2021-06-07,24555.0,covid19
Assam | Unknown,2021-06-14,23008.0,covid19
Assam | Unknown,2021-06-21,18139.0,covid19
Assam | Unknown,2021-06-28,16550.0,covid19
Assam | Unknown,2021-07-05,16469.0,covid19
Assam | Unknown,2021-07-12,13620.0,covid19
Assam | Unknown,2021-07-19,11208.0,covid19
Assam | Unknown,2021-07-26,8491.0,covid19
Assam | Unknown,2021-08-02,7118.0,covid19
Assam | Unknown,2021-08-09,5799.0,covid19
Assam | Unknown,2021-08-16,4535.0,covid19
Assam | Unknown,2021-08-23,3884.0,covid19
Assam | Unknown,2021-08-30,3662.0,covid19
Assam | Unknown,2021-09-06,3125.0,covid19
Assam | Unknown,2021-09-13,2863.0,covid19
Assam | Unknown,2021-09-20,2651.0,covid19
Assam | Unknown,2021-09-27,2286.0,covid19
Assam | Unknown,2021-10-04,2064.0,covid19
Assam | Unknown,2021-10-18,2121.0,covid19
Assam | Unknown,2022-01-03,5670.0,covid19
Assam | Unknown,2022-01-10,19994.0,covid19
Assam | Unknown,2022-01-17,46076.0,covid19
Assam | Unknown,2022-01-24,21784.0,covid19
Assam | Unknown,2022-01-31,6785.0,covid19
Assam | Unknown,2022-02-07,2115.0,covid19
Assam | Unknown,2022-02-14,454.0,covid19
Assam | Unknown,2022-02-21,161.0,covid19
Assam | Unknown,2022-07-11,3602.0,covid19
Assam | Unknown,2022-07-18,4718.0,covid19
Assam | Unknown,2022-07-25,4145.0,covid19
Assam | Unknown,2022-08-01,2496.0,covid19
Assam | Unknown,2022-08-08,1302.0,covid19
Assam | Unknown,2022-08-15,757.0,covid19
Bihar | Araria,2022-01-03,112.0,covid19
Bihar | Araria,2022-01-10,438.0,covid19
Bihar | Arwal,2022-01-03,129.0,covid19
Bihar | Arwal,2022-10-24,5.0,covid19
Bihar | Aurangabad,2021-04-12,1132.0,covid19
Bihar | Aurangabad,2021-04-19,3715.0,covid19
Bihar | Aurangabad,2021-04-26,3477.0,covid19
Bihar | Aurangabad,2021-05-03,2941.0,covid19
Bihar | Aurangabad,2021-05-10,1386.0,covid19
Bihar | Aurangabad,2021-12-27,11.0,covid19
Bihar | Aurangabad,2022-01-03,167.0,covid19
Bihar | Aurangabad,2022-01-10,550.0,covid19
Bihar | Banka,2021-12-27,5.0,covid19
Bihar | Banka,2022-01-03,141.0,covid19
Bihar | Banka,2022-01-10,449.0,covid19
Bihar | Begusarai,2021-04-12,1298.0,covid19
Bihar | Begusarai,2021-04-19,3361.0,covid19
Bihar | Begusarai,2021-04-26,4557.0,covid19
Bihar | Begusarai,2021-05-03,3580.0,covid19
Bihar | Begusarai,2021-05-10,2409.0,covid19
Bihar | Begusarai,2021-05-17,1648.0,covid19
Bihar | Begusarai,2022-01-03,612.0,covid19
Bihar | Begusarai,2022-01-10,1314.0,covid19
Bihar | Bhagalpur,2021-04-12,2576.0,covid19
Bihar | Bhagalpur,2021-04-19,3452.0,covid19
Bihar | Bhagalpur,2021-04-26,3112.0,covid19
Bihar | Bhagalpur,2021-05-03,2885.0,covid19
Bihar | Bhagalpur,2022-01-03,261.0,covid19
Bihar | Bhagalpur,2022-01-10,1321.0,covid19
Bihar | Bhojpur,2022-01-03,265.0,covid19
Bihar | Buxar,2021-04-12,711.0,covid19
Bihar | Buxar,2021-11-15,4.0,covid19
Bihar | Buxar,2021-12-27,5.0,covid19
Bihar | Buxar,2022-01-03,86.0,covid19
Bihar | Buxar,2022-01-10,354.0,covid19
Bihar | Darbhanga,2022-01-03,310.0,covid19
Bihar | Darbhanga,2022-01-10,1156.0,covid19
Bihar | East Champaran,2021-04-12,824.0,covid19
Bihar | East Champaran,2022-01-03,217.0,covid19
Bihar | East Champaran,2022-01-10,677.0,covid19
Bihar | Gaya,2021-04-05,1204.0,covid19
Bihar | Gaya,2021-04-12,3158.0,covid19
Bihar | Gaya,2021-04-19,6061.0,covid19
Bihar | Gaya,2021-04-26,6421.0,covid19
Bihar | Gaya,2021-05-03,4119.0,covid19
Bihar | Gaya,2021-05-10,2283.0,covid19
Bihar | Gaya,2021-05-17,1445.0,covid19
Bihar | Gaya,2021-12-27,279.0,covid19
Bihar | Gaya,2022-01-03,1367.0,covid19
Bihar | Gopalganj,2021-04-26,2122.0,covid19
Bihar | Gopalganj,2021-12-27,4.0,covid19
Bihar | Gopalganj,2022-01-03,64.0,covid19
Bihar | Jamui,2021-12-27,18.0,covid19
Bihar | Jamui,2022-01-03,215.0,covid19
Bihar | Jamui,2022-01-10,789.0,covid19
Bihar | Jehanabad,2021-12-27,31.0,covid19
Bihar | Jehanabad,2022-01-03,329.0,covid19
Bihar | Kaimur,2022-01-03,70.0,covid19
Bihar | Kaimur,2022-01-10,338.0,covid19
Bihar | Katihar,2021-04-19,1329.0,covid19
Bihar | Katihar,2022-01-03,259.0,covid19
Bihar | Katihar,2022-01-10,652.0,covid19
Bihar | Khagaria,2021-04-19,1128.0,covid19
Bihar | Khagaria,2021-12-27,8.0,covid19
Bihar | Khagaria,2022-01-10,271.0,covid19
Bihar | Kishanganj,2022-01-03,167.0,covid19
Bihar | Kishanganj,2022-01-10,518.0,covid19
Bihar | Lakhisarai,2021-12-27,9.0,covid19
Bihar | Lakhisarai,2022-01-03,158.0,covid19
Bihar | Madhepura,2021-12-27,11.0,covid19
Bihar | Madhepura,2022-01-03,134.0,covid19
Bihar | Madhepura,2022-01-10,776.0,covid19
Bihar | Madhubani,2021-04-19,1245.0,covid19
Bihar | Madhubani,2021-04-26,2075.0,covid19
Bihar | Madhubani,2021-12-27,4.0,covid19
Bihar | Madhubani,2022-01-03,244.0,covid19
Bihar | Madhubani,2022-01-10,644.0,covid19
Bihar | Munger,2021-04-12,1052.0,covid19
Bihar | Munger,2021-04-19,2159.0,covid19
Bihar | Munger,2021-12-27,50.0,covid19
Bihar | Munger,2022-01-10,1273.0,covid19
Bihar | Muzaffarpur,2021-04-05,744.0,covid19
Bihar | Muzaffarpur,2021-04-12,2040.0,covid19
Bihar | Muzaffarpur,2021-04-19,3607.0,covid19
Bihar | Muzaffarpur,2021-04-26,3231.0,covid19
Bihar | Muzaffarpur,2021-05-03,3887.0,covid19
Bihar | Muzaffarpur,2021-05-10,2239.0,covid19
Bihar | Muzaffarpur,2022-01-03,861.0,covid19
Bihar | Muzaffarpur,2022-01-10,2062.0,covid19
Bihar | Nalanda,2021-04-19,2175.0,covid19
Bihar | Nalanda,2021-04-26,3770.0,covid19
Bihar | Nalanda,2021-05-03,3695.0,covid19
Bihar | Nalanda,2021-05-17,1202.0,covid19
Bihar | Nalanda,2022-01-03,483.0,covid19
Bihar | Nalanda,2022-01-10,985.0,covid19
Bihar | Nawada,2021-12-27,7.0,covid19
Bihar | Nawada,2022-01-03,130.0,covid19
Bihar | Patna,2020-07-13,1828.0,covid19
Bihar | Patna,2020-07-20,2818.0,covid19
Bihar | Patna,2020-07-27,3310.0,covid19
Bihar | Patna,2020-08-03,3664.0,covid19
Bihar | Patna,2020-08-10,3133.0,covid19
Bihar | Patna,2020-08-17,2265.0,covid19
Bihar | Patna,2020-08-24,2003.0,covid19
Bihar | Patna,2021-03-29,1433.0,covid19
Bihar | Patna,2021-04-05,5713.0,covid19
Bihar | Patna,2021-04-12,11650.0,covid19
Bihar | Patna,2021-04-19,17682.0,covid19
Bihar | Patna,2021-04-26,17758.0,covid19
Bihar | Patna,2021-05-03,17599.0,covid19
Bihar | Patna,2021-05-10,9324.0,covid19
Bihar | Patna,2021-05-17,7320.0,covid19
Bihar | Patna,2021-05-24,2220.0,covid19
Bihar | Patna,2021-05-31,910.0,covid19
Bihar | Patna,2021-06-07,380.0,covid19
Bihar | Patna,2021-12-27,502.0,covid19
Bihar | Patna,2022-01-03,8608.0,covid19
Bihar | Patna,2022-01-10,15282.0,covid19
Bihar | Patna,2022-01-17,5817.0,covid19
Bihar | Patna,2022-01-24,1636.0,covid19
Bihar | Patna,2022-01-31,783.0,covid19
Bihar | Patna,2022-02-07,372.0,covid19
Bihar | Purnia,2021-04-19,2258.0,covid19
Bihar | Purnia,2021-04-26,3363.0,covid19
Bihar | Purnia,2021-05-03,2511.0,covid19
Bihar | Purnia,2022-01-03,147.0,covid19
Bihar | Purnia,2022-01-10,965.0,covid19
Bihar | Rohtas,2022-01-03,205.0,covid19
Bihar | Saharsa,2021-04-12,982.0,covid19
Bihar | Saharsa,2021-12-27,9.0,covid19
Bihar | Saharsa,2022-01-03,206.0,covid19
Bihar | Saharsa,2022-01-10,1024.0,covid19
Bihar | Samastipur,2021-04-26,2483.0,covid19
Bihar | Samastipur,2021-05-03,3357.0,covid19
Bihar | Samastipur,2021-05-10,2940.0,covid19
Bihar | Samastipur,2022-01-03,352.0,covid19
Bihar | Samastipur,2022-01-10,1956.0,covid19
Bihar | Samastipur,2022-01-17,1707.0,covid19
Bihar | Saran,2021-04-12,1418.0,covid19
Bihar | Saran,2021-04-19,3699.0,covid19
Bihar | Saran,2021-04-26,3397.0,covid19
Bihar | Saran,2021-05-03,3030.0,covid19
Bihar | Saran,2021-10-25,5.0,covid19
Bihar | Saran,2021-12-27,7.0,covid19
Bihar | Saran,2022-01-03,336.0,covid19
Bihar | Saran,2022-01-10,1123.0,covid19
Bihar | Sheikhpura,2022-01-03,48.0,covid19
Bihar | Sheohar,2022-01-03,30.0,covid19
Bihar | Sitamarhi,2022-01-03,248.0,covid19
Bihar | Siwan,2022-01-03,112.0,covid19
Bihar | Siwan,2022-01-10,594.0,covid19
Bihar | Supaul,2021-04-19,1361.0,covid19
Bihar | Supaul,2021-04-26,2567.0,covid19
Bihar | Supaul,2021-05-03,2422.0,covid19
Bihar | Supaul,2021-12-27,6.0,covid19
Bihar | Supaul,2022-01-03,94.0,covid19
Bihar | Supaul,2022-01-10,418.0,covid19
Bihar | Unknown,2023-05-08,3582.0,covid19
Bihar | Unknown,2023-06-26,355.0,covid19
Bihar | Vaishali,2021-04-19,1905.0,covid19
Bihar | Vaishali,2021-04-26,2403.0,covid19
Bihar | Vaishali,2021-05-03,4150.0,covid19
Bihar | Vaishali,2021-05-10,2471.0,covid19
Bihar | Vaishali,2022-01-03,301.0,covid19
Bihar | Vaishali,2022-01-10,814.0,covid19
Bihar | West Champaran,2021-04-12,1015.0,covid19
Bihar | West Champaran,2021-04-19,2371.0,covid19
Bihar | West Champaran,2021-04-26,4011.0,covid19
Bihar | West Champaran,2021-05-03,3692.0,covid19
Bihar | West Champaran,2021-05-10,1741.0,covid19
Bihar | West Champaran,2021-05-17,1004.0,covid19
Bihar | West Champaran,2021-12-27,4.0,covid19
Bihar | West Champaran,2022-01-03,154.0,covid19
Bihar | West Champaran,2022-01-10,584.0,covid19
Chandigarh | Chandigarh,2021-04-12,3191.0,covid19
Chandigarh | Chandigarh,2021-04-19,4758.0,covid19
Chandigarh | Chandigarh,2021-04-26,5614.0,covid19
Chandigarh | Chandigarh,2021-05-03,5901.0,covid19
Chandigarh | Chandigarh,2021-05-10,5160.0,covid19
Chandigarh | Chandigarh,2021-05-17,3122.0,covid19
Chandigarh | Chandigarh,2021-05-24,1433.0,covid19
Chandigarh | Chandigarh,2021-05-31,737.0,covid19
Chandigarh | Chandigarh,2021-08-16,3037.0,covid19
Chandigarh | Unknown,2022-01-03,2360.0,covid19
Chandigarh | Unknown,2022-01-10,9207.0,covid19
Chandigarh | Unknown,2022-01-17,8064.0,covid19
Chandigarh | Unknown,2022-01-24,3452.0,covid19
Chandigarh | Unknown,2022-01-31,1571.0,covid19
Chandigarh | Unknown,2022-02-07,623.0,covid19
Chhattisgarh | Balod,2021-04-05,2091.0,covid19
Chhattisgarh | Balod,2021-04-19,3070.0,covid19
Chhattisgarh | Balod,2021-04-26,2938.0,covid19
Chhattisgarh | Balod,2021-05-03,2805.0,covid19
Chhattisgarh | Balod,2022-01-10,363.0,covid19
Chhattisgarh | Baloda Bazar,2021-04-05,3171.0,covid19
Chhattisgarh | Baloda Bazar,2021-04-12,5033.0,covid19
Chhattisgarh | Baloda Bazar,2021-04-19,5384.0,covid19
Chhattisgarh | Baloda Bazar,2021-04-26,5547.0,covid19
Chhattisgarh | Baloda Bazar,2021-05-03,4856.0,covid19
Chhattisgarh | Baloda Bazar,2021-05-10,3478.0,covid19
Chhattisgarh | Baloda Bazar,2021-05-17,1758.0,covid19
Chhattisgarh | Baloda Bazar,2021-05-24,1029.0,covid19
Chhattisgarh | Baloda Bazar,2022-01-03,124.0,covid19
Chhattisgarh | Balrampur,2021-04-19,2045.0,covid19
Chhattisgarh | Balrampur,2021-05-03,2881.0,covid19
Chhattisgarh | Balrampur,2022-01-03,88.0,covid19
Chhattisgarh | Bametara,2021-04-05,2229.0,covid19
Chhattisgarh | Bametara,2021-04-12,2648.0,covid19
Chhattisgarh | Bametara,2022-01-03,33.0,covid19
Chhattisgarh | Bastar,2021-01-25,1296.0,covid19
Chhattisgarh | Bastar,2022-01-10,321.0,covid19
Chhattisgarh | Bastar,2022-01-17,842.0,covid19
Chhattisgarh | Bijapur,2021-11-15,4305.0,covid19
Chhattisgarh | Bijapur,2021-11-22,1.0,covid19
Chhattisgarh | Bijapur,2021-11-29,1.0,covid19
Chhattisgarh | Bijapur,2021-12-06,11.0,covid19
Chhattisgarh | Bijapur,2022-01-03,68.0,covid19
Chhattisgarh | Bilaspur,2020-09-07,1621.0,covid19
Chhattisgarh | Bilaspur,2021-01-25,1764.0,covid19
Chhattisgarh | Bilaspur,2021-04-05,4456.0,covid19
Chhattisgarh | Bilaspur,2021-04-12,7627.0,covid19
Chhattisgarh | Bilaspur,2021-04-19,8161.0,covid19
Chhattisgarh | Bilaspur,2021-04-26,8572.0,covid19
Chhattisgarh | Bilaspur,2021-05-03,6015.0,covid19
Chhattisgarh | Bilaspur,2021-05-10,2981.0,covid19
Chhattisgarh | Bilaspur,2021-05-17,1215.0,covid19
Chhattisgarh | Bilaspur,2021-05-24,567.0,covid19
Chhattisgarh | Bilaspur,2021-12-27,218.0,covid19
Chhattisgarh | Bilaspur,2022-01-03,1854.0,covid19
Chhattisgarh | Bilaspur,2022-01-10,2871.0,covid19
Chhattisgarh | Bilaspur,2022-01-17,2024.0,covid19
Chhattisgarh | Bilaspur,2022-01-24,1370.0,covid19
Chhattisgarh | Dakshin Bastar Dantewada,2022-01-10,346.0,covid19
Chhattisgarh | Dhamtari,2021-04-05,2048.0,covid19
Chhattisgarh | Dhamtari,2021-04-12,2390.0,covid19
Chhattisgarh | Dhamtari,2021-04-19,3092.0,covid19
Chhattisgarh | Dhamtari,2021-05-03,2865.0,covid19
Chhattisgarh | Dhamtari,2022-01-03,129.0,covid19
Chhattisgarh | Dhamtari,2022-01-17,950.0,covid19
Chhattisgarh | Durg,2020-09-14,2182.0,covid19
Chhattisgarh | Durg,2021-01-25,1838.0,covid19
Chhattisgarh | Durg,2021-03-15,1967.0,covid19
Chhattisgarh | Durg,2021-03-22,5766.0,covid19
Chhattisgarh | Durg,2021-03-29,6289.0,covid19
Chhattisgarh | Durg,2021-04-05,12511.0,covid19
Chhattisgarh | Durg,2021-04-12,11934.0,covid19
Chhattisgarh | Durg,2021-04-19,11856.0,covid19
Chhattisgarh | Durg,2021-04-26,8289.0,covid19
Chhattisgarh | Durg,2021-05-03,4418.0,covid19
Chhattisgarh | Durg,2021-05-10,2165.0,covid19
Chhattisgarh | Durg,2021-05-17,995.0,covid19
Chhattisgarh | Durg,2021-05-24,430.0,covid19
Chhattisgarh | Durg,2022-01-03,1590.0,covid19
Chhattisgarh | Durg,2022-01-10,4920.0,covid19
Chhattisgarh | Durg,2022-01-17,5526.0,covid19
Chhattisgarh | Durg,2022-01-24,4164.0,covid19
Chhattisgarh | Durg,2022-01-31,1752.0,covid19
Chhattisgarh | Durg,2022-02-07,626.0,covid19
Chhattisgarh | Durg,2022-02-14,224.0,covid19
Chhattisgarh | Gariaband,2021-04-05,1162.0,covid19
Chhattisgarh | Gariaband,2021-04-12,3413.0,covid19
Chhattisgarh | Gariaband,2021-04-19,2586.0,covid19
Chhattisgarh | Gariaband,2021-04-26,2541.0,covid19
Chhattisgarh | Gaurela Pendra Marwahi,2022-01-10,264.0,covid19
Chhattisgarh | Janjgir Champa,2021-04-05,1857.0,covid19
Chhattisgarh | Janjgir Champa,2021-04-12,4211.0,covid19
Chhattisgarh | Janjgir Champa,2021-04-19,5573.0,covid19
Chhattisgarh | Janjgir Champa,2021-04-26,6842.0,covid19
Chhattisgarh | Janjgir Champa,2021-05-03,7629.0,covid19
Chhattisgarh | Janjgir Champa,2021-05-10,4082.0,covid19
Chhattisgarh | Janjgir Champa,2021-05-17,2324.0,covid19
Chhattisgarh | Janjgir Champa,2021-05-24,1224.0,covid19
Chhattisgarh | Janjgir Champa,2022-01-03,748.0,covid19
Chhattisgarh | Janjgir Champa,2022-01-10,1677.0,covid19
Chhattisgarh | Janjgir Champa,2022-01-17,1457.0,covid19
Chhattisgarh | Jashpur,2021-04-19,2881.0,covid19
Chhattisgarh | Jashpur,2021-04-26,3345.0,covid19
Chhattisgarh | Jashpur,2021-05-03,3935.0,covid19
Chhattisgarh | Jashpur,2021-05-10,2927.0,covid19
Chhattisgarh | Jashpur,2022-01-03,689.0,covid19
Chhattisgarh | Jashpur,2022-01-10,1273.0,covid19
Chhattisgarh | Kabeerdham,2021-04-05,2037.0,covid19
Chhattisgarh | Kabeerdham,2021-04-12,2743.0,covid19
Chhattisgarh | Kabeerdham,2021-04-19,2450.0,covid19
Chhattisgarh | Kabeerdham,2021-04-26,3191.0,covid19
Chhattisgarh | Kabeerdham,2022-01-03,67.0,covid19
Chhattisgarh | Kondagaon,2022-01-03,20.0,covid19
Chhattisgarh | Kondagaon,2022-01-10,228.0,covid19
Chhattisgarh | Kondagaon,2022-01-17,605.0,covid19
Chhattisgarh | Korba,2021-04-05,2598.0,covid19
Chhattisgarh | Korba,2021-04-12,5674.0,covid19
Chhattisgarh | Korba,2021-04-19,5852.0,covid19
Chhattisgarh | Korba,2021-04-26,7571.0,covid19
Chhattisgarh | Korba,2021-05-03,6713.0,covid19
Chhattisgarh | Korba,2021-05-10,3625.0,covid19
Chhattisgarh | Korba,2021-05-17,1966.0,covid19
Chhattisgarh | Korba,2021-05-24,839.0,covid19
Chhattisgarh | Korba,2022-01-03,1166.0,covid19
Chhattisgarh | Korba,2022-01-10,2930.0,covid19
Chhattisgarh | Korba,2022-01-17,1746.0,covid19
Chhattisgarh | Korba,2022-01-24,909.0,covid19
Chhattisgarh | Koriya,2021-04-26,3199.0,covid19
Chhattisgarh | Koriya,2021-05-03,4012.0,covid19
Chhattisgarh | Koriya,2021-05-10,3400.0,covid19
Chhattisgarh | Koriya,2021-05-17,2841.0,covid19
Chhattisgarh | Koriya,2021-05-24,1413.0,covid19
Chhattisgarh | Koriya,2022-01-03,274.0,covid19
Chhattisgarh | Mahasamund,2021-03-29,1198.0,covid19
Chhattisgarh | Mahasamund,2021-04-05,3165.0,covid19
Chhattisgarh | Mahasamund,2021-04-12,2582.0,covid19
Chhattisgarh | Mahasamund,2021-04-19,2807.0,covid19
Chhattisgarh | Mahasamund,2021-04-26,3629.0,covid19
Chhattisgarh | Mahasamund,2021-05-03,3353.0,covid19
Chhattisgarh | Mungeli,2021-04-05,979.0,covid19
Chhattisgarh | Mungeli,2021-04-12,2246.0,covid19
Chhattisgarh | Mungeli,2021-04-19,3017.0,covid19
Chhattisgarh | Mungeli,2021-04-26,3947.0,covid19
Chhattisgarh | Mungeli,2021-05-03,4116.0,covid19
Chhattisgarh | Mungeli,2021-05-10,2743.0,covid19
Chhattisgarh | Mungeli,2021-05-17,1229.0,covid19
Chhattisgarh | Mungeli,2021-05-24,788.0,covid19
Chhattisgarh | Mungeli,2022-01-03,105.0,covid19
Chhattisgarh | Narayanpur,2021-11-15,19625.0,covid19
Chhattisgarh | Narayanpur,2021-11-22,0.0,covid19
Chhattisgarh | Narayanpur,2021-11-29,0.0,covid19
Chhattisgarh | Narayanpur,2021-12-06,0.0,covid19
Chhattisgarh | Narayanpur,2022-01-10,135.0,covid19
Chhattisgarh | Narayanpur,2022-10-03,4.0,covid19
Chhattisgarh | Other State,2021-11-15,7515.0,covid19
Chhattisgarh | Other State,2021-11-22,3.0,covid19
Chhattisgarh | Other State,2021-11-29,0.0,covid19
Chhattisgarh | Other State,2021-12-06,3.0,covid19
Chhattisgarh | Raigarh,2021-01-25,1466.0,covid19
Chhattisgarh | Raigarh,2021-04-05,1754.0,covid19
Chhattisgarh | Raigarh,2021-04-12,3665.0,covid19
Chhattisgarh | Raigarh,2021-04-19,6654.0,covid19
Chhattisgarh | Raigarh,2021-04-26,7142.0,covid19
Chhattisgarh | Raigarh,2021-05-03,7509.0,covid19
Chhattisgarh | Raigarh,2021-05-10,4802.0,covid19
Chhattisgarh | Raigarh,2021-05-17,2606.0,covid19
Chhattisgarh | Raigarh,2021-05-24,1439.0,covid19
Chhattisgarh | Raigarh,2021-05-31,877.0,covid19
Chhattisgarh | Raigarh,2022-01-03,1694.0,covid19
Chhattisgarh | Raigarh,2022-01-10,3645.0,covid19
Chhattisgarh | Raigarh,2022-01-17,2870.0,covid19
Chhattisgarh | Raigarh,2022-01-24,1191.0,covid19
Chhattisgarh | Raigarh,2022-01-31,553.0,covid19
Chhattisgarh | Raipur,2020-08-24,3611.0,covid19
Chhattisgarh | Raipur,2020-08-31,5236.0,covid19
Chhattisgarh | Raipur,2020-09-07,5638.0,covid19
Chhattisgarh | Raipur,2020-09-14,5861.0,covid19
Chhattisgarh | Raipur,2020-09-21,4528.0,covid19
Chhattisgarh | Raipur,2020-09-28,2958.0,covid19
Chhattisgarh | Raipur,2020-10-05,2239.0,covid19
Chhattisgarh | Raipur,2020-10-12,1653.0,covid19
Chhattisgarh | Raipur,2020-10-19,1340.0,covid19
Chhattisgarh | Raipur,2021-03-15,2235.0,covid19
Chhattisgarh | Raipur,2021-03-22,3835.0,covid19
Chhattisgarh | Raipur,2021-03-29,8693.0,covid19
Chhattisgarh | Raipur,2021-04-05,19407.0,covid19
Chhattisgarh | Raipur,2021-04-12,24948.0,covid19
Chhattisgarh | Raipur,2021-04-19,17711.0,covid19
Chhattisgarh | Raipur,2021-04-26,9315.0,covid19
Chhattisgarh | Raipur,2021-05-03,5941.0,covid19
Chhattisgarh | Raipur,2021-05-10,3684.0,covid19
Chhattisgarh | Raipur,2021-05-17,2009.0,covid19
Chhattisgarh | Raipur,2021-05-24,842.0,covid19
Chhattisgarh | Raipur,2021-12-27,272.0,covid19
Chhattisgarh | Raipur,2022-01-03,4561.0,covid19
Chhattisgarh | Raipur,2022-01-10,11210.0,covid19
Chhattisgarh | Raipur,2022-01-17,9686.0,covid19
Chhattisgarh | Raipur,2022-01-24,5788.0,covid19
Chhattisgarh | Raipur,2022-01-31,2249.0,covid19
Chhattisgarh | Raipur,2022-02-07,940.0,covid19
Chhattisgarh | Raipur,2022-02-14,396.0,covid19
Chhattisgarh | Rajnandgaon,2020-09-07,1740.0,covid19
Chhattisgarh | Rajnandgaon,2021-03-22,1127.0,covid19
Chhattisgarh | Rajnandgaon,2021-03-29,2162.0,covid19
Chhattisgarh | Rajnandgaon,2021-04-05,6639.0,covid19
Chhattisgarh | Rajnandgaon,2021-04-12,7708.0,covid19
Chhattisgarh | Rajnandgaon,2021-04-19,5913.0,covid19
Chhattisgarh | Rajnandgaon,2021-04-26,5347.0,covid19
Chhattisgarh | Rajnandgaon,2021-05-03,3533.0,covid19
Chhattisgarh | Rajnandgaon,2021-05-10,1562.0,covid19
Chhattisgarh | Rajnandgaon,2021-05-17,678.0,covid19
Chhattisgarh | Rajnandgaon,2022-01-03,412.0,covid19
Chhattisgarh | Rajnandgaon,2022-01-10,1482.0,covid19
Chhattisgarh | Rajnandgaon,2022-01-17,1894.0,covid19
Chhattisgarh | Sukma,2021-11-15,2803.0,covid19
Chhattisgarh | Sukma,2021-11-22,0.0,covid19
Chhattisgarh | Sukma,2021-11-29,0.0,covid19
Chhattisgarh | Sukma,2021-12-06,1.0,covid19
Chhattisgarh | Sukma,2022-01-03,136.0,covid19
Chhattisgarh | Surajpur,2021-04-26,2833.0,covid19
Chhattisgarh | Surajpur,2021-05-03,3876.0,covid19
Chhattisgarh | Surajpur,2021-05-10,3777.0,covid19
Chhattisgarh | Surajpur,2021-05-17,2745.0,covid19
Chhattisgarh | Surajpur,2021-05-24,1639.0,covid19
Chhattisgarh | Surguja,2021-04-19,3746.0,covid19
Chhattisgarh | Surguja,2021-04-26,3542.0,covid19
Chhattisgarh | Surguja,2021-05-03,3990.0,covid19
Chhattisgarh | Surguja,2021-05-10,3174.0,covid19
Chhattisgarh | Surguja,2021-05-17,2342.0,covid19
Chhattisgarh | Surguja,2022-01-03,306.0,covid19
Chhattisgarh | Surguja,2022-01-10,1025.0,covid19
Chhattisgarh | Unknown,2023-04-10,1847.0,covid19
Chhattisgarh | Unknown,2023-04-17,3120.0,covid19
Chhattisgarh | Unknown,2023-04-24,2544.0,covid19
Chhattisgarh | Unknown,2023-05-08,9719.0,covid19
Chhattisgarh | Unknown,2023-05-15,218.0,covid19
Chhattisgarh | Unknown,2023-05-22,115.0,covid19
Chhattisgarh | Unknown,2023-05-29,42.0,covid19
Chhattisgarh | Unknown,2023-06-26,411.0,covid19
Chhattisgarh | Uttar Bastar Kanker,2021-04-05,1253.0,covid19
Chhattisgarh | Uttar Bastar Kanker,2021-04-19,3103.0,covid19
Chhattisgarh | Uttar Bastar Kanker,2021-04-26,3399.0,covid19
Chhattisgarh | Uttar Bastar Kanker,2021-05-03,3349.0,covid19
Chhattisgarh | Uttar Bastar Kanker,2021-11-15,15575.0,covid19
Chhattisgarh | Uttar Bastar Kanker,2021-11-22,2.0,covid19
Chhattisgarh | Uttar Bastar Kanker,2021-11-29,7.0,covid19
Chhattisgarh | Uttar Bastar Kanker,2021-12-06,7.0,covid19
Chhattisgarh | Uttar Bastar Kanker,2022-01-03,68.0,covid19
Chhattisgarh | Uttar Bastar Kanker,2022-01-10,493.0,covid19
Chhattisgarh | Uttar Bastar Kanker,2022-01-17,1004.0,covid19
Delhi | Delhi,2020-04-27,1631.0,covid19
Delhi | Delhi,2020-05-04,2374.0,covid19
Delhi | Delhi,2020-05-11,2832.0,covid19
Delhi | Delhi,2020-05-18,3663.0,covid19
Delhi | Delhi,2020-05-25,6426.0,covid19
Delhi | Delhi,2020-06-01,9092.0,covid19
Delhi | Delhi,2020-06-08,12246.0,covid19
Delhi | Delhi,2020-06-15,18564.0,covid19
Delhi | Delhi,2020-06-22,23331.0,covid19
Delhi | Delhi,2020-06-29,16367.0,covid19
Delhi | Delhi,2020-07-06,13050.0,covid19
Delhi | Delhi,2020-07-13,10299.0,covid19
Delhi | Delhi,2020-07-20,7813.0,covid19
Delhi | Delhi,2020-07-27,7071.0,covid19
Delhi | Delhi,2020-08-03,7750.0,covid19
Delhi | Delhi,2020-08-10,7153.0,covid19
Delhi | Delhi,2020-08-17,8886.0,covid19
Delhi | Delhi,2020-08-24,11924.0,covid19
Delhi | Delhi,2020-08-31,18059.0,covid19
Delhi | Delhi,2020-09-07,26855.0,covid19
Delhi | Delhi,2020-09-14,28407.0,covid19
Delhi | Delhi,2020-09-21,24403.0,covid19
Delhi | Delhi,2020-09-28,19499.0,covid19
Delhi | Delhi,2020-10-05,18726.0,covid19
Delhi | Delhi,2020-10-12,21678.0,covid19
Delhi | Delhi,2020-10-19,25639.0,covid19
Delhi | Delhi,2020-10-26,35714.0,covid19
Delhi | Delhi,2020-11-02,46159.0,covid19
Delhi | Delhi,2020-11-09,46876.0,covid19
Delhi | Delhi,2020-11-16,44458.0,covid19
Delhi | Delhi,2020-11-23,36785.0,covid19
Delhi | Delhi,2020-11-30,25602.0,covid19
Delhi | Delhi,2020-12-07,15204.0,covid19
Delhi | Delhi,2020-12-14,9551.0,covid19
Delhi | Delhi,2020-12-21,5846.0,covid19
Delhi | Delhi,2020-12-28,4021.0,covid19
Delhi | Delhi,2021-01-04,3328.0,covid19
Delhi | Delhi,2021-01-11,2229.0,covid19
Delhi | Delhi,2021-01-18,1495.0,covid19
Delhi | Delhi,2021-01-25,1172.0,covid19
Delhi | Delhi,2021-03-08,2595.0,covid19
Delhi | Delhi,2021-03-15,4288.0,covid19
Delhi | Delhi,2021-03-22,9731.0,covid19
Delhi | Delhi,2021-03-29,18699.0,covid19
Delhi | Delhi,2021-04-05,48783.0,covid19
Delhi | Delhi,2021-04-12,128263.0,covid19
Delhi | Delhi,2021-04-19,174255.0,covid19
Delhi | Delhi,2021-04-26,167231.0,covid19
Delhi | Delhi,2021-05-03,128621.0,covid19
Delhi | Delhi,2021-05-10,70300.0,covid19
Delhi | Delhi,2021-05-17,23001.0,covid19
Delhi | Delhi,2021-05-24,8724.0,covid19
Delhi | Delhi,2021-05-31,3652.0,covid19
Delhi | Delhi,2021-06-07,1895.0,covid19
Delhi | Delhi,2021-06-14,1153.0,covid19
Delhi | Unknown,2021-12-20,1155.0,covid19
Delhi | Unknown,2021-12-27,10769.0,covid19
Delhi | Unknown,2022-01-03,95609.0,covid19
Delhi | Unknown,2022-01-10,160240.0,covid19
Delhi | Unknown,2022-01-17,81741.0,covid19
Delhi | Unknown,2022-01-24,35778.0,covid19
Delhi | Unknown,2022-01-31,16444.0,covid19
Delhi | Unknown,2022-02-07,7387.0,covid19
Delhi | Unknown,2022-02-14,4751.0,covid19
Delhi | Unknown,2022-02-21,3563.0,covid19
Delhi | Unknown,2022-02-28,2078.0,covid19
Delhi | Unknown,2022-03-07,1222.0,covid19
Delhi | Unknown,2022-04-11,2307.0,covid19
Delhi | Unknown,2022-04-18,6326.0,covid19
Delhi | Unknown,2022-04-25,9684.0,covid19
Delhi | Unknown,2022-05-02,9694.0,covid19
Delhi | Unknown,2022-05-09,6104.0,covid19
Delhi | Unknown,2022-05-16,3196.0,covid19
Delhi | Unknown,2022-05-23,2757.0,covid19
Delhi | Unknown,2022-05-30,2419.0,covid19
Delhi | Unknown,2022-06-06,4068.0,covid19
Delhi | Unknown,2022-06-13,9291.0,covid19
Delhi | Unknown,2022-06-20,9309.0,covid19
Delhi | Unknown,2022-06-27,5615.0,covid19
Delhi | Unknown,2022-07-04,3722.0,covid19
Delhi | Unknown,2022-07-11,3280.0,covid19
Delhi | Unknown,2022-07-18,4477.0,covid19
Delhi | Unknown,2022-07-25,7279.0,covid19
Delhi | Unknown,2022-08-01,13756.0,covid19
Delhi | Unknown,2022-08-08,15068.0,covid19
Delhi | Unknown,2022-08-15,9228.0,covid19
Delhi | Unknown,2022-08-22,4821.0,covid19
Delhi | Unknown,2022-08-29,1997.0,covid19
Delhi | Unknown,2022-09-05,1065.0,covid19
Delhi | Unknown,2022-09-12,746.0,covid19
Delhi | Unknown,2022-10-24,1874.0,covid19
Delhi | Unknown,2023-03-27,2009.0,covid19
Delhi | Unknown,2023-04-03,3896.0,covid19
Delhi | Unknown,2023-04-10,8590.0,covid19
Delhi | Unknown,2023-04-17,10145.0,covid19
Delhi | Unknown,2023-04-24,5350.0,covid19
Delhi | Unknown,2023-05-01,1393.0,covid19
Delhi | Unknown,2023-05-08,30783.0,covid19
Delhi | Unknown,2023-05-15,142.0,covid19
Delhi | Unknown,2023-05-22,75.0,covid19
Delhi | Unknown,2023-05-29,32.0,covid19
Goa | Unknown,2020-08-10,2927.0,covid19
Goa | Unknown,2020-08-24,3005.0,covid19
Goa | Unknown,2020-08-31,3825.0,covid19
Goa | Unknown,2020-09-07,3763.0,covid19
Goa | Unknown,2020-09-14,3837.0,covid19
Goa | Unknown,2020-09-21,3529.0,covid19
Goa | Unknown,2020-09-28,3370.0,covid19
Goa | Unknown,2020-10-05,3038.0,covid19
Goa | Unknown,2020-10-12,2221.0,covid19
Goa | Unknown,2020-10-19,1655.0,covid19
Goa | Unknown,2020-10-26,1526.0,covid19
Goa | Unknown,2021-04-05,3236.0,covid19
Goa | Unknown,2021-04-12,4908.0,covid19
Goa | Unknown,2021-04-19,10265.0,covid19
Goa | Unknown,2021-04-26,17908.0,covid19
Goa | Unknown,2021-05-03,23461.0,covid19
Goa | Unknown,2021-05-10,17010.0,covid19
Goa | Unknown,2021-05-17,10604.0,covid19
Goa | Unknown,2021-05-24,8604.0,covid19
Goa | Unknown,2021-05-31,4329.0,covid19
Goa | Unknown,2021-06-07,3075.0,covid19
Goa | Unknown,2021-06-14,1968.0,covid19
Goa | Unknown,2021-06-21,1662.0,covid19
Goa | Unknown,2021-12-27,1520.0,covid19
Goa | Unknown,2022-01-03,8339.0,covid19
Goa | Unknown,2022-01-10,20566.0,covid19
Goa | Unknown,2022-01-17,18963.0,covid19
Goa | Unknown,2022-01-24,8968.0,covid19
Goa | Unknown,2022-01-31,4032.0,covid19
Goa | Unknown,2022-02-07,1734.0,covid19
Goa | Unknown,2022-02-14,541.0,covid19
Goa | Unknown,2022-02-21,288.0,covid19
Goa | Unknown,2023-05-08,3085.0,covid19
Gujarat | Ahmedabad,2020-04-27,1636.0,covid19
Gujarat | Ahmedabad,2020-05-11,2602.0,covid19
Gujarat | Ahmedabad,2020-11-16,1966.0,covid19
Gujarat | Ahmedabad,2020-11-23,2456.0,covid19
Gujarat | Ahmedabad,2020-11-30,2265.0,covid19
Gujarat | Ahmedabad,2020-12-07,1931.0,covid19
Gujarat | Ahmedabad,2020-12-14,1624.0,covid19
Gujarat | Ahmedabad,2020-12-21,1381.0,covid19
Gujarat | Ahmedabad,2020-12-28,1129.0,covid19
Gujarat | Ahmedabad,2021-03-15,2232.0,covid19
Gujarat | Ahmedabad,2021-03-22,3907.0,covid19
Gujarat | Ahmedabad,2021-03-29,4432.0,covid19
Gujarat | Ahmedabad,2021-04-05,7692.0,covid19
Gujarat | Ahmedabad,2021-04-12,19308.0,covid19
Gujarat | Ahmedabad,2021-04-19,36098.0,covid19
Gujarat | Ahmedabad,2021-04-26,37706.0,covid19
Gujarat | Ahmedabad,2021-05-03,27864.0,covid19
Gujarat | Ahmedabad,2021-05-10,19777.0,covid19
Gujarat | Ahmedabad,2021-05-17,8813.0,covid19
Gujarat | Ahmedabad,2021-05-24,2613.0,covid19
Gujarat | Ahmedabad,2021-05-31,1427.0,covid19
Gujarat | Ahmedabad,2021-06-07,612.0,covid19
Gujarat | Ahmedabad,2021-12-27,2118.0,covid19
Gujarat | Ahmedabad,2022-01-03,12877.0,covid19
Gujarat | Ahmedabad,2022-01-10,21629.0,covid19
Gujarat | Ahmedabad,2022-01-17,52386.0,covid19
Gujarat | Ahmedabad,2022-01-24,31496.0,covid19
Gujarat | Ahmedabad,2022-01-31,16431.0,covid19
Gujarat | Ahmedabad,2022-02-07,5165.0,covid19
Gujarat | Ahmedabad,2022-02-14,1842.0,covid19
Gujarat | Ahmedabad,2022-02-21,813.0,covid19
Gujarat | Ahmedabad,2022-02-28,321.0,covid19
Gujarat | Amreli,2022-01-17,817.0,covid19
Gujarat | Anand,2022-01-03,609.0,covid19
Gujarat | Anand,2022-01-17,2113.0,covid19
Gujarat | Aravalli,2022-01-03,66.0,covid19
Gujarat | Banaskantha,2021-04-19,1772.0,covid19
Gujarat | Banaskantha,2021-12-06,4.0,covid19
Gujarat | Banaskantha,2022-01-10,339.0,covid19
Gujarat | Banaskantha,2022-01-17,1206.0,covid19
Gujarat | Bharuch,2021-12-27,44.0,covid19
Gujarat | Bharuch,2022-01-03,283.0,covid19
Gujarat | Bharuch,2022-01-10,1006.0,covid19
Gujarat | Bharuch,2022-01-17,2329.0,covid19
Gujarat | Bhavnagar,2021-04-26,3465.0,covid19
Gujarat | Bhavnagar,2021-05-03,2901.0,covid19
Gujarat | Bhavnagar,2022-01-03,367.0,covid19
Gujarat | Bhavnagar,2022-01-10,1578.0,covid19
Gujarat | Bhavnagar,2022-01-17,3196.0,covid19
Gujarat | Bhavnagar,2022-01-24,1745.0,covid19
Gujarat | Bhavnagar,2022-01-31,554.0,covid19
Gujarat | Chhota Udaipur,2022-01-03,11.0,covid19
Gujarat | Dahod,2021-12-27,7.0,covid19
Gujarat | Dahod,2022-01-03,76.0,covid19
Gujarat | Dang,2022-01-03,5.0,covid19
Gujarat | Gandhinagar,2021-11-01,4.0,covid19
Gujarat | Gandhinagar,2022-01-03,658.0,covid19
Gujarat | Gandhinagar,2022-01-10,1838.0,covid19
Gujarat | Gandhinagar,2022-01-17,4439.0,covid19
Gujarat | Gandhinagar,2022-01-24,3582.0,covid19
Gujarat | Gandhinagar,2022-01-31,2427.0,covid19
Gujarat | Gandhinagar,2022-02-07,801.0,covid19
Gujarat | Gandhinagar,2022-02-14,232.0,covid19
Gujarat | Gir Somnath,2022-01-10,359.0,covid19
Gujarat | Jamnagar,2021-04-12,2213.0,covid19
Gujarat | Jamnagar,2021-04-19,3865.0,covid19
Gujarat | Jamnagar,2021-04-26,4985.0,covid19
Gujarat | Jamnagar,2021-05-03,4864.0,covid19
Gujarat | Jamnagar,2021-05-10,3140.0,covid19
Gujarat | Jamnagar,2021-05-17,1474.0,covid19
Gujarat | Jamnagar,2021-05-24,644.0,covid19
Gujarat | Jamnagar,2022-01-10,992.0,covid19
Gujarat | Jamnagar,2022-01-17,2903.0,covid19
Gujarat | Jamnagar,2022-01-24,1715.0,covid19
Gujarat | Junagadh,2021-05-03,2928.0,covid19
Gujarat | Junagadh,2021-05-10,3384.0,covid19
Gujarat | Junagadh,2022-01-03,161.0,covid19
Gujarat | Kheda,2021-12-27,128.0,covid19
Gujarat | Kheda,2022-01-03,443.0,covid19
Gujarat | Kutch,2022-01-03,398.0,covid19
Gujarat | Kutch,2022-01-17,1707.0,covid19
Gujarat | Kutch,2022-01-24,1703.0,covid19
Gujarat | Mahisagar,2021-12-27,28.0,covid19
Gujarat | Mehsana,2021-04-12,1734.0,covid19
Gujarat | Mehsana,2021-04-19,3346.0,covid19
Gujarat | Mehsana,2021-04-26,3194.0,covid19
Gujarat | Mehsana,2021-05-03,3933.0,covid19
Gujarat | Mehsana,2021-05-10,2481.0,covid19
Gujarat | Mehsana,2022-01-03,169.0,covid19
Gujarat | Mehsana,2022-01-10,723.0,covid19
Gujarat | Mehsana,2022-01-17,1822.0,covid19
Gujarat | Mehsana,2022-01-24,1883.0,covid19
Gujarat | Morbi,2021-12-27,27.0,covid19
Gujarat | Morbi,2022-01-03,168.0,covid19
Gujarat | Morbi,2022-01-17,1697.0,covid19
Gujarat | Narmada,2022-01-03,37.0,covid19
Gujarat | Navsari,2022-01-10,890.0,covid19
Gujarat | Navsari,2022-01-17,1765.0,covid19
Gujarat | Panchmahal,2022-01-03,144.0,covid19
Gujarat | Patan,2022-01-10,372.0,covid19
Gujarat | Patan,2022-01-17,1237.0,covid19
Gujarat | Patan,2022-01-24,1780.0,covid19
Gujarat | Porbandar,2022-01-17,372.0,covid19
Gujarat | Rajkot,2021-04-05,3120.0,covid19
Gujarat | Rajkot,2021-04-12,4671.0,covid19
Gujarat | Rajkot,2021-04-19,4784.0,covid19
Gujarat | Rajkot,2021-04-26,4093.0,covid19
Gujarat | Rajkot,2021-05-03,4434.0,covid19
Gujarat | Rajkot,2021-05-10,4070.0,covid19
Gujarat | Rajkot,2021-05-17,2061.0,covid19
Gujarat | Rajkot,2021-05-24,1385.0,covid19
Gujarat | Rajkot,2022-01-03,1284.0,covid19
Gujarat | Rajkot,2022-01-10,2943.0,covid19
Gujarat | Rajkot,2022-01-17,9353.0,covid19
Gujarat | Rajkot,2022-01-24,8268.0,covid19
Gujarat | Rajkot,2022-01-31,3064.0,covid19
Gujarat | Rajkot,2022-02-07,851.0,covid19
Gujarat | Rajkot,2022-02-14,195.0,covid19
Gujarat | Sabarkantha,2021-12-20,4.0,covid19
Gujarat | Surat,2020-11-23,1983.0,covid19
Gujarat | Surat,2020-11-30,1753.0,covid19
Gujarat | Surat,2021-03-15,2746.0,covid19
Gujarat | Surat,2021-03-22,4550.0,covid19
Gujarat | Surat,2021-03-29,4735.0,covid19
Gujarat | Surat,2021-04-05,7082.0,covid19
Gujarat | Surat,2021-04-12,12929.0,covid19
Gujarat | Surat,2021-04-19,16713.0,covid19
Gujarat | Surat,2021-04-26,14535.0,covid19
Gujarat | Surat,2021-05-03,9607.0,covid19
Gujarat | Surat,2021-05-10,6556.0,covid19
Gujarat | Surat,2021-05-17,3215.0,covid19
Gujarat | Surat,2021-05-24,2180.0,covid19
Gujarat | Surat,2021-05-31,1184.0,covid19
Gujarat | Surat,2021-12-27,745.0,covid19
Gujarat | Surat,2022-01-03,7524.0,covid19
Gujarat | Surat,2022-01-10,18232.0,covid19
Gujarat | Surat,2022-01-17,22303.0,covid19
Gujarat | Surat,2022-01-24,7764.0,covid19
Gujarat | Surat,2022-01-31,2695.0,covid19
Gujarat | Surat,2022-02-07,949.0,covid19
Gujarat | Surat,2022-02-14,346.0,covid19
Gujarat | Surendranagar,2022-01-10,276.0,covid19
Gujarat | Surendranagar,2022-01-17,774.0,covid19
Gujarat | Unknown,2023-03-20,1749.0,covid19
Gujarat | Unknown,2023-03-27,2410.0,covid19
Gujarat | Unknown,2023-05-08,9045.0,covid19
Gujarat | Unknown,2023-05-15,90.0,covid19
Gujarat | Unknown,2023-05-22,37.0,covid19
Gujarat | Unknown,2023-05-29,29.0,covid19
Gujarat | Vadodara,2021-04-05,2877.0,covid19
Gujarat | Vadodara,2021-04-12,3384.0,covid19
Gujarat | Vadodara,2021-04-19,4929.0,covid19
Gujarat | Vadodara,2021-04-26,5494.0,covid19
Gujarat | Vadodara,2021-05-03,7342.0,covid19
Gujarat | Vadodara,2021-05-10,7530.0,covid19
Gujarat | Vadodara,2021-05-17,4148.0,covid19
Gujarat | Vadodara,2021-05-24,3201.0,covid19
Gujarat | Vadodara,2021-05-31,1695.0,covid19
Gujarat | Vadodara,2021-06-07,786.0,covid19
Gujarat | Vadodara,2022-01-03,1454.0,covid19
Gujarat | Vadodara,2022-01-10,6898.0,covid19
Gujarat | Vadodara,2022-01-17,18634.0,covid19
Gujarat | Vadodara,2022-01-24,19253.0,covid19
Gujarat | Vadodara,2022-01-31,10079.0,covid19
Gujarat | Vadodara,2022-02-07,3031.0,covid19
Gujarat | Vadodara,2022-02-14,1196.0,covid19
Gujarat | Vadodara,2022-02-21,370.0,covid19
Gujarat | Valsad,2022-01-03,506.0,covid19
Gujarat | Valsad,2022-01-10,1662.0,covid19
Gujarat | Valsad,2022-01-17,2468.0,covid19
Haryana | Ambala,2021-05-03,3262.0,covid19
Haryana | Ambala,2021-12-27,120.0,covid19
Haryana | Ambala,2022-01-03,1160.0,covid19
Haryana | Ambala,2022-01-10,3345.0,covid19
Haryana | Ambala,2022-01-17,3252.0,covid19
Haryana | Ambala,2022-01-24,1676.0,covid19
Haryana | Ambala,2022-01-31,589.0,covid19
Haryana | Ambala,2022-07-11,527.0,covid19
Haryana | Bhiwani,2021-05-03,3748.0,covid19
Haryana | Bhiwani,2021-05-10,3627.0,covid19
Haryana | Bhiwani,2021-05-17,2543.0,covid19
Haryana | Bhiwani,2021-05-24,1157.0,covid19
Haryana | Bhiwani,2022-01-03,87.0,covid19
Haryana | Bhiwani,2022-01-10,582.0,covid19
Haryana | Bhiwani,2022-01-17,1110.0,covid19
Haryana | Charkhi Dadri,2021-12-27,4.0,covid19
Haryana | Charkhi Dadri,2022-01-10,285.0,covid19
Haryana | Faridabad,2020-11-02,2513.0,covid19
Haryana | Faridabad,2020-11-09,4127.0,covid19
Haryana | Faridabad,2020-11-16,4608.0,covid19
Haryana | Faridabad,2020-11-23,3311.0,covid19
Haryana | Faridabad,2020-11-30,2232.0,covid19
Haryana | Faridabad,2020-12-07,1527.0,covid19
Haryana | Faridabad,2020-12-14,982.0,covid19
Haryana | Faridabad,2020-12-21,435.0,covid19
Haryana | Faridabad,2021-04-12,5502.0,covid19
Haryana | Faridabad,2021-04-19,9546.0,covid19
Haryana | Faridabad,2021-04-26,10980.0,covid19
Haryana | Faridabad,2021-05-03,11823.0,covid19
Haryana | Faridabad,2021-05-10,7325.0,covid19
Haryana | Faridabad,2021-05-17,2518.0,covid19
Haryana | Faridabad,2021-05-24,903.0,covid19
Haryana | Faridabad,2021-05-31,544.0,covid19
Haryana | Faridabad,2021-12-27,320.0,covid19
Haryana | Faridabad,2022-01-03,2745.0,covid19
Haryana | Faridabad,2022-01-10,8496.0,covid19
Haryana | Faridabad,2022-01-17,8314.0,covid19
Haryana | Faridabad,2022-01-24,3768.0,covid19
Haryana | Faridabad,2022-01-31,1683.0,covid19
Haryana | Faridabad,2022-02-07,727.0,covid19
Haryana | Faridabad,2022-02-14,368.0,covid19
Haryana | Faridabad,2022-07-11,2377.0,covid19
Haryana | Fatehabad,2021-12-27,4.0,covid19
Haryana | Fatehabad,2022-01-03,74.0,covid19
Haryana | Fatehabad,2022-01-10,326.0,covid19
Haryana | Gurugram,2020-09-14,2579.0,covid19
Haryana | Gurugram,2020-10-19,2226.0,covid19
Haryana | Gurugram,2020-10-26,2912.0,covid19
Haryana | Gurugram,2020-11-02,4215.0,covid19
Haryana | Gurugram,2020-11-09,4645.0,covid19
Haryana | Gurugram,2020-11-16,4819.0,covid19
Haryana | Gurugram,2020-11-23,4892.0,covid19
Haryana | Gurugram,2020-11-30,3052.0,covid19
Haryana | Gurugram,2020-12-07,2455.0,covid19
Haryana | Gurugram,2020-12-14,1161.0,covid19
Haryana | Gurugram,2020-12-21,693.0,covid19
Haryana | Gurugram,2020-12-28,523.0,covid19
Haryana | Gurugram,2021-03-29,2657.0,covid19
Haryana | Gurugram,2021-04-05,5188.0,covid19
Haryana | Gurugram,2021-04-12,11584.0,covid19
Haryana | Gurugram,2021-04-19,21559.0,covid19
Haryana | Gurugram,2021-04-26,27358.0,covid19
Haryana | Gurugram,2021-05-03,25860.0,covid19
Haryana | Gurugram,2021-05-10,16013.0,covid19
Haryana | Gurugram,2021-05-17,6122.0,covid19
Haryana | Gurugram,2021-05-24,1197.0,covid19
Haryana | Gurugram,2021-05-31,478.0,covid19
Haryana | Gurugram,2021-06-07,182.0,covid19
Haryana | Gurugram,2021-12-27,1404.0,covid19
Haryana | Gurugram,2022-01-03,9386.0,covid19
Haryana | Gurugram,2022-01-10,21365.0,covid19
Haryana | Gurugram,2022-01-17,20558.0,covid19
Haryana | Gurugram,2022-01-24,12169.0,covid19
Haryana | Gurugram,2022-01-31,5991.0,covid19
Haryana | Gurugram,2022-02-07,2810.0,covid19
Haryana | Gurugram,2022-02-14,1671.0,covid19
Haryana | Gurugram,2022-02-21,1255.0,covid19
Haryana | Gurugram,2022-04-25,2902.0,covid19
Haryana | Gurugram,2022-05-02,2763.0,covid19
Haryana | Gurugram,2022-07-11,9905.0,covid19
Haryana | Gurugram,2022-07-18,1216.0,covid19
Haryana | Gurugram,2022-07-25,1413.0,covid19
Haryana | Gurugram,2022-08-01,2345.0,covid19
Haryana | Gurugram,2022-08-08,3151.0,covid19
Haryana | Gurugram,2022-08-15,2791.0,covid19
Haryana | Hisar,2021-04-12,2257.0,covid19
Haryana | Hisar,2021-04-19,4932.0,covid19
Haryana | Hisar,2021-04-26,6050.0,covid19
Haryana | Hisar,2021-05-03,8518.0,covid19
Haryana | Hisar,2021-05-10,6888.0,covid19
Haryana | Hisar,2021-05-17,4385.0,covid19
Haryana | Hisar,2021-05-24,1544.0,covid19
Haryana | Hisar,2021-05-31,616.0,covid19
Haryana | Hisar,2021-06-07,275.0,covid19
Haryana | Hisar,2022-01-03,308.0,covid19
Haryana | Hisar,2022-01-10,1141.0,covid19
Haryana | Hisar,2022-01-17,2465.0,covid19
Haryana | Hisar,2022-01-24,1889.0,covid19
Haryana | Hisar,2022-07-11,407.0,covid19
Haryana | Jhajjar,2021-12-27,20.0,covid19
Haryana | Jhajjar,2022-01-03,300.0,covid19
Haryana | Jhajjar,2022-01-10,992.0,covid19
Haryana | Jhajjar,2022-01-17,1340.0,covid19
Haryana | Jind,2021-04-26,3643.0,covid19
Haryana | Jind,2021-05-03,2505.0,covid19
Haryana | Jind,2021-12-27,9.0,covid19
Haryana | Jind,2022-01-03,137.0,covid19
Haryana | Jind,2022-01-10,612.0,covid19
Haryana | Jind,2022-01-17,1101.0,covid19
Haryana | Jind,2022-07-11,208.0,covid19
Haryana | Kaithal,2022-01-03,118.0,covid19
Haryana | Kaithal,2022-01-10,476.0,covid19
Haryana | Kaithal,2022-01-17,973.0,covid19
Haryana | Kaithal,2022-07-11,215.0,covid19
Haryana | Karnal,2021-04-12,2807.0,covid19
Haryana | Karnal,2021-04-19,3604.0,covid19
Haryana | Karnal,2021-04-26,5304.0,covid19
Haryana | Karnal,2021-05-03,4117.0,covid19
Haryana | Karnal,2021-05-10,3424.0,covid19
Haryana | Karnal,2021-05-17,1833.0,covid19
Haryana | Karnal,2021-05-24,948.0,covid19
Haryana | Karnal,2022-01-03,781.0,covid19
Haryana | Karnal,2022-01-10,2533.0,covid19
Haryana | Karnal,2022-01-17,2678.0,covid19
Haryana | Karnal,2022-01-24,1300.0,covid19
Haryana | Karnal,2022-07-11,536.0,covid19
Haryana | Kurukshetra,2022-01-03,262.0,covid19
Haryana | Kurukshetra,2022-01-10,870.0,covid19
Haryana | Kurukshetra,2022-01-17,1488.0,covid19
Haryana | Kurukshetra,2022-07-11,225.0,covid19
Haryana | Mahendragarh,2021-04-26,2881.0,covid19
Haryana | Mahendragarh,2021-05-03,4731.0,covid19
Haryana | Mahendragarh,2021-05-10,3807.0,covid19
Haryana | Mahendragarh,2021-05-17,1850.0,covid19
Haryana | Mahendragarh,2021-05-24,536.0,covid19
Haryana | Mahendragarh,2021-12-27,5.0,covid19
Haryana | Mahendragarh,2022-01-10,248.0,covid19
Haryana | Mahendragarh,2022-01-17,734.0,covid19
Haryana | Nuh,2021-12-27,7.0,covid19
Haryana | Nuh,2022-01-03,58.0,covid19
Haryana | Nuh,2022-07-11,6136.0,covid19
Haryana | Nuh,2022-07-18,0.0,covid19
Haryana | Nuh,2022-07-25,3.0,covid19
Haryana | Nuh,2022-08-01,8.0,covid19
Haryana | Palwal,2022-01-03,48.0,covid19
Haryana | Panchkula,2021-05-03,3243.0,covid19
Haryana | Panchkula,2022-01-03,1608.0,covid19
Haryana | Panchkula,2022-01-10,3889.0,covid19
Haryana | Panchkula,2022-01-17,3891.0,covid19
Haryana | Panchkula,2022-01-24,2148.0,covid19
Haryana | Panchkula,2022-01-31,894.0,covid19
Haryana | Panchkula,2022-02-07,349.0,covid19
Haryana | Panchkula,2022-07-11,1331.0,covid19
Haryana | Panipat,2021-04-19,2982.0,covid19
Haryana | Panipat,2021-04-26,4085.0,covid19
Haryana | Panipat,2021-05-03,4253.0,covid19
Haryana | Panipat,2021-05-10,3384.0,covid19
Haryana | Panipat,2021-05-17,1491.0,covid19
Haryana | Panipat,2021-05-24,524.0,covid19
Haryana | Panipat,2022-01-03,273.0,covid19
Haryana | Panipat,2022-01-10,1311.0,covid19
Haryana | Panipat,2022-01-17,1815.0,covid19
Haryana | Panipat,2022-07-11,184.0,covid19
Haryana | Rewari,2021-12-27,13.0,covid19
Haryana | Rewari,2022-01-03,180.0,covid19
Haryana | Rewari,2022-01-10,633.0,covid19
Haryana | Rewari,2022-01-17,1645.0,covid19
Haryana | Rohtak,2021-04-26,2503.0,covid19
Haryana | Rohtak,2021-05-10,2841.0,covid19
Haryana | Rohtak,2021-12-27,36.0,covid19
Haryana | Rohtak,2022-01-03,444.0,covid19
Haryana | Rohtak,2022-01-10,1116.0,covid19
Haryana | Rohtak,2022-01-17,1857.0,covid19
Haryana | Rohtak,2022-07-11,314.0,covid19
Haryana | Sirsa,2021-04-26,3378.0,covid19
Haryana | Sirsa,2021-05-03,4194.0,covid19
Haryana | Sirsa,2021-05-10,4520.0,covid19
Haryana | Sirsa,2021-05-17,2459.0,covid19
Haryana | Sirsa,2021-05-24,1481.0,covid19
Haryana | Sirsa,2021-05-31,639.0,covid19
Haryana | Sirsa,2022-01-03,139.0,covid19
Haryana | Sirsa,2022-01-10,756.0,covid19
Haryana | Sirsa,2022-01-17,1314.0,covid19
Haryana | Sirsa,2022-07-11,252.0,covid19
Haryana | Sonipat,2021-04-12,2834.0,covid19
Haryana | Sonipat,2021-04-19,5332.0,covid19
Haryana | Sonipat,2021-04-26,6127.0,covid19
Haryana | Sonipat,2021-05-03,7551.0,covid19
Haryana | Sonipat,2021-05-10,4865.0,covid19
Haryana | Sonipat,2021-05-17,2470.0,covid19
Haryana | Sonipat,2021-05-24,812.0,covid19
Haryana | Sonipat,2021-05-31,277.0,covid19
Haryana | Sonipat,2021-12-27,65.0,covid19
Haryana | Sonipat,2022-01-03,785.0,covid19
Haryana | Sonipat,2022-01-10,2507.0,covid19
Haryana | Sonipat,2022-01-17,4087.0,covid19
Haryana | Sonipat,2022-01-24,2126.0,covid19
Haryana | Sonipat,2022-01-31,1064.0,covid19
Haryana | Sonipat,2022-02-07,335.0,covid19
Haryana | Sonipat,2022-07-11,247.0,covid19
Haryana | Unknown,2022-06-06,694.0,covid19
Haryana | Unknown,2022-06-13,3936.0,covid19
Haryana | Unknown,2022-06-20,4395.0,covid19
Haryana | Unknown,2022-06-27,3215.0,covid19
Haryana | Unknown,2022-07-04,2523.0,covid19
Haryana | Unknown,2022-07-11,269.0,covid19
Haryana | Unknown,2022-10-31,117.0,covid19
Haryana | Unknown,2023-04-03,2140.0,covid19
Haryana | Unknown,2023-04-10,4965.0,covid19
Haryana | Unknown,2023-04-17,6905.0,covid19
Haryana | Unknown,2023-04-24,4927.0,covid19
Haryana | Unknown,2023-05-01,1363.0,covid19
Haryana | Unknown,2023-05-08,21283.0,covid19
Haryana | Unknown,2023-05-15,112.0,covid19
Haryana | Unknown,2023-05-22,39.0,covid19
Haryana | Unknown,2023-05-29,14.0,covid19
Haryana | Yamunanagar,2022-01-03,270.0,covid19
Haryana | Yamunanagar,2022-01-10,980.0,covid19
Haryana | Yamunanagar,2022-01-17,1570.0,covid19
Haryana | Yamunanagar,2022-07-11,186.0,covid19
Himachal Pradesh | Bilaspur,2022-01-10,561.0,covid19
Himachal Pradesh | Bilaspur,2022-01-17,1050.0,covid19
Himachal Pradesh | Chamba,2022-01-03,68.0,covid19
Himachal Pradesh | Chamba,2022-01-10,335.0,covid19
Himachal Pradesh | Hamirpur,2022-01-10,1056.0,covid19
Himachal Pradesh | Hamirpur,2022-01-17,1348.0,covid19
Himachal Pradesh | Kangra,2021-04-19,2664.0,covid19
Himachal Pradesh | Kangra,2021-04-26,4005.0,covid19
Himachal Pradesh | Kangra,2021-05-03,7410.0,covid19
Himachal Pradesh | Kangra,2021-05-10,8686.0,covid19
Himachal Pradesh | Kangra,2021-05-17,5498.0,covid19
Himachal Pradesh | Kangra,2021-05-24,2748.0,covid19
Himachal Pradesh | Kangra,2021-05-31,1295.0,covid19
Himachal Pradesh | Kangra,2021-06-07,723.0,covid19
Himachal Pradesh | Kangra,2022-01-03,980.0,covid19
Himachal Pradesh | Kangra,2022-01-10,2164.0,covid19
Himachal Pradesh | Kangra,2022-01-17,2695.0,covid19
Himachal Pradesh | Kangra,2022-01-24,1762.0,covid19
Himachal Pradesh | Kangra,2022-01-31,1409.0,covid19
Himachal Pradesh | Kinnaur,2022-01-03,52.0,covid19
Himachal Pradesh | Kullu,2022-01-03,183.0,covid19
Himachal Pradesh | Mandi,2021-04-26,2230.0,covid19
Himachal Pradesh | Mandi,2021-05-03,3360.0,covid19
Himachal Pradesh | Mandi,2021-05-10,3471.0,covid19
Himachal Pradesh | Mandi,2022-01-10,1082.0,covid19
Himachal Pradesh | Mandi,2022-01-17,2103.0,covid19
Himachal Pradesh | Shimla,2021-05-03,2879.0,covid19
Himachal Pradesh | Shimla,2022-01-10,1628.0,covid19
Himachal Pradesh | Shimla,2022-01-17,2647.0,covid19
Himachal Pradesh | Shimla,2022-01-24,1277.0,covid19
Himachal Pradesh | Sirmaur,2022-01-03,222.0,covid19
Himachal Pradesh | Sirmaur,2022-01-10,916.0,covid19
Himachal Pradesh | Sirmaur,2022-01-17,1597.0,covid19
Himachal Pradesh | Solan,2022-01-03,449.0,covid19
Himachal Pradesh | Solan,2022-01-10,1882.0,covid19
Himachal Pradesh | Solan,2022-01-17,2726.0,covid19
Himachal Pradesh | Solan,2022-01-24,1279.0,covid19
Himachal Pradesh | Una,2022-01-10,1051.0,covid19
Himachal Pradesh | Una,2022-01-17,1215.0,covid19
Himachal Pradesh | Unknown,2022-08-29,196.0,covid19
Himachal Pradesh | Unknown,2023-03-27,1276.0,covid19
Himachal Pradesh | Unknown,2023-05-08,8332.0,covid19
Himachal Pradesh | Unknown,2023-05-15,221.0,covid19
Himachal Pradesh | Unknown,2023-05-22,91.0,covid19
Himachal Pradesh | Unknown,2023-05-29,68.0,covid19
Himachal Pradesh | Unknown,2023-06-26,463.0,covid19
Jammu and Kashmir | Anantnag,2021-05-03,2687.0,covid19
Jammu and Kashmir | Anantnag,2022-01-10,670.0,covid19
Jammu and Kashmir | Anantnag,2022-01-17,1955.0,covid19
Jammu and Kashmir | Anantnag,2022-01-24,2279.0,covid19
Jammu and Kashmir | Bandipora,2022-01-10,497.0,covid19
Jammu and Kashmir | Bandipora,2022-01-17,1478.0,covid19
Jammu and Kashmir | Baramulla,2021-05-03,2868.0,covid19
Jammu and Kashmir | Baramulla,2022-01-10,2110.0,covid19
Jammu and Kashmir | Baramulla,2022-01-17,4565.0,covid19
Jammu and Kashmir | Baramulla,2022-01-24,3378.0,covid19
Jammu and Kashmir | Baramulla,2022-01-31,1064.0,covid19
Jammu and Kashmir | Baramulla,2022-02-07,172.0,covid19
Jammu and Kashmir | Baramulla,2022-02-14,65.0,covid19
Jammu and Kashmir | Budgam,2021-05-03,2812.0,covid19
Jammu and Kashmir | Budgam,2022-01-10,1338.0,covid19
Jammu and Kashmir | Budgam,2022-01-17,3719.0,covid19
Jammu and Kashmir | Budgam,2022-01-24,3807.0,covid19
Jammu and Kashmir | Budgam,2022-01-31,909.0,covid19
Jammu and Kashmir | Budgam,2022-02-07,241.0,covid19
Jammu and Kashmir | Budgam,2022-02-14,73.0,covid19
Jammu and Kashmir | Doda,2022-01-17,567.0,covid19
Jammu and Kashmir | Ganderbal,2022-01-17,1212.0,covid19
Jammu and Kashmir | Jammu,2020-08-31,2204.0,covid19
Jammu and Kashmir | Jammu,2020-09-07,2999.0,covid19
Jammu and Kashmir | Jammu,2020-09-14,1825.0,covid19
Jammu and Kashmir | Jammu,2020-09-28,2502.0,covid19
Jammu and Kashmir | Jammu,2021-04-19,3386.0,covid19
Jammu and Kashmir | Jammu,2021-04-26,3434.0,covid19
Jammu and Kashmir | Jammu,2021-05-03,4328.0,covid19
Jammu and Kashmir | Jammu,2021-05-10,4285.0,covid19
Jammu and Kashmir | Jammu,2021-05-17,3465.0,covid19
Jammu and Kashmir | Jammu,2021-05-24,2710.0,covid19
Jammu and Kashmir | Jammu,2021-05-31,1159.0,covid19
Jammu and Kashmir | Jammu,2022-01-03,1063.0,covid19
Jammu and Kashmir | Jammu,2022-01-10,3235.0,covid19
Jammu and Kashmir | Jammu,2022-01-17,7595.0,covid19
Jammu and Kashmir | Jammu,2022-01-24,5676.0,covid19
Jammu and Kashmir | Jammu,2022-01-31,2517.0,covid19
Jammu and Kashmir | Jammu,2022-02-07,1050.0,covid19
Jammu and Kashmir | Jammu,2022-02-14,379.0,covid19
Jammu and Kashmir | Kathua,2022-01-10,498.0,covid19
Jammu and Kashmir | Kulgam,2022-01-10,388.0,covid19
Jammu and Kashmir | Kulgam,2022-01-17,1290.0,covid19
Jammu and Kashmir | Kulgam,2022-01-24,2246.0,covid19
Jammu and Kashmir | Kupwara,2022-01-10,524.0,covid19
Jammu and Kashmir | Kupwara,2022-01-17,1450.0,covid19
Jammu and Kashmir | Kupwara,2022-01-24,3238.0,covid19
Jammu and Kashmir | Kupwara,2022-01-31,1171.0,covid19
Jammu and Kashmir | Kupwara,2022-02-14,78.0,covid19
Jammu and Kashmir | Pulwama,2022-01-17,1057.0,covid19
Jammu and Kashmir | Ramban,2022-01-17,449.0,covid19
Jammu and Kashmir | Reasi,2021-04-05,283.0,covid19
Jammu and Kashmir | Reasi,2022-01-03,262.0,covid19
Jammu and Kashmir | Samba,2021-11-08,10.0,covid19
Jammu and Kashmir | Samba,2022-01-10,321.0,covid19
Jammu and Kashmir | Shopiyan,2022-01-17,238.0,covid19
Jammu and Kashmir | Srinagar,2021-04-12,2779.0,covid19
Jammu and Kashmir | Srinagar,2021-04-19,4072.0,covid19
Jammu and Kashmir | Srinagar,2021-04-26,6886.0,covid19
Jammu and Kashmir | Srinagar,2021-05-03,7486.0,covid19
Jammu and Kashmir | Srinagar,2021-05-10,4896.0,covid19
Jammu and Kashmir | Srinagar,2021-05-17,4129.0,covid19
Jammu and Kashmir | Srinagar,2021-05-24,2751.0,covid19
Jammu and Kashmir | Srinagar,2021-05-31,1995.0,covid19
Jammu and Kashmir | Srinagar,2022-01-10,2866.0,covid19
Jammu and Kashmir | Srinagar,2022-01-17,9035.0,covid19
Jammu and Kashmir | Srinagar,2022-01-24,7256.0,covid19
Jammu and Kashmir | Srinagar,2022-01-31,2358.0,covid19
Jammu and Kashmir | Srinagar,2022-02-07,794.0,covid19
Jammu and Kashmir | Srinagar,2022-02-14,265.0,covid19
Jammu and Kashmir | Udhampur,2022-01-10,605.0,covid19
Jammu and Kashmir | Unknown,2022-10-31,17.0,covid19
Jammu and Kashmir | Unknown,2023-05-08,2236.0,covid19
Jharkhand | Bokaro,2021-04-19,1923.0,covid19
Jharkhand | Bokaro,2021-05-03,3228.0,covid19
Jharkhand | East Singhbhum,2021-04-05,1564.0,covid19
Jharkhand | East Singhbhum,2021-04-12,3570.0,covid19
Jharkhand | East Singhbhum,2021-04-19,4860.0,covid19
Jharkhand | East Singhbhum,2021-04-26,5967.0,covid19
Jharkhand | East Singhbhum,2021-05-03,6263.0,covid19
Jharkhand | East Singhbhum,2021-05-10,4075.0,covid19
Jharkhand | East Singhbhum,2021-05-17,2503.0,covid19
Jharkhand | East Singhbhum,2021-05-24,889.0,covid19
Jharkhand | Gumla,2021-10-25,5.0,covid19
Jharkhand | Hazaribagh,2021-04-19,2525.0,covid19
Jharkhand | Hazaribagh,2021-04-26,3344.0,covid19
Jharkhand | Hazaribagh,2021-05-03,3483.0,covid19
Jharkhand | Koderma,2021-04-12,1124.0,covid19
Jharkhand | Koderma,2021-04-19,2151.0,covid19
Jharkhand | Palamu,2021-04-19,1262.0,covid19
Jharkhand | Ramgarh,2021-04-19,2106.0,covid19
Jharkhand | Ramgarh,2021-10-04,5.0,covid19
Jharkhand | Ranchi,2020-08-31,3290.0,covid19
Jharkhand | Ranchi,2020-09-07,2391.0,covid19
Jharkhand | Ranchi,2020-09-14,2515.0,covid19
Jharkhand | Ranchi,2020-09-21,2278.0,covid19
Jharkhand | Ranchi,2021-03-29,2330.0,covid19
Jharkhand | Ranchi,2021-04-05,5262.0,covid19
Jharkhand | Ranchi,2021-04-12,8357.0,covid19
Jharkhand | Ranchi,2021-04-19,10402.0,covid19
Jharkhand | Ranchi,2021-04-26,10157.0,covid19
Jharkhand | Ranchi,2021-05-03,6920.0,covid19
Jharkhand | Ranchi,2021-05-10,3586.0,covid19
Jharkhand | Ranchi,2021-05-17,1733.0,covid19
Jharkhand | Ranchi,2021-05-24,904.0,covid19
Jharkhand | Unknown,2021-10-18,166.0,covid19
Jharkhand | Unknown,2021-10-25,348598.0,covid19
Jharkhand | Unknown,2021-11-01,118.0,covid19
Jharkhand | Unknown,2021-11-08,124.0,covid19
Jharkhand | Unknown,2021-11-15,129.0,covid19
Jharkhand | Unknown,2021-12-27,3936.0,covid19
Jharkhand | Unknown,2022-01-03,23769.0,covid19
Jharkhand | Unknown,2022-01-10,27737.0,covid19
Jharkhand | Unknown,2022-01-17,15118.0,covid19
Jharkhand | Unknown,2022-01-24,7485.0,covid19
Jharkhand | Unknown,2022-01-31,3713.0,covid19
Jharkhand | Unknown,2022-02-07,1633.0,covid19
Jharkhand | Unknown,2022-02-14,741.0,covid19
Jharkhand | Unknown,2022-12-26,4.0,covid19
Karnataka | Bagalkote,2021-04-26,2580.0,covid19
Karnataka | Bagalkote,2021-05-03,6158.0,covid19
Karnataka | Bagalkote,2021-05-10,4562.0,covid19
Karnataka | Bagalkote,2021-05-17,2191.0,covid19
Karnataka | Bagalkote,2021-05-24,1564.0,covid19
Karnataka | Bagalkote,2021-05-31,1416.0,covid19
Karnataka | Bagalkote,2022-01-03,26.0,covid19
Karnataka | Bagalkote,2022-01-10,325.0,covid19
Karnataka | Bagalkote,2022-01-17,720.0,covid19
Karnataka | Bagalkote,2022-01-24,2567.0,covid19
Karnataka | Bagalkote,2022-01-31,1458.0,covid19
Karnataka | Ballari,2020-07-27,2959.0,covid19
Karnataka | Ballari,2020-08-03,3322.0,covid19
Karnataka | Ballari,2020-08-10,3817.0,covid19
Karnataka | Ballari,2020-08-17,3491.0,covid19
Karnataka | Ballari,2020-08-24,3297.0,covid19
Karnataka | Ballari,2020-08-31,2824.0,covid19
Karnataka | Ballari,2020-09-07,3013.0,covid19
Karnataka | Ballari,2020-09-14,2270.0,covid19
Karnataka | Ballari,2020-09-21,1860.0,covid19
Karnataka | Ballari,2021-04-19,4544.0,covid19
Karnataka | Ballari,2021-04-26,7296.0,covid19
Karnataka | Ballari,2021-05-03,8484.0,covid19
Karnataka | Ballari,2021-05-10,11991.0,covid19
Karnataka | Ballari,2021-05-17,11524.0,covid19
Karnataka | Ballari,2021-05-24,5097.0,covid19
Karnataka | Ballari,2021-05-31,2917.0,covid19
Karnataka | Ballari,2021-06-07,1650.0,covid19
Karnataka | Ballari,2021-06-14,986.0,covid19
Karnataka | Ballari,2022-01-03,287.0,covid19
Karnataka | Ballari,2022-01-10,1935.0,covid19
Karnataka | Ballari,2022-01-17,5478.0,covid19
Karnataka | Ballari,2022-01-24,5659.0,covid19
Karnataka | Ballari,2022-01-31,2832.0,covid19
Karnataka | Ballari,2022-02-07,988.0,covid19
Karnataka | Ballari,2022-02-14,293.0,covid19
Karnataka | Belagavi,2020-10-12,2060.0,covid19
Karnataka | Belagavi,2021-04-26,2854.0,covid19
Karnataka | Belagavi,2021-05-03,5506.0,covid19
Karnataka | Belagavi,2021-05-10,7916.0,covid19
Karnataka | Belagavi,2021-05-17,10278.0,covid19
Karnataka | Belagavi,2021-05-24,7876.0,covid19
Karnataka | Belagavi,2021-05-31,5703.0,covid19
Karnataka | Belagavi,2021-06-07,2723.0,covid19
Karnataka | Belagavi,2021-06-14,1274.0,covid19
Karnataka | Belagavi,2021-06-21,849.0,covid19
Karnataka | Belagavi,2022-01-03,443.0,covid19
Karnataka | Belagavi,2022-01-10,1841.0,covid19
Karnataka | Belagavi,2022-01-17,3352.0,covid19
Karnataka | Belagavi,2022-01-24,5015.0,covid19
Karnataka | Belagavi,2022-01-31,6816.0,covid19
Karnataka | Belagavi,2022-02-07,1858.0,covid19
Karnataka | Belagavi,2022-02-14,413.0,covid19
Karnataka | Belagavi,2022-02-21,150.0,covid19
Karnataka | Bengaluru Rural,2021-04-19,3778.0,covid19
Karnataka | Bengaluru Rural,2021-04-26,5009.0,covid19
Karnataka | Bengaluru Rural,2021-05-03,6790.0,covid19
Karnataka | Bengaluru Rural,2021-05-10,6663.0,covid19
Karnataka | Bengaluru Rural,2021-05-17,5012.0,covid19
Karnataka | Bengaluru Rural,2021-05-24,4048.0,covid19
Karnataka | Bengaluru Rural,2021-05-31,2541.0,covid19
Karnataka | Bengaluru Rural,2021-06-07,1696.0,covid19
Karnataka | Bengaluru Rural,2022-01-03,350.0,covid19
Karnataka | Bengaluru Rural,2022-01-10,2646.0,covid19
Karnataka | Bengaluru Rural,2022-01-17,6332.0,covid19
Karnataka | Bengaluru Rural,2022-01-24,5862.0,covid19
Karnataka | Bengaluru Rural,2022-01-31,1541.0,covid19
Karnataka | Bengaluru Rural,2022-02-07,278.0,covid19
Karnataka | Bengaluru Rural,2022-02-14,60.0,covid19
Karnataka | Bengaluru Urban,2020-06-22,2042.0,covid19
Karnataka | Bengaluru Urban,2020-06-29,6266.0,covid19
Karnataka | Bengaluru Urban,2020-07-06,8807.0,covid19
Karnataka | Bengaluru Urban,2020-07-13,13388.0,covid19
Karnataka | Bengaluru Urban,2020-07-20,13678.0,covid19
Karnataka | Bengaluru Urban,2020-07-27,14048.0,covid19
Karnataka | Bengaluru Urban,2020-08-03,14684.0,covid19
Karnataka | Bengaluru Urban,2020-08-10,15626.0,covid19
Karnataka | Bengaluru Urban,2020-08-17,18064.0,covid19
Karnataka | Bengaluru Urban,2020-08-24,19388.0,covid19
Karnataka | Bengaluru Urban,2020-08-31,20318.0,covid19
Karnataka | Bengaluru Urban,2020-09-07,23081.0,covid19
Karnataka | Bengaluru Urban,2020-09-14,24098.0,covid19
Karnataka | Bengaluru Urban,2020-09-21,26087.0,covid19
Karnataka | Bengaluru Urban,2020-09-28,29193.0,covid19
Karnataka | Bengaluru Urban,2020-10-05,31517.0,covid19
Karnataka | Bengaluru Urban,2020-10-12,25983.0,covid19
Karnataka | Bengaluru Urban,2020-10-19,18233.0,covid19
Karnataka | Bengaluru Urban,2020-10-26,12863.0,covid19
Karnataka | Bengaluru Urban,2020-11-02,10691.0,covid19
Karnataka | Bengaluru Urban,2020-11-09,7953.0,covid19
Karnataka | Bengaluru Urban,2020-11-16,6385.0,covid19
Karnataka | Bengaluru Urban,2020-11-23,5625.0,covid19
Karnataka | Bengaluru Urban,2020-11-30,4734.0,covid19
Karnataka | Bengaluru Urban,2020-12-07,4505.0,covid19
Karnataka | Bengaluru Urban,2020-12-14,4339.0,covid19
Karnataka | Bengaluru Urban,2020-12-21,3731.0,covid19
Karnataka | Bengaluru Urban,2020-12-28,3058.0,covid19
Karnataka | Bengaluru Urban,2021-01-04,2924.0,covid19
Karnataka | Bengaluru Urban,2021-01-11,2378.0,covid19
Karnataka | Bengaluru Urban,2021-01-18,2174.0,covid19
Karnataka | Bengaluru Urban,2021-01-25,1753.0,covid19
Karnataka | Bengaluru Urban,2021-03-01,2388.0,covid19
Karnataka | Bengaluru Urban,2021-03-08,3414.0,covid19
Karnataka | Bengaluru Urban,2021-03-15,6233.0,covid19
Karnataka | Bengaluru Urban,2021-03-22,10501.0,covid19
Karnataka | Bengaluru Urban,2021-03-29,18858.0,covid19
Karnataka | Bengaluru Urban,2021-04-05,34951.0,covid19
Karnataka | Bengaluru Urban,2021-04-12,64653.0,covid19
Karnataka | Bengaluru Urban,2021-04-19,107021.0,covid19
Karnataka | Bengaluru Urban,2021-04-26,143636.0,covid19
Karnataka | Bengaluru Urban,2021-05-03,153601.0,covid19
Karnataka | Bengaluru Urban,2021-05-10,100165.0,covid19
Karnataka | Bengaluru Urban,2021-05-17,68494.0,covid19
Karnataka | Bengaluru Urban,2021-05-24,39685.0,covid19
Karnataka | Bengaluru Urban,2021-05-31,23889.0,covid19
Karnataka | Bengaluru Urban,2021-06-07,13562.0,covid19
Karnataka | Bengaluru Urban,2021-06-14,8571.0,covid19
Karnataka | Bengaluru Urban,2021-06-21,6171.0,covid19
Karnataka | Bengaluru Urban,2021-06-28,4231.0,covid19
Karnataka | Bengaluru Urban,2021-07-05,3717.0,covid19
Karnataka | Bengaluru Urban,2021-07-12,2811.0,covid19
Karnataka | Bengaluru Urban,2021-07-19,2571.0,covid19
Karnataka | Bengaluru Urban,2021-07-26,2988.0,covid19
Karnataka | Bengaluru Urban,2021-12-27,3795.0,covid19
Karnataka | Bengaluru Urban,2022-01-03,33968.0,covid19
Karnataka | Bengaluru Urban,2022-01-10,117488.0,covid19
Karnataka | Bengaluru Urban,2022-01-17,168850.0,covid19
Karnataka | Bengaluru Urban,2022-01-24,124541.0,covid19
Karnataka | Bengaluru Urban,2022-01-31,47260.0,covid19
Karnataka | Bengaluru Urban,2022-02-07,13410.0,covid19
Karnataka | Bengaluru Urban,2022-02-14,4959.0,covid19
Karnataka | Bengaluru Urban,2022-02-21,2534.0,covid19
Karnataka | Bengaluru Urban,2022-02-28,1147.0,covid19
Karnataka | Bengaluru Urban,2022-03-07,828.0,covid19
Karnataka | Bengaluru Urban,2022-06-06,2845.0,covid19
Karnataka | Bengaluru Urban,2022-06-13,4302.0,covid19
Karnataka | Bengaluru Urban,2022-06-20,3781.0,covid19
Karnataka | Bengaluru Urban,2022-06-27,6893.0,covid19
Karnataka | Bengaluru Urban,2022-07-04,6180.0,covid19
Karnataka | Bengaluru Urban,2022-07-11,6549.0,covid19
Karnataka | Bengaluru Urban,2022-07-18,7850.0,covid19
Karnataka | Bengaluru Urban,2022-07-25,8773.0,covid19
Karnataka | Bengaluru Urban,2022-08-01,8743.0,covid19
Karnataka | Bengaluru Urban,2022-08-08,7137.0,covid19
Karnataka | Bengaluru Urban,2022-08-15,6069.0,covid19
Karnataka | Bengaluru Urban,2022-08-22,5193.0,covid19
Karnataka | Bengaluru Urban,2022-08-29,3350.0,covid19
Karnataka | Bengaluru Urban,2022-09-05,2016.0,covid19
Karnataka | Bengaluru Urban,2022-09-12,1538.0,covid19
Karnataka | Bengaluru Urban,2022-09-19,1166.0,covid19
Karnataka | Bengaluru Urban,2022-10-24,2044.0,covid19
Karnataka | Bidar,2021-04-12,2470.0,covid19
Karnataka | Bidar,2022-01-03,62.0,covid19
Karnataka | Bidar,2022-01-10,768.0,covid19
Karnataka | Bidar,2022-01-17,1769.0,covid19
Karnataka | Bidar,2022-01-24,1828.0,covid19
Karnataka | Chamarajanagara,2021-04-19,1476.0,covid19
Karnataka | Chamarajanagara,2021-04-26,2555.0,covid19
Karnataka | Chamarajanagara,2021-05-03,4847.0,covid19
Karnataka | Chamarajanagara,2021-05-10,4081.0,covid19
Karnataka | Chamarajanagara,2021-05-17,3267.0,covid19
Karnataka | Chamarajanagara,2021-05-24,2611.0,covid19
Karnataka | Chamarajanagara,2022-01-10,753.0,covid19
Karnataka | Chamarajanagara,2022-01-17,2581.0,covid19
Karnataka | Chamarajanagara,2022-01-24,4670.0,covid19
Karnataka | Chamarajanagara,2022-01-31,1675.0,covid19
Karnataka | Chamarajanagara,2022-02-07,560.0,covid19
Karnataka | Chamarajanagara,2022-02-14,144.0,covid19
Karnataka | Chikkaballapura,2021-04-19,2353.0,covid19
Karnataka | Chikkaballapura,2021-04-26,4061.0,covid19
Karnataka | Chikkaballapura,2021-05-03,5066.0,covid19
Karnataka | Chikkaballapura,2021-05-10,3945.0,covid19
Karnataka | Chikkaballapura,2021-05-17,4358.0,covid19
Karnataka | Chikkaballapura,2021-05-24,2459.0,covid19
Karnataka | Chikkaballapura,2021-05-31,2593.0,covid19
Karnataka | Chikkaballapura,2021-06-07,1585.0,covid19
Karnataka | Chikkaballapura,2022-01-03,136.0,covid19
Karnataka | Chikkaballapura,2022-01-10,1248.0,covid19
Karnataka | Chikkaballapura,2022-01-17,4168.0,covid19
Karnataka | Chikkaballapura,2022-01-24,4287.0,covid19
Karnataka | Chikkaballapura,2022-01-31,1235.0,covid19
Karnataka | Chikkaballapura,2022-02-07,388.0,covid19
Karnataka | Chikkaballapura,2022-02-14,105.0,covid19
Karnataka | Chikkamagaluru,2021-04-26,2425.0,covid19
Karnataka | Chikkamagaluru,2021-05-03,3972.0,covid19
Karnataka | Chikkamagaluru,2021-05-10,4881.0,covid19
Karnataka | Chikkamagaluru,2021-05-17,5026.0,covid19
Karnataka | Chikkamagaluru,2021-05-24,4803.0,covid19
Karnataka | Chikkamagaluru,2021-05-31,3189.0,covid19
Karnataka | Chikkamagaluru,2021-06-07,2285.0,covid19
Karnataka | Chikkamagaluru,2021-06-14,1499.0,covid19
Karnataka | Chikkamagaluru,2022-01-10,766.0,covid19
Karnataka | Chikkamagaluru,2022-01-17,1969.0,covid19
Karnataka | Chikkamagaluru,2022-01-24,1659.0,covid19
Karnataka | Chitradurga,2020-10-05,2283.0,covid19
Karnataka | Chitradurga,2021-05-17,3758.0,covid19
Karnataka | Chitradurga,2021-05-24,4131.0,covid19
Karnataka | Chitradurga,2021-05-31,3647.0,covid19
Karnataka | Chitradurga,2021-06-07,1446.0,covid19
Karnataka | Chitradurga,2021-06-14,796.0,covid19
Karnataka | Chitradurga,2022-01-10,730.0,covid19
Karnataka | Chitradurga,2022-01-17,2730.0,covid19
Karnataka | Chitradurga,2022-01-24,2883.0,covid19
Karnataka | Chitradurga,2022-01-31,1991.0,covid19
Karnataka | Chitradurga,2022-02-07,712.0,covid19
Karnataka | Dakshina Kannada,2020-09-07,2437.0,covid19
Karnataka | Dakshina Kannada,2020-09-14,2771.0,covid19
Karnataka | Dakshina Kannada,2020-09-28,2185.0,covid19
Karnataka | Dakshina Kannada,2020-10-05,2217.0,covid19
Karnataka | Dakshina Kannada,2021-04-19,3141.0,covid19
Karnataka | Dakshina Kannada,2021-04-26,5754.0,covid19
Karnataka | Dakshina Kannada,2021-05-03,9338.0,covid19
Karnataka | Dakshina Kannada,2021-05-10,7938.0,covid19
Karnataka | Dakshina Kannada,2021-05-17,6025.0,covid19
Karnataka | Dakshina Kannada,2021-05-24,5209.0,covid19
Karnataka | Dakshina Kannada,2021-05-31,4532.0,covid19
Karnataka | Dakshina Kannada,2021-06-07,3665.0,covid19
Karnataka | Dakshina Kannada,2021-06-14,4962.0,covid19
Karnataka | Dakshina Kannada,2021-06-21,3158.0,covid19
Karnataka | Dakshina Kannada,2021-06-28,1942.0,covid19
Karnataka | Dakshina Kannada,2021-07-05,1617.0,covid19
Karnataka | Dakshina Kannada,2021-08-09,2660.0,covid19
Karnataka | Dakshina Kannada,2022-01-03,1148.0,covid19
Karnataka | Dakshina Kannada,2022-01-10,4116.0,covid19
Karnataka | Dakshina Kannada,2022-01-17,5967.0,covid19
Karnataka | Dakshina Kannada,2022-01-24,4450.0,covid19
Karnataka | Dakshina Kannada,2022-01-31,2148.0,covid19
Karnataka | Dakshina Kannada,2022-02-07,674.0,covid19
Karnataka | Dakshina Kannada,2022-02-14,290.0,covid19
Karnataka | Davanagere,2021-05-03,2915.0,covid19
Karnataka | Davanagere,2021-05-10,3293.0,covid19
Karnataka | Davanagere,2021-05-17,4101.0,covid19
Karnataka | Davanagere,2021-05-24,4932.0,covid19
Karnataka | Davanagere,2021-05-31,2924.0,covid19
Karnataka | Davanagere,2021-06-07,2327.0,covid19
Karnataka | Davanagere,2021-06-14,1247.0,covid19
Karnataka | Davanagere,2022-01-10,891.0,covid19
Karnataka | Davanagere,2022-01-17,2090.0,covid19
Karnataka | Davanagere,2022-01-24,2282.0,covid19
Karnataka | Dharwad,2021-04-19,2714.0,covid19
Karnataka | Dharwad,2021-04-26,3921.0,covid19
Karnataka | Dharwad,2021-05-03,6206.0,covid19
Karnataka | Dharwad,2021-05-10,6054.0,covid19
Karnataka | Dharwad,2021-05-17,6407.0,covid19
Karnataka | Dharwad,2021-05-24,5042.0,covid19
Karnataka | Dharwad,2021-05-31,1768.0,covid19
Karnataka | Dharwad,2021-06-07,1701.0,covid19
Karnataka | Dharwad,2021-06-14,591.0,covid19
Karnataka | Dharwad,2021-11-22,263.0,covid19
Karnataka | Dharwad,2022-01-03,391.0,covid19
Karnataka | Dharwad,2022-01-10,2605.0,covid19
Karnataka | Dharwad,2022-01-17,4963.0,covid19
Karnataka | Dharwad,2022-01-24,9730.0,covid19
Karnataka | Dharwad,2022-01-31,3752.0,covid19
Karnataka | Dharwad,2022-02-07,775.0,covid19
Karnataka | Dharwad,2022-02-14,206.0,covid19
Karnataka | Dharwad,2022-02-21,56.0,covid19
Karnataka | Gadag,2021-05-10,3068.0,covid19
Karnataka | Gadag,2021-05-17,3317.0,covid19
Karnataka | Gadag,2022-01-03,52.0,covid19
Karnataka | Gadag,2022-01-10,510.0,covid19
Karnataka | Gadag,2022-01-17,1526.0,covid19
Karnataka | Gadag,2022-01-24,1498.0,covid19
Karnataka | Hassan,2020-09-28,2706.0,covid19
Karnataka | Hassan,2020-10-05,3091.0,covid19
Karnataka | Hassan,2020-10-12,1855.0,covid19
Karnataka | Hassan,2020-10-19,937.0,covid19
Karnataka | Hassan,2020-10-26,886.0,covid19
Karnataka | Hassan,2021-04-19,3703.0,covid19
Karnataka | Hassan,2021-04-26,5166.0,covid19
Karnataka | Hassan,2021-05-03,12725.0,covid19
Karnataka | Hassan,2021-05-10,9782.0,covid19
Karnataka | Hassan,2021-05-17,10189.0,covid19
Karnataka | Hassan,2021-05-24,9838.0,covid19
Karnataka | Hassan,2021-05-31,7084.0,covid19
Karnataka | Hassan,2021-06-07,5226.0,covid19
Karnataka | Hassan,2021-06-14,3111.0,covid19
Karnataka | Hassan,2021-06-21,2351.0,covid19
Karnataka | Hassan,2021-06-28,1458.0,covid19
Karnataka | Hassan,2022-01-03,506.0,covid19
Karnataka | Hassan,2022-01-10,3984.0,covid19
Karnataka | Hassan,2022-01-17,12904.0,covid19
Karnataka | Hassan,2022-01-24,9692.0,covid19
Karnataka | Hassan,2022-01-31,3335.0,covid19
Karnataka | Hassan,2022-02-07,759.0,covid19
Karnataka | Hassan,2022-02-14,206.0,covid19
Karnataka | Haveri,2021-05-03,1951.0,covid19
Karnataka | Haveri,2022-01-10,138.0,covid19
Karnataka | Haveri,2022-01-17,623.0,covid19
Karnataka | Haveri,2022-01-24,1997.0,covid19
Karnataka | Haveri,2022-01-31,1652.0,covid19
Karnataka | Kalaburagi,2021-04-12,3344.0,covid19
Karnataka | Kalaburagi,2021-04-19,4906.0,covid19
Karnataka | Kalaburagi,2021-04-26,6592.0,covid19
Karnataka | Kalaburagi,2021-05-03,9439.0,covid19
Karnataka | Kalaburagi,2021-05-10,5508.0,covid19
Karnataka | Kalaburagi,2021-05-17,2945.0,covid19
Karnataka | Kalaburagi,2021-05-24,1043.0,covid19
Karnataka | Kalaburagi,2021-05-31,586.0,covid19
Karnataka | Kalaburagi,2022-01-03,277.0,covid19
Karnataka | Kalaburagi,2022-01-10,2015.0,covid19
Karnataka | Kalaburagi,2022-01-17,5205.0,covid19
Karnataka | Kalaburagi,2022-01-24,4318.0,covid19
Karnataka | Kalaburagi,2022-01-31,1995.0,covid19
Karnataka | Kalaburagi,2022-02-07,529.0,covid19
Karnataka | Kalaburagi,2022-02-14,139.0,covid19
Karnataka | Kodagu,2021-04-19,2027.0,covid19
Karnataka | Kodagu,2021-04-26,3054.0,covid19
Karnataka | Kodagu,2021-05-03,4799.0,covid19
Karnataka | Kodagu,2021-05-10,3742.0,covid19
Karnataka | Kodagu,2021-05-17,2425.0,covid19
Karnataka | Kodagu,2021-05-24,1946.0,covid19
Karnataka | Kodagu,2022-01-17,2695.0,covid19
Karnataka | Kodagu,2022-01-24,4236.0,covid19
Karnataka | Kodagu,2022-01-31,2536.0,covid19
Karnataka | Kodagu,2022-02-07,861.0,covid19
Karnataka | Kodagu,2022-02-14,237.0,covid19
Karnataka | Kolar,2021-04-19,3045.0,covid19
Karnataka | Kolar,2021-04-26,4266.0,covid19
Karnataka | Kolar,2021-05-03,5282.0,covid19
Karnataka | Kolar,2021-05-10,4624.0,covid19
Karnataka | Kolar,2021-05-17,4612.0,covid19
Karnataka | Kolar,2021-05-24,4344.0,covid19
Karnataka | Kolar,2021-05-31,2494.0,covid19
Karnataka | Kolar,2021-06-07,1618.0,covid19
Karnataka | Kolar,2021-06-14,822.0,covid19
Karnataka | Kolar,2022-01-10,2374.0,covid19
Karnataka | Kolar,2022-01-17,4832.0,covid19
Karnataka | Kolar,2022-01-24,6406.0,covid19
Karnataka | Kolar,2022-01-31,1450.0,covid19
Karnataka | Kolar,2022-02-07,304.0,covid19
Karnataka | Kolar,2022-02-14,83.0,covid19
Karnataka | Koppal,2021-04-26,3170.0,covid19
Karnataka | Koppal,2021-05-03,3155.0,covid19
Karnataka | Koppal,2021-05-10,3283.0,covid19
Karnataka | Koppal,2021-05-17,3385.0,covid19
Karnataka | Koppal,2022-01-03,29.0,covid19
Karnataka | Koppal,2022-01-10,310.0,covid19
Karnataka | Koppal,2022-01-17,1654.0,covid19
Karnataka | Koppal,2022-01-24,2431.0,covid19
Karnataka | Mandya,2021-04-19,3590.0,covid19
Karnataka | Mandya,2021-04-26,6776.0,covid19
Karnataka | Mandya,2021-05-03,10089.0,covid19
Karnataka | Mandya,2021-05-10,8150.0,covid19
Karnataka | Mandya,2021-05-17,4894.0,covid19
Karnataka | Mandya,2021-05-24,4613.0,covid19
Karnataka | Mandya,2021-05-31,4083.0,covid19
Karnataka | Mandya,2021-06-07,2982.0,covid19
Karnataka | Mandya,2021-06-14,1683.0,covid19
Karnataka | Mandya,2021-06-21,887.0,covid19
Karnataka | Mandya,2022-01-03,705.0,covid19
Karnataka | Mandya,2022-01-10,3275.0,covid19
Karnataka | Mandya,2022-01-17,9447.0,covid19
Karnataka | Mandya,2022-01-24,10222.0,covid19
Karnataka | Mandya,2022-01-31,2948.0,covid19
Karnataka | Mandya,2022-02-07,660.0,covid19
Karnataka | Mandya,2022-02-14,162.0,covid19
Karnataka | Mysuru,2020-08-03,2491.0,covid19
Karnataka | Mysuru,2020-08-10,3224.0,covid19
Karnataka | Mysuru,2020-08-24,5148.0,covid19
Karnataka | Mysuru,2020-08-31,4536.0,covid19
Karnataka | Mysuru,2020-09-07,3671.0,covid19
Karnataka | Mysuru,2020-09-14,4033.0,covid19
Karnataka | Mysuru,2020-09-21,3516.0,covid19
Karnataka | Mysuru,2020-09-28,4028.0,covid19
Karnataka | Mysuru,2020-10-05,4736.0,covid19
Karnataka | Mysuru,2020-10-12,2978.0,covid19
Karnataka | Mysuru,2020-10-19,1663.0,covid19
Karnataka | Mysuru,2020-10-26,1126.0,covid19
Karnataka | Mysuru,2020-11-02,924.0,covid19
Karnataka | Mysuru,2021-04-12,3540.0,covid19
Karnataka | Mysuru,2021-04-19,4941.0,covid19
Karnataka | Mysuru,2021-04-26,15362.0,covid19
Karnataka | Mysuru,2021-05-03,16693.0,covid19
Karnataka | Mysuru,2021-05-10,13380.0,covid19
Karnataka | Mysuru,2021-05-17,14608.0,covid19
Karnataka | Mysuru,2021-05-24,14909.0,covid19
Karnataka | Mysuru,2021-05-31,9241.0,covid19
Karnataka | Mysuru,2021-06-07,6911.0,covid19
Karnataka | Mysuru,2021-06-14,4287.0,covid19
Karnataka | Mysuru,2021-06-21,3427.0,covid19
Karnataka | Mysuru,2021-06-28,2276.0,covid19
Karnataka | Mysuru,2021-07-05,1990.0,covid19
Karnataka | Mysuru,2022-01-03,1006.0,covid19
Karnataka | Mysuru,2022-01-10,5514.0,covid19
Karnataka | Mysuru,2022-01-17,16186.0,covid19
Karnataka | Mysuru,2022-01-24,17613.0,covid19
Karnataka | Mysuru,2022-01-31,6308.0,covid19
Karnataka | Mysuru,2022-02-07,1632.0,covid19
Karnataka | Mysuru,2022-02-14,525.0,covid19
Karnataka | Mysuru,2022-02-21,161.0,covid19
Karnataka | Raichur,2021-04-19,2692.0,covid19
Karnataka | Raichur,2021-04-26,4263.0,covid19
Karnataka | Raichur,2021-05-03,4950.0,covid19
Karnataka | Raichur,2021-05-10,3798.0,covid19
Karnataka | Raichur,2021-05-17,3839.0,covid19
Karnataka | Raichur,2021-05-24,2876.0,covid19
Karnataka | Raichur,2021-05-31,1243.0,covid19
Karnataka | Raichur,2021-06-07,405.0,covid19
Karnataka | Raichur,2021-12-13,10.0,covid19
Karnataka | Raichur,2022-01-10,670.0,covid19
Karnataka | Raichur,2022-01-17,1840.0,covid19
Karnataka | Raichur,2022-01-24,1700.0,covid19
Karnataka | Ramanagara,2021-05-03,3421.0,covid19
Karnataka | Ramanagara,2021-05-10,2816.0,covid19
Karnataka | Ramanagara,2022-01-03,80.0,covid19
Karnataka | Ramanagara,2022-01-10,906.0,covid19
Karnataka | Ramanagara,2022-01-17,2027.0,covid19
Karnataka | Ramanagara,2022-01-24,1741.0,covid19
Karnataka | Shivamogga,2020-08-17,2512.0,covid19
Karnataka | Shivamogga,2021-04-26,3165.0,covid19
Karnataka | Shivamogga,2021-05-03,4484.0,covid19
Karnataka | Shivamogga,2021-05-10,6702.0,covid19
Karnataka | Shivamogga,2021-05-17,6534.0,covid19
Karnataka | Shivamogga,2021-05-24,5113.0,covid19
Karnataka | Shivamogga,2021-05-31,4226.0,covid19
Karnataka | Shivamogga,2021-06-07,4547.0,covid19
Karnataka | Shivamogga,2021-06-14,1689.0,covid19
Karnataka | Shivamogga,2021-06-21,1417.0,covid19
Karnataka | Shivamogga,2021-06-28,1093.0,covid19
Karnataka | Shivamogga,2022-01-03,361.0,covid19
Karnataka | Shivamogga,2022-01-10,1531.0,covid19
Karnataka | Shivamogga,2022-01-17,3010.0,covid19
Karnataka | Shivamogga,2022-01-24,3814.0,covid19
Karnataka | Shivamogga,2022-01-31,3382.0,covid19
Karnataka | Shivamogga,2022-02-07,989.0,covid19
Karnataka | Shivamogga,2022-02-14,291.0,covid19
Karnataka | Tumakuru,2020-10-05,2553.0,covid19
Karnataka | Tumakuru,2020-10-26,703.0,covid19
Karnataka | Tumakuru,2021-04-12,2654.0,covid19
Karnataka | Tumakuru,2021-04-19,7830.0,covid19
Karnataka | Tumakuru,2021-04-26,10173.0,covid19
Karnataka | Tumakuru,2021-05-03,16210.0,covid19
Karnataka | Tumakuru,2021-05-10,15930.0,covid19
Karnataka | Tumakuru,2021-05-17,12287.0,covid19
Karnataka | Tumakuru,2021-05-24,8793.0,covid19
Karnataka | Tumakuru,2021-05-31,5686.0,covid19
Karnataka | Tumakuru,2021-06-07,3610.0,covid19
Karnataka | Tumakuru,2021-06-14,1830.0,covid19
Karnataka | Tumakuru,2021-06-21,935.0,covid19
Karnataka | Tumakuru,2022-01-10,5107.0,covid19
Karnataka | Tumakuru,2022-01-17,13705.0,covid19
Karnataka | Tumakuru,2022-01-24,12887.0,covid19
Karnataka | Tumakuru,2022-01-31,4313.0,covid19
Karnataka | Tumakuru,2022-02-07,1417.0,covid19
Karnataka | Tumakuru,2022-02-14,413.0,covid19
Karnataka | Tumakuru,2022-02-21,99.0,covid19
Karnataka | Udupi,2021-04-26,3864.0,covid19
Karnataka | Udupi,2021-05-03,7247.0,covid19
Karnataka | Udupi,2021-05-10,6858.0,covid19
Karnataka | Udupi,2021-05-17,5911.0,covid19
Karnataka | Udupi,2021-05-24,5546.0,covid19
Karnataka | Udupi,2021-05-31,4077.0,covid19
Karnataka | Udupi,2021-06-07,2004.0,covid19
Karnataka | Udupi,2021-06-14,1083.0,covid19
Karnataka | Udupi,2022-01-03,969.0,covid19
Karnataka | Udupi,2022-01-10,2904.0,covid19
Karnataka | Udupi,2022-01-17,5535.0,covid19
Karnataka | Udupi,2022-01-24,6057.0,covid19
Karnataka | Udupi,2022-01-31,1996.0,covid19
Karnataka | Udupi,2022-02-07,519.0,covid19
Karnataka | Udupi,2022-02-14,263.0,covid19
Karnataka | Unknown,2023-05-08,10731.0,covid19
Karnataka | Unknown,2023-05-15,330.0,covid19
Karnataka | Unknown,2023-05-22,187.0,covid19
Karnataka | Unknown,2023-05-29,119.0,covid19
Karnataka | Unknown,2023-06-26,882.0,covid19
Karnataka | Uttara Kannada,2021-04-26,2724.0,covid19
Karnataka | Uttara Kannada,2021-05-03,5965.0,covid19
Karnataka | Uttara Kannada,2021-05-10,6820.0,covid19
Karnataka | Uttara Kannada,2021-05-17,6493.0,covid19
Karnataka | Uttara Kannada,2021-05-24,5279.0,covid19
Karnataka | Uttara Kannada,2021-05-31,3261.0,covid19
Karnataka | Uttara Kannada,2021-06-07,2079.0,covid19
Karnataka | Uttara Kannada,2021-06-14,1156.0,covid19
Karnataka | Uttara Kannada,2022-01-10,1640.0,covid19
Karnataka | Uttara Kannada,2022-01-17,3636.0,covid19
Karnataka | Uttara Kannada,2022-01-24,5152.0,covid19
Karnataka | Uttara Kannada,2022-01-31,3137.0,covid19
Karnataka | Uttara Kannada,2022-02-07,431.0,covid19
Karnataka | Uttara Kannada,2022-02-14,135.0,covid19
Karnataka | Vijayapura,2021-04-19,2631.0,covid19
Karnataka | Vijayapura,2021-04-26,2882.0,covid19
Karnataka | Vijayapura,2021-05-03,3395.0,covid19
Karnataka | Vijayapura,2021-05-10,3728.0,covid19
Karnataka | Vijayapura,2022-01-03,148.0,covid19
Karnataka | Vijayapura,2022-01-17,1221.0,covid19
Karnataka | Vijayapura,2022-01-24,1461.0,covid19
Karnataka | Yadgir,2021-05-03,4381.0,covid19
Karnataka | Yadgir,2021-05-10,3840.0,covid19
Karnataka | Yadgir,2021-05-17,2399.0,covid19
Karnataka | Yadgir,2021-05-24,1155.0,covid19
Karnataka | Yadgir,2022-01-03,13.0,covid19
Karnataka | Yadgir,2022-01-10,108.0,covid19
Karnataka | Yadgir,2022-01-17,580.0,covid19
Kerala | Alappuzha,2020-09-21,2910.0,covid19
Kerala | Alappuzha,2020-09-28,4038.0,covid19
Kerala | Alappuzha,2020-10-05,3867.0,covid19
Kerala | Alappuzha,2020-10-12,3660.0,covid19
Kerala | Alappuzha,2020-10-19,4553.0,covid19
Kerala | Alappuzha,2020-10-26,4482.0,covid19
Kerala | Alappuzha,2020-11-02,4501.0,covid19
Kerala | Alappuzha,2020-11-09,3589.0,covid19
Kerala | Alappuzha,2020-11-16,2965.0,covid19
Kerala | Alappuzha,2020-11-23,2468.0,covid19
Kerala | Alappuzha,2020-11-30,2430.0,covid19
Kerala | Alappuzha,2020-12-07,2062.0,covid19
Kerala | Alappuzha,2020-12-14,2356.0,covid19
Kerala | Alappuzha,2020-12-21,2121.0,covid19
Kerala | Alappuzha,2020-12-28,2444.0,covid19
Kerala | Alappuzha,2021-01-04,2423.0,covid19
Kerala | Alappuzha,2021-01-11,2324.0,covid19
Kerala | Alappuzha,2021-01-18,2658.0,covid19
Kerala | Alappuzha,2021-01-25,2862.0,covid19
Kerala | Alappuzha,2021-02-01,2611.0,covid19
Kerala | Alappuzha,2021-02-08,2735.0,covid19
Kerala | Alappuzha,2021-02-15,2337.0,covid19
Kerala | Alappuzha,2021-02-22,1889.0,covid19
Kerala | Alappuzha,2021-04-12,4075.0,covid19
Kerala | Alappuzha,2021-04-19,8671.0,covid19
Kerala | Alappuzha,2021-04-26,14433.0,covid19
Kerala | Alappuzha,2021-05-03,17385.0,covid19
Kerala | Alappuzha,2021-05-10,15584.0,covid19
Kerala | Alappuzha,2021-05-17,14505.0,covid19
Kerala | Alappuzha,2021-05-24,12683.0,covid19
Kerala | Alappuzha,2021-05-31,9003.0,covid19
Kerala | Alappuzha,2021-06-07,6549.0,covid19
Kerala | Alappuzha,2021-06-14,5553.0,covid19
Kerala | Alappuzha,2021-06-21,4859.0,covid19
Kerala | Alappuzha,2021-06-28,5034.0,covid19
Kerala | Alappuzha,2021-07-05,5007.0,covid19
Kerala | Alappuzha,2021-07-12,5596.0,covid19
Kerala | Alappuzha,2021-07-19,6006.0,covid19
Kerala | Alappuzha,2021-07-26,7541.0,covid19
Kerala | Alappuzha,2021-08-02,7233.0,covid19
Kerala | Alappuzha,2021-08-09,7768.0,covid19
Kerala | Alappuzha,2021-08-16,6898.0,covid19
Kerala | Alappuzha,2021-08-23,11132.0,covid19
Kerala | Alappuzha,2021-08-30,12642.0,covid19
Kerala | Alappuzha,2021-09-06,10350.0,covid19
Kerala | Alappuzha,2021-09-13,8569.0,covid19
Kerala | Alappuzha,2021-09-20,7935.0,covid19
Kerala | Alappuzha,2021-09-27,5516.0,covid19
Kerala | Alappuzha,2021-10-04,3884.0,covid19
Kerala | Alappuzha,2021-10-11,3016.0,covid19
Kerala | Alappuzha,2021-10-18,2723.0,covid19
Kerala | Alappuzha,2021-10-25,1765.0,covid19
Kerala | Alappuzha,2021-11-01,2249.0,covid19
Kerala | Alappuzha,2021-11-08,1700.0,covid19
Kerala | Alappuzha,2022-01-10,3728.0,covid19
Kerala | Alappuzha,2022-01-17,10717.0,covid19
Kerala | Alappuzha,2022-01-24,15920.0,covid19
Kerala | Alappuzha,2022-01-31,17232.0,covid19
Kerala | Alappuzha,2022-02-07,7780.0,covid19
Kerala | Alappuzha,2022-02-14,3627.0,covid19
Kerala | Alappuzha,2022-02-21,1571.0,covid19
Kerala | Alappuzha,2022-02-28,718.0,covid19
Kerala | Alappuzha,2022-08-15,9107.0,covid19
Kerala | Alappuzha,2022-08-22,393.0,covid19
Kerala | Alappuzha,2022-08-29,188.0,covid19
Kerala | Alappuzha,2022-09-05,0.0,covid19
Kerala | Ernakulam,2020-09-14,2432.0,covid19
Kerala | Ernakulam,2020-09-21,4227.0,covid19
Kerala | Ernakulam,2020-09-28,6305.0,covid19
Kerala | Ernakulam,2020-10-05,6464.0,covid19
Kerala | Ernakulam,2020-10-12,5962.0,covid19
Kerala | Ernakulam,2020-10-19,6221.0,covid19
Kerala | Ernakulam,2020-10-26,6055.0,covid19
Kerala | Ernakulam,2020-11-02,5673.0,covid19
Kerala | Ernakulam,2020-11-09,4587.0,covid19
Kerala | Ernakulam,2020-11-16,4047.0,covid19
Kerala | Ernakulam,2020-11-23,3862.0,covid19
Kerala | Ernakulam,2020-11-30,3619.0,covid19
Kerala | Ernakulam,2020-12-07,3728.0,covid19
Kerala | Ernakulam,2020-12-14,4395.0,covid19
Kerala | Ernakulam,2020-12-21,4154.0,covid19
Kerala | Ernakulam,2020-12-28,4727.0,covid19
Kerala | Ernakulam,2021-01-04,5083.0,covid19
Kerala | Ernakulam,2021-01-11,5525.0,covid19
Kerala | Ernakulam,2021-01-18,6318.0,covid19
Kerala | Ernakulam,2021-01-25,5483.0,covid19
Kerala | Ernakulam,2021-02-01,5053.0,covid19
Kerala | Ernakulam,2021-02-08,4263.0,covid19
Kerala | Ernakulam,2021-02-15,3777.0,covid19
Kerala | Ernakulam,2021-02-22,2710.0,covid19
Kerala | Ernakulam,2021-03-01,1802.0,covid19
Kerala | Ernakulam,2021-03-08,1336.0,covid19
Kerala | Ernakulam,2021-04-05,4387.0,covid19
Kerala | Ernakulam,2021-04-12,10847.0,covid19
Kerala | Ernakulam,2021-04-19,25705.0,covid19
Kerala | Ernakulam,2021-04-26,30587.0,covid19
Kerala | Ernakulam,2021-05-03,37005.0,covid19
Kerala | Ernakulam,2021-05-10,29537.0,covid19
Kerala | Ernakulam,2021-05-17,22594.0,covid19
Kerala | Ernakulam,2021-05-24,17991.0,covid19
Kerala | Ernakulam,2021-05-31,12821.0,covid19
Kerala | Ernakulam,2021-06-07,10747.0,covid19
Kerala | Ernakulam,2021-06-14,10127.0,covid19
Kerala | Ernakulam,2021-06-21,9213.0,covid19
Kerala | Ernakulam,2021-06-28,8211.0,covid19
Kerala | Ernakulam,2021-07-05,9113.0,covid19
Kerala | Ernakulam,2021-07-12,10451.0,covid19
Kerala | Ernakulam,2021-07-19,12174.0,covid19
Kerala | Ernakulam,2021-07-26,14885.0,covid19
Kerala | Ernakulam,2021-08-02,15604.0,covid19
Kerala | Ernakulam,2021-08-09,15941.0,covid19
Kerala | Ernakulam,2021-08-16,14924.0,covid19
Kerala | Ernakulam,2021-08-23,23247.0,covid19
Kerala | Ernakulam,2021-08-30,23761.0,covid19
Kerala | Ernakulam,2021-09-06,20105.0,covid19
Kerala | Ernakulam,2021-09-13,16712.0,covid19
Kerala | Ernakulam,2021-09-20,16090.0,covid19
Kerala | Ernakulam,2021-09-27,11965.0,covid19
Kerala | Ernakulam,2021-10-04,10261.0,covid19
Kerala | Ernakulam,2021-10-11,8747.0,covid19
Kerala | Ernakulam,2021-10-18,9728.0,covid19
Kerala | Ernakulam,2021-10-25,6601.0,covid19
Kerala | Ernakulam,2021-11-01,8768.0,covid19
Kerala | Ernakulam,2021-11-08,6331.0,covid19
Kerala | Ernakulam,2021-11-15,4944.0,covid19
Kerala | Ernakulam,2021-11-22,5372.0,covid19
Kerala | Ernakulam,2021-11-29,5073.0,covid19
Kerala | Ernakulam,2021-12-06,5268.0,covid19
Kerala | Ernakulam,2021-12-13,3843.0,covid19
Kerala | Ernakulam,2021-12-20,2886.0,covid19
Kerala | Ernakulam,2021-12-27,2927.0,covid19
Kerala | Ernakulam,2022-01-03,6426.0,covid19
Kerala | Ernakulam,2022-01-10,16054.0,covid19
Kerala | Ernakulam,2022-01-17,50244.0,covid19
Kerala | Ernakulam,2022-01-24,64501.0,covid19
Kerala | Ernakulam,2022-01-31,53027.0,covid19
Kerala | Ernakulam,2022-02-07,23833.0,covid19
Kerala | Ernakulam,2022-02-14,12021.0,covid19
Kerala | Ernakulam,2022-02-21,4648.0,covid19
Kerala | Ernakulam,2022-02-28,2478.0,covid19
Kerala | Ernakulam,2022-03-07,1629.0,covid19
Kerala | Ernakulam,2022-03-14,1157.0,covid19
Kerala | Ernakulam,2022-05-16,2755.0,covid19
Kerala | Ernakulam,2022-06-06,4805.0,covid19
Kerala | Ernakulam,2022-06-13,5776.0,covid19
Kerala | Ernakulam,2022-06-20,5579.0,covid19
Kerala | Ernakulam,2022-06-27,6726.0,covid19
Kerala | Ernakulam,2022-07-04,4338.0,covid19
Kerala | Ernakulam,2022-07-11,1743.0,covid19
Kerala | Ernakulam,2022-07-18,6288.0,covid19
Kerala | Ernakulam,2022-07-25,0.0,covid19
Kerala | Ernakulam,2022-08-01,4027.0,covid19
Kerala | Ernakulam,2022-08-08,1598.0,covid19
Kerala | Ernakulam,2022-08-15,1801.0,covid19
Kerala | Ernakulam,2022-08-22,2325.0,covid19
Kerala | Idukki,2021-04-12,2618.0,covid19
Kerala | Idukki,2021-04-19,5359.0,covid19
Kerala | Idukki,2021-04-26,7291.0,covid19
Kerala | Idukki,2021-05-03,6930.0,covid19
Kerala | Idukki,2021-05-10,7115.0,covid19
Kerala | Idukki,2021-05-17,6353.0,covid19
Kerala | Idukki,2021-05-24,4734.0,covid19
Kerala | Idukki,2021-05-31,3498.0,covid19
Kerala | Idukki,2021-06-07,3211.0,covid19
Kerala | Idukki,2021-06-14,2443.0,covid19
Kerala | Idukki,2021-08-09,3441.0,covid19
Kerala | Idukki,2021-08-16,3255.0,covid19
Kerala | Idukki,2021-08-23,6172.0,covid19
Kerala | Idukki,2021-08-30,6730.0,covid19
Kerala | Idukki,2021-09-06,6062.0,covid19
Kerala | Idukki,2021-09-13,4738.0,covid19
Kerala | Idukki,2021-09-20,4562.0,covid19
Kerala | Idukki,2021-09-27,3910.0,covid19
Kerala | Idukki,2021-10-04,3540.0,covid19
Kerala | Idukki,2021-10-11,3256.0,covid19
Kerala | Idukki,2021-10-18,3286.0,covid19
Kerala | Idukki,2021-10-25,2326.0,covid19
Kerala | Idukki,2021-11-01,3168.0,covid19
Kerala | Idukki,2021-11-08,2161.0,covid19
Kerala | Idukki,2021-11-15,1508.0,covid19
Kerala | Idukki,2021-11-22,1387.0,covid19
Kerala | Idukki,2022-01-10,2548.0,covid19
Kerala | Idukki,2022-01-17,8874.0,covid19
Kerala | Idukki,2022-01-24,13660.0,covid19
Kerala | Idukki,2022-01-31,10910.0,covid19
Kerala | Idukki,2022-02-07,6180.0,covid19
Kerala | Idukki,2022-02-14,3163.0,covid19
Kerala | Idukki,2022-02-21,1496.0,covid19
Kerala | Idukki,2022-02-28,854.0,covid19
Kerala | Kannur,2020-09-21,2414.0,covid19
Kerala | Kannur,2020-09-28,3299.0,covid19
Kerala | Kannur,2020-10-05,3559.0,covid19
Kerala | Kannur,2020-10-12,2835.0,covid19
Kerala | Kannur,2020-10-19,2837.0,covid19
Kerala | Kannur,2020-10-26,2341.0,covid19
Kerala | Kannur,2020-11-02,2193.0,covid19
Kerala | Kannur,2020-11-09,1869.0,covid19
Kerala | Kannur,2020-11-16,1690.0,covid19
Kerala | Kannur,2021-01-18,2063.0,covid19
Kerala | Kannur,2021-01-25,1952.0,covid19
Kerala | Kannur,2021-04-05,2775.0,covid19
Kerala | Kannur,2021-04-12,5692.0,covid19
Kerala | Kannur,2021-04-19,11432.0,covid19
Kerala | Kannur,2021-04-26,12961.0,covid19
Kerala | Kannur,2021-05-03,16485.0,covid19
Kerala | Kannur,2021-05-10,14036.0,covid19
Kerala | Kannur,2021-05-17,10164.0,covid19
Kerala | Kannur,2021-05-24,7435.0,covid19
Kerala | Kannur,2021-05-31,4971.0,covid19
Kerala | Kannur,2021-06-07,4242.0,covid19
Kerala | Kannur,2021-06-14,3538.0,covid19
Kerala | Kannur,2021-06-21,4033.0,covid19
Kerala | Kannur,2021-06-28,4772.0,covid19
Kerala | Kannur,2021-07-05,5751.0,covid19
Kerala | Kannur,2021-07-12,5896.0,covid19
Kerala | Kannur,2021-07-19,5850.0,covid19
Kerala | Kannur,2021-07-26,7613.0,covid19
Kerala | Kannur,2021-08-02,7645.0,covid19
Kerala | Kannur,2021-08-09,8305.0,covid19
Kerala | Kannur,2021-08-16,7606.0,covid19
Kerala | Kannur,2021-08-23,11387.0,covid19
Kerala | Kannur,2021-08-30,10819.0,covid19
Kerala | Kannur,2021-09-06,9486.0,covid19
Kerala | Kannur,2021-09-13,7134.0,covid19
Kerala | Kannur,2021-09-20,5939.0,covid19
Kerala | Kannur,2021-09-27,4923.0,covid19
Kerala | Kannur,2021-10-04,4402.0,covid19
Kerala | Kannur,2021-10-11,3456.0,covid19
Kerala | Kannur,2021-10-18,3189.0,covid19
Kerala | Kannur,2021-10-25,2307.0,covid19
Kerala | Kannur,2021-11-01,3281.0,covid19
Kerala | Kannur,2021-11-08,2878.0,covid19
Kerala | Kannur,2021-11-15,2226.0,covid19
Kerala | Kannur,2021-11-22,2001.0,covid19
Kerala | Kannur,2021-11-29,1898.0,covid19
Kerala | Kannur,2021-12-06,2164.0,covid19
Kerala | Kannur,2021-12-20,1119.0,covid19
Kerala | Kannur,2021-12-27,1095.0,covid19
Kerala | Kannur,2022-01-03,1929.0,covid19
Kerala | Kannur,2022-01-10,4240.0,covid19
Kerala | Kannur,2022-01-17,11081.0,covid19
Kerala | Kannur,2022-01-24,14865.0,covid19
Kerala | Kannur,2022-01-31,12681.0,covid19
Kerala | Kannur,2022-02-07,5837.0,covid19
Kerala | Kannur,2022-02-14,2655.0,covid19
Kerala | Kannur,2022-02-21,1148.0,covid19
Kerala | Kannur,2022-02-28,582.0,covid19
Kerala | Kasaragod,2020-09-28,2378.0,covid19
Kerala | Kasaragod,2020-10-05,2438.0,covid19
Kerala | Kasaragod,2021-04-12,2830.0,covid19
Kerala | Kasaragod,2021-04-19,5712.0,covid19
Kerala | Kasaragod,2021-04-26,6312.0,covid19
Kerala | Kasaragod,2021-05-03,7480.0,covid19
Kerala | Kasaragod,2021-05-10,6233.0,covid19
Kerala | Kasaragod,2021-05-17,4648.0,covid19
Kerala | Kasaragod,2021-05-24,3774.0,covid19
Kerala | Kasaragod,2021-05-31,3136.0,covid19
Kerala | Kasaragod,2021-06-07,3038.0,covid19
Kerala | Kasaragod,2021-06-14,2815.0,covid19
Kerala | Kasaragod,2021-06-21,3759.0,covid19
Kerala | Kasaragod,2021-06-28,4540.0,covid19
Kerala | Kasaragod,2021-07-05,4325.0,covid19
Kerala | Kasaragod,2021-07-12,4715.0,covid19
Kerala | Kasaragod,2021-07-19,4877.0,covid19
Kerala | Kasaragod,2021-07-26,5502.0,covid19
Kerala | Kasaragod,2021-08-02,5034.0,covid19
Kerala | Kasaragod,2021-08-09,3722.0,covid19
Kerala | Kasaragod,2021-08-16,2911.0,covid19
Kerala | Kasaragod,2021-08-23,3622.0,covid19
Kerala | Kasaragod,2021-08-30,3329.0,covid19
Kerala | Kasaragod,2021-09-06,2655.0,covid19
Kerala | Kasaragod,2021-09-13,2077.0,covid19
Kerala | Kasaragod,2021-09-20,1725.0,covid19
Kerala | Kasaragod,2022-01-10,1669.0,covid19
Kerala | Kasaragod,2022-01-17,4799.0,covid19
Kerala | Kasaragod,2022-01-24,7052.0,covid19
Kerala | Kasaragod,2022-01-31,4682.0,covid19
Kerala | Kasaragod,2022-02-07,1979.0,covid19
Kerala | Kasaragod,2022-02-14,959.0,covid19
Kerala | Kasaragod,2022-02-21,468.0,covid19
Kerala | Kollam,2020-09-21,3333.0,covid19
Kerala | Kollam,2020-09-28,4661.0,covid19
Kerala | Kollam,2020-10-05,5185.0,covid19
Kerala | Kollam,2020-10-12,3966.0,covid19
Kerala | Kollam,2020-10-19,4105.0,covid19
Kerala | Kollam,2020-10-26,3996.0,covid19
Kerala | Kollam,2020-11-02,4126.0,covid19
Kerala | Kollam,2020-11-09,3105.0,covid19
Kerala | Kollam,2020-11-16,3191.0,covid19
Kerala | Kollam,2020-11-23,2709.0,covid19
Kerala | Kollam,2020-11-30,2341.0,covid19
Kerala | Kollam,2020-12-07,2231.0,covid19
Kerala | Kollam,2020-12-14,2766.0,covid19
Kerala | Kollam,2020-12-21,3142.0,covid19
Kerala | Kollam,2020-12-28,2743.0,covid19
Kerala | Kollam,2021-01-04,2667.0,covid19
Kerala | Kollam,2021-01-11,3026.0,covid19
Kerala | Kollam,2021-01-18,3980.0,covid19
Kerala | Kollam,2021-01-25,4010.0,covid19
Kerala | Kollam,2021-02-01,3921.0,covid19
Kerala | Kollam,2021-02-08,3500.0,covid19
Kerala | Kollam,2021-02-15,2851.0,covid19
Kerala | Kollam,2021-02-22,2424.0,covid19
Kerala | Kollam,2021-03-01,1591.0,covid19
Kerala | Kollam,2021-04-12,3297.0,covid19
Kerala | Kollam,2021-04-19,6778.0,covid19
Kerala | Kollam,2021-04-26,11026.0,covid19
Kerala | Kollam,2021-05-03,16849.0,covid19
Kerala | Kollam,2021-05-10,19748.0,covid19
Kerala | Kollam,2021-05-17,18198.0,covid19
Kerala | Kollam,2021-05-24,15744.0,covid19
Kerala | Kollam,2021-05-31,12679.0,covid19
Kerala | Kollam,2021-06-07,10493.0,covid19
Kerala | Kollam,2021-06-14,8915.0,covid19
Kerala | Kollam,2021-06-21,8337.0,covid19
Kerala | Kollam,2021-06-28,8252.0,covid19
Kerala | Kollam,2021-07-05,8639.0,covid19
Kerala | Kollam,2021-07-12,8064.0,covid19
Kerala | Kollam,2021-07-19,8792.0,covid19
Kerala | Kollam,2021-07-26,9901.0,covid19
Kerala | Kollam,2021-08-02,9655.0,covid19
Kerala | Kollam,2021-08-09,9050.0,covid19
Kerala | Kollam,2021-08-16,8534.0,covid19
Kerala | Kollam,2021-08-23,15808.0,covid19
Kerala | Kollam,2021-08-30,18087.0,covid19
Kerala | Kollam,2021-09-06,14459.0,covid19
Kerala | Kollam,2021-09-13,9836.0,covid19
Kerala | Kollam,2021-09-20,9203.0,covid19
Kerala | Kollam,2021-09-27,6961.0,covid19
Kerala | Kollam,2021-10-04,5314.0,covid19
Kerala | Kollam,2021-10-11,3991.0,covid19
Kerala | Kollam,2021-10-18,4618.0,covid19
Kerala | Kollam,2021-10-25,4161.0,covid19
Kerala | Kollam,2021-11-01,5398.0,covid19
Kerala | Kollam,2021-11-08,4190.0,covid19
Kerala | Kollam,2021-11-15,3036.0,covid19
Kerala | Kollam,2021-11-22,2411.0,covid19
Kerala | Kollam,2021-11-29,2262.0,covid19
Kerala | Kollam,2021-12-06,2452.0,covid19
Kerala | Kollam,2021-12-13,1533.0,covid19
Kerala | Kollam,2021-12-20,1142.0,covid19
Kerala | Kollam,2021-12-27,1028.0,covid19
Kerala | Kollam,2022-01-03,1669.0,covid19
Kerala | Kollam,2022-01-10,4820.0,covid19
Kerala | Kollam,2022-01-17,15821.0,covid19
Kerala | Kollam,2022-01-24,27282.0,covid19
Kerala | Kollam,2022-01-31,23621.0,covid19
Kerala | Kollam,2022-02-07,13389.0,covid19
Kerala | Kollam,2022-02-14,5338.0,covid19
Kerala | Kollam,2022-02-21,2465.0,covid19
Kerala | Kollam,2022-02-28,1240.0,covid19
Kerala | Kollam,2022-03-07,751.0,covid19
Kerala | Kollam,2022-06-27,2700.0,covid19
Kerala | Kollam,2022-07-18,3056.0,covid19
Kerala | Kottayam,2020-09-28,2579.0,covid19
Kerala | Kottayam,2020-10-05,2964.0,covid19
Kerala | Kottayam,2020-10-12,3060.0,covid19
Kerala | Kottayam,2020-10-19,2781.0,covid19
Kerala | Kottayam,2020-10-26,2957.0,covid19
Kerala | Kottayam,2020-11-02,3170.0,covid19
Kerala | Kottayam,2020-11-09,2591.0,covid19
Kerala | Kottayam,2020-11-16,2510.0,covid19
Kerala | Kottayam,2020-11-23,2989.0,covid19
Kerala | Kottayam,2020-11-30,3226.0,covid19
Kerala | Kottayam,2020-12-07,3075.0,covid19
Kerala | Kottayam,2020-12-14,4104.0,covid19
Kerala | Kottayam,2020-12-21,3475.0,covid19
Kerala | Kottayam,2020-12-28,3466.0,covid19
Kerala | Kottayam,2021-01-04,3429.0,covid19
Kerala | Kottayam,2021-01-11,3596.0,covid19
Kerala | Kottayam,2021-01-18,4238.0,covid19
Kerala | Kottayam,2021-01-25,3609.0,covid19
Kerala | Kottayam,2021-02-01,3570.0,covid19
Kerala | Kottayam,2021-02-08,3349.0,covid19
Kerala | Kottayam,2021-02-15,2741.0,covid19
Kerala | Kottayam,2021-02-22,2093.0,covid19
Kerala | Kottayam,2021-03-01,1335.0,covid19
Kerala | Kottayam,2021-04-05,2601.0,covid19
Kerala | Kottayam,2021-04-12,6240.0,covid19
Kerala | Kottayam,2021-04-19,13822.0,covid19
Kerala | Kottayam,2021-04-26,19025.0,covid19
Kerala | Kottayam,2021-05-03,16989.0,covid19
Kerala | Kottayam,2021-05-10,15815.0,covid19
Kerala | Kottayam,2021-05-17,11850.0,covid19
Kerala | Kottayam,2021-05-24,8166.0,covid19
Kerala | Kottayam,2021-05-31,4978.0,covid19
Kerala | Kottayam,2021-06-07,4177.0,covid19
Kerala | Kottayam,2021-06-14,3755.0,covid19
Kerala | Kottayam,2021-06-21,3503.0,covid19
Kerala | Kottayam,2021-06-28,3653.0,covid19
Kerala | Kottayam,2021-07-05,4398.0,covid19
Kerala | Kottayam,2021-07-12,4908.0,covid19
Kerala | Kottayam,2021-07-19,5990.0,covid19
Kerala | Kottayam,2021-07-26,6847.0,covid19
Kerala | Kottayam,2021-08-02,7099.0,covid19
Kerala | Kottayam,2021-08-09,7118.0,covid19
Kerala | Kottayam,2021-08-16,6430.0,covid19
Kerala | Kottayam,2021-08-23,11602.0,covid19
Kerala | Kottayam,2021-08-30,12876.0,covid19
Kerala | Kottayam,2021-09-06,11149.0,covid19
Kerala | Kottayam,2021-09-13,8716.0,covid19
Kerala | Kottayam,2021-09-20,10225.0,covid19
Kerala | Kottayam,2021-09-27,6570.0,covid19
Kerala | Kottayam,2021-10-04,5319.0,covid19
Kerala | Kottayam,2021-10-11,4644.0,covid19
Kerala | Kottayam,2021-10-18,4722.0,covid19
Kerala | Kottayam,2021-10-25,3681.0,covid19
Kerala | Kottayam,2021-11-01,4648.0,covid19
Kerala | Kottayam,2021-11-08,3568.0,covid19
Kerala | Kottayam,2021-11-15,3054.0,covid19
Kerala | Kottayam,2021-11-22,2655.0,covid19
Kerala | Kottayam,2021-11-29,2480.0,covid19
Kerala | Kottayam,2021-12-06,2801.0,covid19
Kerala | Kottayam,2021-12-13,1890.0,covid19
Kerala | Kottayam,2021-12-20,1473.0,covid19
Kerala | Kottayam,2021-12-27,1419.0,covid19
Kerala | Kottayam,2022-01-03,2164.0,covid19
Kerala | Kottayam,2022-01-10,6562.0,covid19
Kerala | Kottayam,2022-01-17,17109.0,covid19
Kerala | Kottayam,2022-01-24,25522.0,covid19
Kerala | Kottayam,2022-01-31,24433.0,covid19
Kerala | Kottayam,2022-02-07,14548.0,covid19
Kerala | Kottayam,2022-02-14,5426.0,covid19
Kerala | Kottayam,2022-02-21,2773.0,covid19
Kerala | Kottayam,2022-02-28,1528.0,covid19
Kerala | Kottayam,2022-03-07,1027.0,covid19
Kerala | Kottayam,2022-06-27,3137.0,covid19
Kerala | Kottayam,2022-07-18,3174.0,covid19
Kerala | Kottayam,2022-08-01,2177.0,covid19
Kerala | Kozhikode,2020-09-14,3007.0,covid19
Kerala | Kozhikode,2020-09-21,4487.0,covid19
Kerala | Kozhikode,2020-09-28,7020.0,covid19
Kerala | Kozhikode,2020-10-05,7389.0,covid19
Kerala | Kozhikode,2020-10-12,6779.0,covid19
Kerala | Kozhikode,2020-10-19,6058.0,covid19
Kerala | Kozhikode,2020-10-26,5379.0,covid19
Kerala | Kozhikode,2020-11-02,5506.0,covid19
Kerala | Kozhikode,2020-11-09,4895.0,covid19
Kerala | Kozhikode,2020-11-16,4445.0,covid19
Kerala | Kozhikode,2020-11-23,4513.0,covid19
Kerala | Kozhikode,2020-11-30,4300.0,covid19
Kerala | Kozhikode,2020-12-07,4069.0,covid19
Kerala | Kozhikode,2020-12-14,3823.0,covid19
Kerala | Kozhikode,2020-12-21,3917.0,covid19
Kerala | Kozhikode,2020-12-28,3623.0,covid19
Kerala | Kozhikode,2021-01-04,3742.0,covid19
Kerala | Kozhikode,2021-01-11,4290.0,covid19
Kerala | Kozhikode,2021-01-18,4532.0,covid19
Kerala | Kozhikode,2021-01-25,4429.0,covid19
Kerala | Kozhikode,2021-02-01,4415.0,covid19
Kerala | Kozhikode,2021-02-08,3893.0,covid19
Kerala | Kozhikode,2021-02-15,3503.0,covid19
Kerala | Kozhikode,2021-02-22,3057.0,covid19
Kerala | Kozhikode,2021-03-01,2507.0,covid19
Kerala | Kozhikode,2021-03-08,1922.0,covid19
Kerala | Kozhikode,2021-04-05,4542.0,covid19
Kerala | Kozhikode,2021-04-12,9661.0,covid19
Kerala | Kozhikode,2021-04-19,22084.0,covid19
Kerala | Kozhikode,2021-04-26,32280.0,covid19
Kerala | Kozhikode,2021-05-03,31573.0,covid19
Kerala | Kozhikode,2021-05-10,22345.0,covid19
Kerala | Kozhikode,2021-05-17,15111.0,covid19
Kerala | Kozhikode,2021-05-24,10806.0,covid19
Kerala | Kozhikode,2021-05-31,8503.0,covid19
Kerala | Kozhikode,2021-06-07,6966.0,covid19
Kerala | Kozhikode,2021-06-14,6017.0,covid19
Kerala | Kozhikode,2021-06-21,6438.0,covid19
Kerala | Kozhikode,2021-06-28,8240.0,covid19
Kerala | Kozhikode,2021-07-05,10036.0,covid19
Kerala | Kozhikode,2021-07-12,11406.0,covid19
Kerala | Kozhikode,2021-07-19,12949.0,covid19
Kerala | Kozhikode,2021-07-26,15697.0,covid19
Kerala | Kozhikode,2021-08-02,15919.0,covid19
Kerala | Kozhikode,2021-08-09,16418.0,covid19
Kerala | Kozhikode,2021-08-16,15383.0,covid19
Kerala | Kozhikode,2021-08-23,21851.0,covid19
Kerala | Kozhikode,2021-08-30,21424.0,covid19
Kerala | Kozhikode,2021-09-06,16640.0,covid19
Kerala | Kozhikode,2021-09-13,12629.0,covid19
Kerala | Kozhikode,2021-09-20,10447.0,covid19
Kerala | Kozhikode,2021-09-27,8360.0,covid19
Kerala | Kozhikode,2021-10-04,6688.0,covid19
Kerala | Kozhikode,2021-10-11,5631.0,covid19
Kerala | Kozhikode,2021-10-18,5566.0,covid19
Kerala | Kozhikode,2021-10-25,4644.0,covid19
Kerala | Kozhikode,2021-11-01,6685.0,covid19
Kerala | Kozhikode,2021-11-08,4929.0,covid19
Kerala | Kozhikode,2021-11-15,4025.0,covid19
Kerala | Kozhikode,2021-11-22,4136.0,covid19
Kerala | Kozhikode,2021-11-29,4092.0,covid19
Kerala | Kozhikode,2021-12-06,4091.0,covid19
Kerala | Kozhikode,2021-12-13,2524.0,covid19
Kerala | Kozhikode,2021-12-20,2001.0,covid19
Kerala | Kozhikode,2021-12-27,2006.0,covid19
Kerala | Kozhikode,2022-01-03,3463.0,covid19
Kerala | Kozhikode,2022-01-10,8658.0,covid19
Kerala | Kozhikode,2022-01-17,26521.0,covid19
Kerala | Kozhikode,2022-01-24,29905.0,covid19
Kerala | Kozhikode,2022-01-31,22812.0,covid19
Kerala | Kozhikode,2022-02-07,10092.0,covid19
Kerala | Kozhikode,2022-02-14,5197.0,covid19
Kerala | Kozhikode,2022-02-21,2525.0,covid19
Kerala | Kozhikode,2022-02-28,1138.0,covid19
Kerala | Kozhikode,2022-03-07,687.0,covid19
Kerala | Malappuram,2020-09-14,2793.0,covid19
Kerala | Malappuram,2020-09-21,4593.0,covid19
Kerala | Malappuram,2020-09-28,6171.0,covid19
Kerala | Malappuram,2020-10-05,8091.0,covid19
Kerala | Malappuram,2020-10-12,7282.0,covid19
Kerala | Malappuram,2020-10-19,6008.0,covid19
Kerala | Malappuram,2020-10-26,4748.0,covid19
Kerala | Malappuram,2020-11-02,4288.0,covid19
Kerala | Malappuram,2020-11-09,4196.0,covid19
Kerala | Malappuram,2020-11-16,5255.0,covid19
Kerala | Malappuram,2020-11-23,5271.0,covid19
Kerala | Malappuram,2020-11-30,5560.0,covid19
Kerala | Malappuram,2020-12-07,4677.0,covid19
Kerala | Malappuram,2020-12-14,3574.0,covid19
Kerala | Malappuram,2020-12-21,3669.0,covid19
Kerala | Malappuram,2020-12-28,3522.0,covid19
Kerala | Malappuram,2021-01-04,3041.0,covid19
Kerala | Malappuram,2021-01-11,3355.0,covid19
Kerala | Malappuram,2021-01-18,3580.0,covid19
Kerala | Malappuram,2021-01-25,2867.0,covid19
Kerala | Malappuram,2021-02-01,3770.0,covid19
Kerala | Malappuram,2021-02-08,3253.0,covid19
Kerala | Malappuram,2021-02-15,3081.0,covid19
Kerala | Malappuram,2021-02-22,2203.0,covid19
Kerala | Malappuram,2021-03-01,1796.0,covid19
Kerala | Malappuram,2021-04-05,2725.0,covid19
Kerala | Malappuram,2021-04-12,6866.0,covid19
Kerala | Malappuram,2021-04-19,16795.0,covid19
Kerala | Malappuram,2021-04-26,23631.0,covid19
Kerala | Malappuram,2021-05-03,28529.0,covid19
Kerala | Malappuram,2021-05-10,31852.0,covid19
Kerala | Malappuram,2021-05-17,27724.0,covid19
Kerala | Malappuram,2021-05-24,27754.0,covid19
Kerala | Malappuram,2021-05-31,15324.0,covid19
Kerala | Malappuram,2021-06-07,10233.0,covid19
Kerala | Malappuram,2021-06-14,7804.0,covid19
Kerala | Malappuram,2021-06-21,8716.0,covid19
Kerala | Malappuram,2021-06-28,10437.0,covid19
Kerala | Malappuram,2021-07-05,12743.0,covid19
Kerala | Malappuram,2021-07-12,12851.0,covid19
Kerala | Malappuram,2021-07-19,16305.0,covid19
Kerala | Malappuram,2021-07-26,24240.0,covid19
Kerala | Malappuram,2021-08-02,23418.0,covid19
Kerala | Malappuram,2021-08-09,20793.0,covid19
Kerala | Malappuram,2021-08-16,17545.0,covid19
Kerala | Malappuram,2021-08-23,21183.0,covid19
Kerala | Malappuram,2021-08-30,19335.0,covid19
Kerala | Malappuram,2021-09-06,15385.0,covid19
Kerala | Malappuram,2021-09-13,10956.0,covid19
Kerala | Malappuram,2021-09-20,8976.0,covid19
Kerala | Malappuram,2021-09-27,6826.0,covid19
Kerala | Malappuram,2021-10-04,5237.0,covid19
Kerala | Malappuram,2021-10-11,3497.0,covid19
Kerala | Malappuram,2021-10-18,3247.0,covid19
Kerala | Malappuram,2021-10-25,2300.0,covid19
Kerala | Malappuram,2021-11-01,2801.0,covid19
Kerala | Malappuram,2021-11-08,1574.0,covid19
Kerala | Malappuram,2021-11-15,1297.0,covid19
Kerala | Malappuram,2021-11-22,1401.0,covid19
Kerala | Malappuram,2022-01-10,3871.0,covid19
Kerala | Malappuram,2022-01-17,13098.0,covid19
Kerala | Malappuram,2022-01-24,19015.0,covid19
Kerala | Malappuram,2022-01-31,17290.0,covid19
Kerala | Malappuram,2022-02-07,7146.0,covid19
Kerala | Malappuram,2022-02-14,2886.0,covid19
Kerala | Malappuram,2022-02-21,1515.0,covid19
Kerala | Malappuram,2022-02-28,660.0,covid19
Kerala | Palakkad,2020-09-21,2494.0,covid19
Kerala | Palakkad,2020-09-28,3521.0,covid19
Kerala | Palakkad,2020-10-05,3725.0,covid19
Kerala | Palakkad,2020-10-12,3290.0,covid19
Kerala | Palakkad,2020-10-19,2918.0,covid19
Kerala | Palakkad,2020-10-26,2844.0,covid19
Kerala | Palakkad,2020-11-02,2777.0,covid19
Kerala | Palakkad,2020-11-09,2746.0,covid19
Kerala | Palakkad,2020-11-16,2957.0,covid19
Kerala | Palakkad,2020-11-23,2859.0,covid19
Kerala | Palakkad,2020-11-30,2554.0,covid19
Kerala | Palakkad,2020-12-07,2085.0,covid19
Kerala | Palakkad,2020-12-14,2248.0,covid19
Kerala | Palakkad,2020-12-21,1977.0,covid19
Kerala | Palakkad,2020-12-28,1705.0,covid19
Kerala | Palakkad,2021-01-04,1547.0,covid19
Kerala | Palakkad,2021-04-12,3951.0,covid19
Kerala | Palakkad,2021-04-19,9388.0,covid19
Kerala | Palakkad,2021-04-26,14452.0,covid19
Kerala | Palakkad,2021-05-03,19406.0,covid19
Kerala | Palakkad,2021-05-10,21257.0,covid19
Kerala | Palakkad,2021-05-17,19005.0,covid19
Kerala | Palakkad,2021-05-24,17503.0,covid19
Kerala | Palakkad,2021-05-31,13114.0,covid19
Kerala | Palakkad,2021-06-07,9067.0,covid19
Kerala | Palakkad,2021-06-14,7142.0,covid19
Kerala | Palakkad,2021-06-21,7211.0,covid19
Kerala | Palakkad,2021-06-28,7715.0,covid19
Kerala | Palakkad,2021-07-05,7598.0,covid19
Kerala | Palakkad,2021-07-12,7129.0,covid19
Kerala | Palakkad,2021-07-19,9203.0,covid19
Kerala | Palakkad,2021-07-26,12991.0,covid19
Kerala | Palakkad,2021-08-02,13514.0,covid19
Kerala | Palakkad,2021-08-09,13296.0,covid19
Kerala | Palakkad,2021-08-16,11635.0,covid19
Kerala | Palakkad,2021-08-23,16569.0,covid19
Kerala | Palakkad,2021-08-30,17430.0,covid19
Kerala | Palakkad,2021-09-06,13449.0,covid19
Kerala | Palakkad,2021-09-13,10928.0,covid19
Kerala | Palakkad,2021-09-20,8489.0,covid19
Kerala | Palakkad,2021-09-27,5609.0,covid19
Kerala | Palakkad,2021-10-04,4431.0,covid19
Kerala | Palakkad,2021-10-11,3177.0,covid19
Kerala | Palakkad,2021-10-18,2809.0,covid19
Kerala | Palakkad,2021-10-25,2221.0,covid19
Kerala | Palakkad,2021-11-01,2761.0,covid19
Kerala | Palakkad,2021-11-08,1960.0,covid19
Kerala | Palakkad,2021-11-15,1383.0,covid19
Kerala | Palakkad,2021-11-22,1325.0,covid19
Kerala | Palakkad,2022-01-10,4208.0,covid19
Kerala | Palakkad,2022-01-17,14014.0,covid19
Kerala | Palakkad,2022-01-24,20495.0,covid19
Kerala | Palakkad,2022-01-31,14921.0,covid19
Kerala | Palakkad,2022-02-07,5414.0,covid19
Kerala | Palakkad,2022-02-14,2628.0,covid19
Kerala | Palakkad,2022-02-21,1215.0,covid19
Kerala | Palakkad,2022-02-28,544.0,covid19
Kerala | Pathanamthitta,2020-10-05,2059.0,covid19
Kerala | Pathanamthitta,2020-12-14,2551.0,covid19
Kerala | Pathanamthitta,2020-12-21,2578.0,covid19
Kerala | Pathanamthitta,2020-12-28,3208.0,covid19
Kerala | Pathanamthitta,2021-01-04,3305.0,covid19
Kerala | Pathanamthitta,2021-01-11,2997.0,covid19
Kerala | Pathanamthitta,2021-01-18,3462.0,covid19
Kerala | Pathanamthitta,2021-01-25,3017.0,covid19
Kerala | Pathanamthitta,2021-02-01,3461.0,covid19
Kerala | Pathanamthitta,2021-02-08,3492.0,covid19
Kerala | Pathanamthitta,2021-02-15,2789.0,covid19
Kerala | Pathanamthitta,2021-02-22,2197.0,covid19
Kerala | Pathanamthitta,2021-03-01,1152.0,covid19
Kerala | Pathanamthitta,2021-04-12,2826.0,covid19
Kerala | Pathanamthitta,2021-04-19,5891.0,covid19
Kerala | Pathanamthitta,2021-04-26,7439.0,covid19
Kerala | Pathanamthitta,2021-05-03,7454.0,covid19
Kerala | Pathanamthitta,2021-05-10,7435.0,covid19
Kerala | Pathanamthitta,2021-05-17,6308.0,covid19
Kerala | Pathanamthitta,2021-05-24,5043.0,covid19
Kerala | Pathanamthitta,2021-05-31,3518.0,covid19
Kerala | Pathanamthitta,2021-06-07,2876.0,covid19
Kerala | Pathanamthitta,2021-06-14,2904.0,covid19
Kerala | Pathanamthitta,2021-07-19,3182.0,covid19
Kerala | Pathanamthitta,2021-07-26,3399.0,covid19
Kerala | Pathanamthitta,2021-08-02,3755.0,covid19
Kerala | Pathanamthitta,2021-08-09,4200.0,covid19
Kerala | Pathanamthitta,2021-08-16,4606.0,covid19
Kerala | Pathanamthitta,2021-08-23,7486.0,covid19
Kerala | Pathanamthitta,2021-08-30,7694.0,covid19
Kerala | Pathanamthitta,2021-09-06,6538.0,covid19
Kerala | Pathanamthitta,2021-09-13,5489.0,covid19
Kerala | Pathanamthitta,2021-09-20,5398.0,covid19
Kerala | Pathanamthitta,2021-09-27,4305.0,covid19
Kerala | Pathanamthitta,2021-10-04,4010.0,covid19
Kerala | Pathanamthitta,2021-10-11,2683.0,covid19
Kerala | Pathanamthitta,2021-10-18,3021.0,covid19
Kerala | Pathanamthitta,2021-10-25,2506.0,covid19
Kerala | Pathanamthitta,2021-11-01,3263.0,covid19
Kerala | Pathanamthitta,2021-11-08,2205.0,covid19
Kerala | Pathanamthitta,2021-11-15,1458.0,covid19
Kerala | Pathanamthitta,2021-11-22,1372.0,covid19
Kerala | Pathanamthitta,2022-01-03,1739.0,covid19
Kerala | Pathanamthitta,2022-01-10,4494.0,covid19
Kerala | Pathanamthitta,2022-01-17,11084.0,covid19
Kerala | Pathanamthitta,2022-01-24,14192.0,covid19
Kerala | Pathanamthitta,2022-01-31,15085.0,covid19
Kerala | Pathanamthitta,2022-02-07,6752.0,covid19
Kerala | Pathanamthitta,2022-02-14,2946.0,covid19
Kerala | Pathanamthitta,2022-02-21,1449.0,covid19
Kerala | Pathanamthitta,2022-02-28,844.0,covid19
Kerala | Thiruvananthapuram,2020-07-13,1401.0,covid19
Kerala | Thiruvananthapuram,2020-08-17,3209.0,covid19
Kerala | Thiruvananthapuram,2020-08-31,2588.0,covid19
Kerala | Thiruvananthapuram,2020-09-07,3376.0,covid19
Kerala | Thiruvananthapuram,2020-09-14,5125.0,covid19
Kerala | Thiruvananthapuram,2020-09-21,5658.0,covid19
Kerala | Thiruvananthapuram,2020-09-28,6527.0,covid19
Kerala | Thiruvananthapuram,2020-10-05,6457.0,covid19
Kerala | Thiruvananthapuram,2020-10-12,4794.0,covid19
Kerala | Thiruvananthapuram,2020-10-19,4992.0,covid19
Kerala | Thiruvananthapuram,2020-10-26,4468.0,covid19
Kerala | Thiruvananthapuram,2020-11-02,4179.0,covid19
Kerala | Thiruvananthapuram,2020-11-09,2982.0,covid19
Kerala | Thiruvananthapuram,2020-11-16,2694.0,covid19
Kerala | Thiruvananthapuram,2020-11-23,2617.0,covid19
Kerala | Thiruvananthapuram,2020-11-30,2497.0,covid19
Kerala | Thiruvananthapuram,2020-12-07,1894.0,covid19
Kerala | Thiruvananthapuram,2020-12-14,2273.0,covid19
Kerala | Thiruvananthapuram,2020-12-21,2109.0,covid19
Kerala | Thiruvananthapuram,2020-12-28,2300.0,covid19
Kerala | Thiruvananthapuram,2021-01-04,2255.0,covid19
Kerala | Thiruvananthapuram,2021-01-11,2227.0,covid19
Kerala | Thiruvananthapuram,2021-01-18,2981.0,covid19
Kerala | Thiruvananthapuram,2021-01-25,2663.0,covid19
Kerala | Thiruvananthapuram,2021-02-01,2935.0,covid19
Kerala | Thiruvananthapuram,2021-02-08,2644.0,covid19
Kerala | Thiruvananthapuram,2021-02-15,2192.0,covid19
Kerala | Thiruvananthapuram,2021-02-22,1612.0,covid19
Kerala | Thiruvananthapuram,2021-04-05,2730.0,covid19
Kerala | Thiruvananthapuram,2021-04-12,5199.0,covid19
Kerala | Thiruvananthapuram,2021-04-19,13383.0,covid19
Kerala | Thiruvananthapuram,2021-04-26,22384.0,covid19
Kerala | Thiruvananthapuram,2021-05-03,26284.0,covid19
Kerala | Thiruvananthapuram,2021-05-10,26205.0,covid19
Kerala | Thiruvananthapuram,2021-05-17,23439.0,covid19
Kerala | Thiruvananthapuram,2021-05-24,19475.0,covid19
Kerala | Thiruvananthapuram,2021-05-31,15226.0,covid19
Kerala | Thiruvananthapuram,2021-06-07,13123.0,covid19
Kerala | Thiruvananthapuram,2021-06-14,11069.0,covid19
Kerala | Thiruvananthapuram,2021-06-21,9271.0,covid19
Kerala | Thiruvananthapuram,2021-06-28,8493.0,covid19
Kerala | Thiruvananthapuram,2021-07-05,7212.0,covid19
Kerala | Thiruvananthapuram,2021-07-12,6744.0,covid19
Kerala | Thiruvananthapuram,2021-07-19,7233.0,covid19
Kerala | Thiruvananthapuram,2021-07-26,7251.0,covid19
Kerala | Thiruvananthapuram,2021-08-02,7020.0,covid19
Kerala | Thiruvananthapuram,2021-08-09,6737.0,covid19
Kerala | Thiruvananthapuram,2021-08-16,6036.0,covid19
Kerala | Thiruvananthapuram,2021-08-23,12706.0,covid19
Kerala | Thiruvananthapuram,2021-08-30,14994.0,covid19
Kerala | Thiruvananthapuram,2021-09-06,14645.0,covid19
Kerala | Thiruvananthapuram,2021-09-13,13492.0,covid19
Kerala | Thiruvananthapuram,2021-09-20,12730.0,covid19
Kerala | Thiruvananthapuram,2021-09-27,10077.0,covid19
Kerala | Thiruvananthapuram,2021-10-04,9368.0,covid19
Kerala | Thiruvananthapuram,2021-10-11,7626.0,covid19
Kerala | Thiruvananthapuram,2021-10-18,8279.0,covid19
Kerala | Thiruvananthapuram,2021-10-25,6178.0,covid19
Kerala | Thiruvananthapuram,2021-11-01,8480.0,covid19
Kerala | Thiruvananthapuram,2021-11-08,6394.0,covid19
Kerala | Thiruvananthapuram,2021-11-15,4239.0,covid19
Kerala | Thiruvananthapuram,2021-11-22,5956.0,covid19
Kerala | Thiruvananthapuram,2021-11-29,5394.0,covid19
Kerala | Thiruvananthapuram,2021-12-06,5689.0,covid19
Kerala | Thiruvananthapuram,2021-12-13,4371.0,covid19
Kerala | Thiruvananthapuram,2021-12-20,3455.0,covid19
Kerala | Thiruvananthapuram,2021-12-27,3125.0,covid19
Kerala | Thiruvananthapuram,2022-01-03,6718.0,covid19
Kerala | Thiruvananthapuram,2022-01-10,22755.0,covid19
Kerala | Thiruvananthapuram,2022-01-17,52484.0,covid19
Kerala | Thiruvananthapuram,2022-01-24,45610.0,covid19
Kerala | Thiruvananthapuram,2022-01-31,32835.0,covid19
Kerala | Thiruvananthapuram,2022-02-07,18764.0,covid19
Kerala | Thiruvananthapuram,2022-02-14,7778.0,covid19
Kerala | Thiruvananthapuram,2022-02-21,3780.0,covid19
Kerala | Thiruvananthapuram,2022-02-28,2484.0,covid19
Kerala | Thiruvananthapuram,2022-03-07,1082.0,covid19
Kerala | Thiruvananthapuram,2022-03-14,825.0,covid19
Kerala | Thiruvananthapuram,2022-06-06,2709.0,covid19
Kerala | Thiruvananthapuram,2022-06-13,4017.0,covid19
Kerala | Thiruvananthapuram,2022-06-20,4758.0,covid19
Kerala | Thiruvananthapuram,2022-06-27,7069.0,covid19
Kerala | Thiruvananthapuram,2022-07-04,5163.0,covid19
Kerala | Thiruvananthapuram,2022-07-11,2302.0,covid19
Kerala | Thiruvananthapuram,2022-07-18,7766.0,covid19
Kerala | Thiruvananthapuram,2022-07-25,0.0,covid19
Kerala | Thiruvananthapuram,2022-08-01,4438.0,covid19
Kerala | Thiruvananthapuram,2022-08-08,1236.0,covid19
Kerala | Thiruvananthapuram,2022-08-15,1128.0,covid19
Kerala | Thiruvananthapuram,2022-08-22,1390.0,covid19
Kerala | Thrissur,2020-09-21,3278.0,covid19
Kerala | Thrissur,2020-09-28,4671.0,covid19
Kerala | Thrissur,2020-10-05,5438.0,covid19
Kerala | Thrissur,2020-10-12,5935.0,covid19
Kerala | Thrissur,2020-10-19,6339.0,covid19
Kerala | Thrissur,2020-10-26,6362.0,covid19
Kerala | Thrissur,2020-11-02,5759.0,covid19
Kerala | Thrissur,2020-11-09,4695.0,covid19
Kerala | Thrissur,2020-11-16,3908.0,covid19
Kerala | Thrissur,2020-11-23,3756.0,covid19
Kerala | Thrissur,2020-11-30,3722.0,covid19
Kerala | Thrissur,2020-12-07,3071.0,covid19
Kerala | Thrissur,2020-12-14,3716.0,covid19
Kerala | Thrissur,2020-12-21,3296.0,covid19
Kerala | Thrissur,2020-12-28,3086.0,covid19
Kerala | Thrissur,2021-01-04,3069.0,covid19
Kerala | Thrissur,2021-01-11,2712.0,covid19
Kerala | Thrissur,2021-01-18,3015.0,covid19
Kerala | Thrissur,2021-01-25,3039.0,covid19
Kerala | Thrissur,2021-02-01,3152.0,covid19
Kerala | Thrissur,2021-02-08,3103.0,covid19
Kerala | Thrissur,2021-02-15,2664.0,covid19
Kerala | Thrissur,2021-02-22,2235.0,covid19
Kerala | Thrissur,2021-03-01,1678.0,covid19
Kerala | Thrissur,2021-04-12,5924.0,covid19
Kerala | Thrissur,2021-04-19,16737.0,covid19
Kerala | Thrissur,2021-04-26,25867.0,covid19
Kerala | Thrissur,2021-05-03,25227.0,covid19
Kerala | Thrissur,2021-05-10,23695.0,covid19
Kerala | Thrissur,2021-05-17,16867.0,covid19
Kerala | Thrissur,2021-05-24,13191.0,covid19
Kerala | Thrissur,2021-05-31,10329.0,covid19
Kerala | Thrissur,2021-06-07,8927.0,covid19
Kerala | Thrissur,2021-06-14,7691.0,covid19
Kerala | Thrissur,2021-06-21,7739.0,covid19
Kerala | Thrissur,2021-06-28,9096.0,covid19
Kerala | Thrissur,2021-07-05,9768.0,covid19
Kerala | Thrissur,2021-07-12,10367.0,covid19
Kerala | Thrissur,2021-07-19,13224.0,covid19
Kerala | Thrissur,2021-07-26,17547.0,covid19
Kerala | Thrissur,2021-08-02,18230.0,covid19
Kerala | Thrissur,2021-08-09,16864.0,covid19
Kerala | Thrissur,2021-08-16,14873.0,covid19
Kerala | Thrissur,2021-08-23,23771.0,covid19
Kerala | Thrissur,2021-08-30,24960.0,covid19
Kerala | Thrissur,2021-09-06,21277.0,covid19
Kerala | Thrissur,2021-09-13,17875.0,covid19
Kerala | Thrissur,2021-09-20,16086.0,covid19
Kerala | Thrissur,2021-09-27,11351.0,covid19
Kerala | Thrissur,2021-10-04,8871.0,covid19
Kerala | Thrissur,2021-10-11,6874.0,covid19
Kerala | Thrissur,2021-10-18,6815.0,covid19
Kerala | Thrissur,2021-10-25,4998.0,covid19
Kerala | Thrissur,2021-11-01,6616.0,covid19
Kerala | Thrissur,2021-11-08,4965.0,covid19
Kerala | Thrissur,2021-11-15,3819.0,covid19
Kerala | Thrissur,2021-11-22,3259.0,covid19
Kerala | Thrissur,2021-11-29,3084.0,covid19
Kerala | Thrissur,2021-12-06,2862.0,covid19
Kerala | Thrissur,2021-12-13,1834.0,covid19
Kerala | Thrissur,2021-12-20,1215.0,covid19
Kerala | Thrissur,2021-12-27,1468.0,covid19
Kerala | Thrissur,2022-01-03,2770.0,covid19
Kerala | Thrissur,2022-01-10,8208.0,covid19
Kerala | Thrissur,2022-01-17,23280.0,covid19
Kerala | Thrissur,2022-01-24,33783.0,covid19
Kerala | Thrissur,2022-01-31,30221.0,covid19
Kerala | Thrissur,2022-02-07,10285.0,covid19
Kerala | Thrissur,2022-02-14,4745.0,covid19
Kerala | Thrissur,2022-02-21,2132.0,covid19
Kerala | Thrissur,2022-02-28,1053.0,covid19
Kerala | Thrissur,2022-03-07,720.0,covid19
Kerala | Unknown,2022-05-16,5672.0,covid19
Kerala | Unknown,2022-05-30,0.0,covid19
Kerala | Unknown,2022-06-06,3965.0,covid19
Kerala | Unknown,2022-06-13,3944.0,covid19
Kerala | Unknown,2022-06-20,0.0,covid19
Kerala | Unknown,2022-06-27,0.0,covid19
Kerala | Unknown,2022-07-11,14223.0,covid19
Kerala | Unknown,2022-07-18,9334.0,covid19
Kerala | Unknown,2022-07-25,10298.0,covid19
Kerala | Unknown,2022-08-01,4116.0,covid19
Kerala | Unknown,2022-08-08,5340.0,covid19
Kerala | Unknown,2022-08-15,4845.0,covid19
Kerala | Unknown,2022-08-22,3458.0,covid19
Kerala | Unknown,2022-08-29,16114.0,covid19
Kerala | Unknown,2022-09-05,9805.0,covid19
Kerala | Unknown,2022-09-12,14865.0,covid19
Kerala | Unknown,2022-09-19,9260.0,covid19
Kerala | Unknown,2022-09-26,9012.0,covid19
Kerala | Unknown,2022-10-03,5287.0,covid19
Kerala | Unknown,2022-10-10,1144.0,covid19
Kerala | Unknown,2022-10-24,7394.0,covid19
Kerala | Unknown,2022-10-31,1460.0,covid19
Kerala | Unknown,2022-11-07,1120.0,covid19
Kerala | Unknown,2022-11-14,928.0,covid19
Kerala | Unknown,2023-03-27,4661.0,covid19
Kerala | Unknown,2023-04-03,11296.0,covid19
Kerala | Unknown,2023-04-10,19109.0,covid19
Kerala | Unknown,2023-04-17,15721.0,covid19
Kerala | Unknown,2023-04-24,10839.0,covid19
Kerala | Unknown,2023-05-01,5111.0,covid19
Kerala | Unknown,2023-05-08,68759.0,covid19
Kerala | Unknown,2023-05-15,1588.0,covid19
Kerala | Unknown,2023-05-22,898.0,covid19
Kerala | Unknown,2023-05-29,451.0,covid19
Kerala | Unknown,2023-06-26,3577.0,covid19
Kerala | Wayanad,2021-04-12,2208.0,covid19
Kerala | Wayanad,2021-04-19,4474.0,covid19
Kerala | Wayanad,2021-04-26,5435.0,covid19
Kerala | Wayanad,2021-05-03,6254.0,covid19
Kerala | Wayanad,2021-05-10,4482.0,covid19
Kerala | Wayanad,2021-05-17,3233.0,covid19
Kerala | Wayanad,2021-05-24,2014.0,covid19
Kerala | Wayanad,2021-05-31,1703.0,covid19
Kerala | Wayanad,2021-07-26,3942.0,covid19
Kerala | Wayanad,2021-08-02,4181.0,covid19
Kerala | Wayanad,2021-08-09,3945.0,covid19
Kerala | Wayanad,2021-08-16,3546.0,covid19
Kerala | Wayanad,2021-08-23,6567.0,covid19
Kerala | Wayanad,2021-08-30,6349.0,covid19
Kerala | Wayanad,2021-09-06,5393.0,covid19
Kerala | Wayanad,2021-09-13,3884.0,covid19
Kerala | Wayanad,2021-09-20,3617.0,covid19
Kerala | Wayanad,2021-09-27,2702.0,covid19
Kerala | Wayanad,2021-10-04,2142.0,covid19
Kerala | Wayanad,2021-10-11,1767.0,covid19
Kerala | Wayanad,2021-11-01,2311.0,covid19
Kerala | Wayanad,2022-01-10,1474.0,covid19
Kerala | Wayanad,2022-01-17,5140.0,covid19
Kerala | Wayanad,2022-01-24,8616.0,covid19
Kerala | Wayanad,2022-01-31,8118.0,covid19
Kerala | Wayanad,2022-02-07,4001.0,covid19
Kerala | Wayanad,2022-02-14,2238.0,covid19
Kerala | Wayanad,2022-02-21,1029.0,covid19
Kerala | Wayanad,2022-02-28,575.0,covid19
Ladakh | Kargil,2020-06-08,371.0,covid19
Ladakh | Unknown,2021-11-01,21047.0,covid19
Ladakh | Unknown,2021-11-08,12.0,covid19
Ladakh | Unknown,2021-11-15,0.0,covid19
Ladakh | Unknown,2021-11-22,29.0,covid19
Ladakh | Unknown,2022-01-17,266.0,covid19
Lakshadweep | Unknown,2021-11-15,5.0,covid19
Madhya Pradesh | Bhopal,2020-10-12,2542.0,covid19
Madhya Pradesh | Bhopal,2020-11-16,1809.0,covid19
Madhya Pradesh | Bhopal,2020-11-23,2320.0,covid19
Madhya Pradesh | Bhopal,2020-11-30,2221.0,covid19
Madhya Pradesh | Bhopal,2020-12-07,2014.0,covid19
Madhya Pradesh | Bhopal,2020-12-14,1371.0,covid19
Madhya Pradesh | Bhopal,2020-12-21,1351.0,covid19
Madhya Pradesh | Bhopal,2020-12-28,1099.0,covid19
Madhya Pradesh | Bhopal,2021-03-22,2877.0,covid19
Madhya Pradesh | Bhopal,2021-03-29,3519.0,covid19
Madhya Pradesh | Bhopal,2021-04-05,4621.0,covid19
Madhya Pradesh | Bhopal,2021-04-12,10443.0,covid19
Madhya Pradesh | Bhopal,2021-04-19,12166.0,covid19
Madhya Pradesh | Bhopal,2021-04-26,12398.0,covid19
Madhya Pradesh | Bhopal,2021-05-03,11198.0,covid19
Madhya Pradesh | Bhopal,2021-05-10,8876.0,covid19
Madhya Pradesh | Bhopal,2021-05-17,4499.0,covid19
Madhya Pradesh | Bhopal,2021-05-24,2920.0,covid19
Madhya Pradesh | Bhopal,2021-05-31,1324.0,covid19
Madhya Pradesh | Bhopal,2021-06-07,744.0,covid19
Madhya Pradesh | Chhatarpur,2021-04-12,982.0,covid19
Madhya Pradesh | Gwalior,2021-04-12,5069.0,covid19
Madhya Pradesh | Gwalior,2021-04-19,8195.0,covid19
Madhya Pradesh | Gwalior,2021-04-26,7507.0,covid19
Madhya Pradesh | Gwalior,2021-05-03,6958.0,covid19
Madhya Pradesh | Gwalior,2021-05-10,3788.0,covid19
Madhya Pradesh | Gwalior,2021-05-17,970.0,covid19
Madhya Pradesh | Gwalior,2021-05-24,529.0,covid19
Madhya Pradesh | Indore,2020-09-14,2736.0,covid19
Madhya Pradesh | Indore,2020-09-21,3089.0,covid19
Madhya Pradesh | Indore,2020-09-28,3321.0,covid19
Madhya Pradesh | Indore,2020-10-05,3139.0,covid19
Madhya Pradesh | Indore,2020-10-12,2556.0,covid19
Madhya Pradesh | Indore,2020-10-19,1694.0,covid19
Madhya Pradesh | Indore,2020-10-26,802.0,covid19
Madhya Pradesh | Indore,2020-11-16,2067.0,covid19
Madhya Pradesh | Indore,2020-11-23,3965.0,covid19
Madhya Pradesh | Indore,2020-11-30,3825.0,covid19
Madhya Pradesh | Indore,2020-12-07,3246.0,covid19
Madhya Pradesh | Indore,2020-12-14,2866.0,covid19
Madhya Pradesh | Indore,2020-12-21,2347.0,covid19
Madhya Pradesh | Indore,2020-12-28,1565.0,covid19
Madhya Pradesh | Indore,2021-01-04,1064.0,covid19
Madhya Pradesh | Indore,2021-03-22,3638.0,covid19
Madhya Pradesh | Indore,2021-03-29,4645.0,covid19
Madhya Pradesh | Indore,2021-04-05,6075.0,covid19
Madhya Pradesh | Indore,2021-04-12,10806.0,covid19
Madhya Pradesh | Indore,2021-04-19,12434.0,covid19
Madhya Pradesh | Indore,2021-04-26,12742.0,covid19
Madhya Pradesh | Indore,2021-05-03,12339.0,covid19
Madhya Pradesh | Indore,2021-05-10,11046.0,covid19
Madhya Pradesh | Indore,2021-05-17,7423.0,covid19
Madhya Pradesh | Indore,2021-05-24,4124.0,covid19
Madhya Pradesh | Indore,2021-05-31,2145.0,covid19
Madhya Pradesh | Indore,2021-06-07,949.0,covid19
Madhya Pradesh | Indore,2021-06-14,225.0,covid19
Madhya Pradesh | Jabalpur,2021-04-12,4585.0,covid19
Madhya Pradesh | Jabalpur,2021-04-19,5802.0,covid19
Madhya Pradesh | Jabalpur,2021-04-26,5408.0,covid19
Madhya Pradesh | Jabalpur,2021-05-03,5712.0,covid19
Madhya Pradesh | Jabalpur,2021-05-10,3536.0,covid19
Madhya Pradesh | Jabalpur,2021-05-17,1988.0,covid19
Madhya Pradesh | Jabalpur,2021-05-24,719.0,covid19
Madhya Pradesh | Morena,2021-04-19,1387.0,covid19
Madhya Pradesh | Rewa,2021-04-12,1403.0,covid19
Madhya Pradesh | Rewa,2021-04-19,2326.0,covid19
Madhya Pradesh | Shajapur,2021-04-12,1337.0,covid19
Madhya Pradesh | Sidhi,2021-04-12,618.0,covid19
Madhya Pradesh | Sidhi,2021-04-19,1492.0,covid19
Madhya Pradesh | Unknown,2021-07-12,1387.0,covid19
Madhya Pradesh | Unknown,2021-10-25,791438.0,covid19
Madhya Pradesh | Unknown,2021-11-01,53.0,covid19
Madhya Pradesh | Unknown,2021-11-08,62.0,covid19
Madhya Pradesh | Unknown,2021-11-15,58.0,covid19
Madhya Pradesh | Unknown,2022-01-03,7086.0,covid19
Madhya Pradesh | Unknown,2022-01-10,29597.0,covid19
Madhya Pradesh | Unknown,2022-01-17,63236.0,covid19
Madhya Pradesh | Unknown,2022-01-24,65280.0,covid19
Madhya Pradesh | Unknown,2022-01-31,46314.0,covid19
Madhya Pradesh | Unknown,2022-02-07,20138.0,covid19
Madhya Pradesh | Unknown,2022-02-14,8549.0,covid19
Madhya Pradesh | Unknown,2022-02-21,4148.0,covid19
Madhya Pradesh | Unknown,2022-02-28,1467.0,covid19
Madhya Pradesh | Unknown,2022-03-07,637.0,covid19
Madhya Pradesh | Unknown,2022-03-14,194.0,covid19
Maharashtra | Ahmednagar,2020-07-20,1807.0,covid19
Maharashtra | Ahmednagar,2020-07-27,2277.0,covid19
Maharashtra | Ahmednagar,2020-08-03,3575.0,covid19
Maharashtra | Ahmednagar,2020-08-10,3705.0,covid19
Maharashtra | Ahmednagar,2020-08-17,3616.0,covid19
Maharashtra | Ahmednagar,2020-08-24,3698.0,covid19
Maharashtra | Ahmednagar,2020-08-31,4461.0,covid19
Maharashtra | Ahmednagar,2020-09-07,4426.0,covid19
Maharashtra | Ahmednagar,2020-09-14,6659.0,covid19
Maharashtra | Ahmednagar,2020-09-21,4692.0,covid19
Maharashtra | Ahmednagar,2020-09-28,4604.0,covid19
Maharashtra | Ahmednagar,2020-10-05,5165.0,covid19
Maharashtra | Ahmednagar,2020-10-12,2699.0,covid19
Maharashtra | Ahmednagar,2020-10-19,1873.0,covid19
Maharashtra | Ahmednagar,2020-10-26,1570.0,covid19
Maharashtra | Ahmednagar,2020-11-23,2100.0,covid19
Maharashtra | Ahmednagar,2021-03-08,2574.0,covid19
Maharashtra | Ahmednagar,2021-03-15,4095.0,covid19
Maharashtra | Ahmednagar,2021-03-22,6092.0,covid19
Maharashtra | Ahmednagar,2021-03-29,10518.0,covid19
Maharashtra | Ahmednagar,2021-04-05,13946.0,covid19
Maharashtra | Ahmednagar,2021-04-12,19281.0,covid19
Maharashtra | Ahmednagar,2021-04-19,22288.0,covid19
Maharashtra | Ahmednagar,2021-04-26,22566.0,covid19
Maharashtra | Ahmednagar,2021-05-03,24150.0,covid19
Maharashtra | Ahmednagar,2021-05-10,21009.0,covid19
Maharashtra | Ahmednagar,2021-05-17,15577.0,covid19
Maharashtra | Ahmednagar,2021-05-24,11086.0,covid19
Maharashtra | Ahmednagar,2021-05-31,5787.0,covid19
Maharashtra | Ahmednagar,2021-06-07,4134.0,covid19
Maharashtra | Ahmednagar,2021-06-14,3849.0,covid19
Maharashtra | Ahmednagar,2021-06-21,2619.0,covid19
Maharashtra | Ahmednagar,2021-06-28,2670.0,covid19
Maharashtra | Ahmednagar,2021-07-05,2981.0,covid19
Maharashtra | Ahmednagar,2021-07-12,3677.0,covid19
Maharashtra | Ahmednagar,2021-07-19,4709.0,covid19
Maharashtra | Ahmednagar,2021-07-26,6213.0,covid19
Maharashtra | Ahmednagar,2021-08-02,5615.0,covid19
Maharashtra | Ahmednagar,2021-08-09,5506.0,covid19
Maharashtra | Ahmednagar,2021-08-16,4459.0,covid19
Maharashtra | Ahmednagar,2021-08-23,4863.0,covid19
Maharashtra | Ahmednagar,2021-08-30,5309.0,covid19
Maharashtra | Ahmednagar,2021-09-06,6208.0,covid19
Maharashtra | Ahmednagar,2021-09-13,4928.0,covid19
Maharashtra | Ahmednagar,2021-09-20,4632.0,covid19
Maharashtra | Ahmednagar,2021-09-27,3771.0,covid19
Maharashtra | Ahmednagar,2021-10-04,2729.0,covid19
Maharashtra | Ahmednagar,2021-10-11,2120.0,covid19
Maharashtra | Ahmednagar,2021-10-18,1324.0,covid19
Maharashtra | Ahmednagar,2021-10-25,884.0,covid19
Maharashtra | Ahmednagar,2022-01-10,3648.0,covid19
Maharashtra | Ahmednagar,2022-01-17,8942.0,covid19
Maharashtra | Ahmednagar,2022-01-24,7653.0,covid19
Maharashtra | Ahmednagar,2022-01-31,6145.0,covid19
Maharashtra | Ahmednagar,2022-02-07,3439.0,covid19
Maharashtra | Ahmednagar,2022-02-14,1464.0,covid19
Maharashtra | Ahmednagar,2022-02-21,622.0,covid19
Maharashtra | Ahmednagar,2022-09-12,728.0,covid19
Maharashtra | Akola,2021-03-01,2384.0,covid19
Maharashtra | Akola,2021-03-08,2336.0,covid19
Maharashtra | Akola,2021-03-15,3861.0,covid19
Maharashtra | Akola,2021-03-22,3474.0,covid19
Maharashtra | Akola,2021-03-29,2137.0,covid19
Maharashtra | Akola,2021-04-05,2283.0,covid19
Maharashtra | Akola,2021-04-12,2607.0,covid19
Maharashtra | Akola,2021-04-19,3804.0,covid19
Maharashtra | Akola,2021-04-26,3349.0,covid19
Maharashtra | Akola,2021-05-03,3674.0,covid19
Maharashtra | Akola,2021-05-10,4111.0,covid19
Maharashtra | Akola,2021-05-17,4221.0,covid19
Maharashtra | Akola,2021-05-24,2332.0,covid19
Maharashtra | Akola,2021-05-31,1314.0,covid19
Maharashtra | Akola,2021-06-07,580.0,covid19
Maharashtra | Akola,2022-01-03,376.0,covid19
Maharashtra | Akola,2022-01-10,1538.0,covid19
Maharashtra | Akola,2022-01-17,2538.0,covid19
Maharashtra | Akola,2022-01-24,1719.0,covid19
Maharashtra | Akola,2022-09-12,150.0,covid19
Maharashtra | Amravati,2020-09-07,2464.0,covid19
Maharashtra | Amravati,2020-09-14,2215.0,covid19
Maharashtra | Amravati,2020-09-21,2270.0,covid19
Maharashtra | Amravati,2021-02-08,2420.0,covid19
Maharashtra | Amravati,2021-02-15,4985.0,covid19
Maharashtra | Amravati,2021-02-22,5336.0,covid19
Maharashtra | Amravati,2021-03-01,4435.0,covid19
Maharashtra | Amravati,2021-03-08,2937.0,covid19
Maharashtra | Amravati,2021-03-15,2761.0,covid19
Maharashtra | Amravati,2021-03-22,2185.0,covid19
Maharashtra | Amravati,2021-04-12,4144.0,covid19
Maharashtra | Amravati,2021-04-19,4294.0,covid19
Maharashtra | Amravati,2021-04-26,4670.0,covid19
Maharashtra | Amravati,2021-05-03,6162.0,covid19
Maharashtra | Amravati,2021-05-10,7161.0,covid19
Maharashtra | Amravati,2021-05-17,7175.0,covid19
Maharashtra | Amravati,2021-05-24,3979.0,covid19
Maharashtra | Amravati,2021-05-31,2209.0,covid19
Maharashtra | Amravati,2021-06-07,1010.0,covid19
Maharashtra | Amravati,2021-08-02,1136.0,covid19
Maharashtra | Amravati,2022-01-03,245.0,covid19
Maharashtra | Amravati,2022-01-10,848.0,covid19
Maharashtra | Amravati,2022-01-17,2522.0,covid19
Maharashtra | Amravati,2022-01-24,2446.0,covid19
Maharashtra | Amravati,2022-01-31,2043.0,covid19
Maharashtra | Amravati,2022-09-12,178.0,covid19
Maharashtra | Aurangabad,2020-09-07,4231.0,covid19
Maharashtra | Aurangabad,2020-09-14,3045.0,covid19
Maharashtra | Aurangabad,2020-09-21,2703.0,covid19
Maharashtra | Aurangabad,2020-09-28,2239.0,covid19
Maharashtra | Aurangabad,2020-10-05,1519.0,covid19
Maharashtra | Aurangabad,2021-02-22,1761.0,covid19
Maharashtra | Aurangabad,2021-03-01,2466.0,covid19
Maharashtra | Aurangabad,2021-03-08,4328.0,covid19
Maharashtra | Aurangabad,2021-03-15,9701.0,covid19
Maharashtra | Aurangabad,2021-03-22,11122.0,covid19
Maharashtra | Aurangabad,2021-03-29,9268.0,covid19
Maharashtra | Aurangabad,2021-04-05,9324.0,covid19
Maharashtra | Aurangabad,2021-04-12,9613.0,covid19
Maharashtra | Aurangabad,2021-04-19,9838.0,covid19
Maharashtra | Aurangabad,2021-04-26,8585.0,covid19
Maharashtra | Aurangabad,2021-05-03,7324.0,covid19
Maharashtra | Aurangabad,2021-05-10,5378.0,covid19
Maharashtra | Aurangabad,2021-05-17,4530.0,covid19
Maharashtra | Aurangabad,2021-05-24,2811.0,covid19
Maharashtra | Aurangabad,2021-05-31,1473.0,covid19
Maharashtra | Aurangabad,2021-06-07,909.0,covid19
Maharashtra | Aurangabad,2022-01-03,837.0,covid19
Maharashtra | Aurangabad,2022-01-10,3460.0,covid19
Maharashtra | Aurangabad,2022-01-17,6209.0,covid19
Maharashtra | Aurangabad,2022-01-24,5139.0,covid19
Maharashtra | Aurangabad,2022-01-31,2748.0,covid19
Maharashtra | Aurangabad,2022-02-07,1197.0,covid19
Maharashtra | Aurangabad,2022-02-14,344.0,covid19
Maharashtra | Aurangabad,2022-09-12,335.0,covid19
Maharashtra | Beed,2021-03-15,1943.0,covid19
Maharashtra | Beed,2021-03-29,2791.0,covid19
Maharashtra | Beed,2021-04-05,5299.0,covid19
Maharashtra | Beed,2021-04-12,7098.0,covid19
Maharashtra | Beed,2021-04-19,8084.0,covid19
Maharashtra | Beed,2021-04-26,9718.0,covid19
Maharashtra | Beed,2021-05-03,9670.0,covid19
Maharashtra | Beed,2021-05-10,7948.0,covid19
Maharashtra | Beed,2021-05-17,6804.0,covid19
Maharashtra | Beed,2021-05-24,4624.0,covid19
Maharashtra | Beed,2021-05-31,2269.0,covid19
Maharashtra | Beed,2021-06-07,1134.0,covid19
Maharashtra | Beed,2021-06-14,1284.0,covid19
Maharashtra | Beed,2022-01-17,1651.0,covid19
Maharashtra | Beed,2022-01-24,1468.0,covid19
Maharashtra | Beed,2022-09-12,95.0,covid19
Maharashtra | Bhandara,2021-03-29,4091.0,covid19
Maharashtra | Bhandara,2021-04-05,7361.0,covid19
Maharashtra | Bhandara,2021-04-12,9311.0,covid19
Maharashtra | Bhandara,2021-04-19,7637.0,covid19
Maharashtra | Bhandara,2021-04-26,6634.0,covid19
Maharashtra | Bhandara,2021-05-03,4161.0,covid19
Maharashtra | Bhandara,2021-05-10,1344.0,covid19
Maharashtra | Bhandara,2021-05-17,768.0,covid19
Maharashtra | Bhandara,2022-01-03,191.0,covid19
Maharashtra | Bhandara,2022-01-10,701.0,covid19
Maharashtra | Bhandara,2022-01-17,2248.0,covid19
Maharashtra | Bhandara,2022-01-24,2542.0,covid19
Maharashtra | Bhandara,2022-01-31,1472.0,covid19
Maharashtra | Bhandara,2022-09-12,467.0,covid19
Maharashtra | Buldhana,2021-03-15,3199.0,covid19
Maharashtra | Buldhana,2021-03-22,2748.0,covid19
Maharashtra | Buldhana,2021-03-29,3789.0,covid19
Maharashtra | Buldhana,2021-04-05,6049.0,covid19
Maharashtra | Buldhana,2021-04-12,630.0,covid19
Maharashtra | Buldhana,2021-04-19,2969.0,covid19
Maharashtra | Buldhana,2021-04-26,7317.0,covid19
Maharashtra | Buldhana,2021-05-03,12720.0,covid19
Maharashtra | Buldhana,2021-05-10,8507.0,covid19
Maharashtra | Buldhana,2021-05-17,5446.0,covid19
Maharashtra | Buldhana,2021-05-24,6604.0,covid19
Maharashtra | Buldhana,2021-05-31,694.0,covid19
Maharashtra | Buldhana,2021-06-07,564.0,covid19
Maharashtra | Buldhana,2021-06-14,1119.0,covid19
Maharashtra | Buldhana,2022-01-10,483.0,covid19
Maharashtra | Buldhana,2022-01-17,1036.0,covid19
Maharashtra | Buldhana,2022-09-12,156.0,covid19
Maharashtra | Chandrapur,2020-08-31,1638.0,covid19
Maharashtra | Chandrapur,2021-04-05,4095.0,covid19
Maharashtra | Chandrapur,2021-04-12,7938.0,covid19
Maharashtra | Chandrapur,2021-04-19,11662.0,covid19
Maharashtra | Chandrapur,2021-04-26,9774.0,covid19
Maharashtra | Chandrapur,2021-05-03,10004.0,covid19
Maharashtra | Chandrapur,2021-05-10,7032.0,covid19
Maharashtra | Chandrapur,2021-05-17,3257.0,covid19
Maharashtra | Chandrapur,2021-05-24,1585.0,covid19
Maharashtra | Chandrapur,2021-05-31,953.0,covid19
Maharashtra | Chandrapur,2022-01-03,329.0,covid19
Maharashtra | Chandrapur,2022-01-10,1457.0,covid19
Maharashtra | Chandrapur,2022-01-17,3465.0,covid19
Maharashtra | Chandrapur,2022-01-24,2982.0,covid19
Maharashtra | Chandrapur,2022-01-31,1021.0,covid19
Maharashtra | Chandrapur,2022-02-07,299.0,covid19
Maharashtra | Chandrapur,2022-09-12,438.0,covid19
Maharashtra | Dhule,2021-03-15,2397.0,covid19
Maharashtra | Dhule,2021-03-22,3341.0,covid19
Maharashtra | Dhule,2021-03-29,3172.0,covid19
Maharashtra | Dhule,2021-04-05,3676.0,covid19
Maharashtra | Dhule,2021-04-12,2572.0,covid19
Maharashtra | Dhule,2022-01-10,751.0,covid19
Maharashtra | Dhule,2022-01-17,1786.0,covid19
Maharashtra | Dhule,2022-09-12,113.0,covid19
Maharashtra | Gadchiroli,2021-04-12,2465.0,covid19
Maharashtra | Gadchiroli,2021-04-19,3411.0,covid19
Maharashtra | Gadchiroli,2021-04-26,3506.0,covid19
Maharashtra | Gadchiroli,2021-05-03,3177.0,covid19
Maharashtra | Gadchiroli,2022-01-03,151.0,covid19
Maharashtra | Gadchiroli,2022-01-10,580.0,covid19
Maharashtra | Gadchiroli,2022-01-17,1609.0,covid19
Maharashtra | Gadchiroli,2022-01-24,1416.0,covid19
Maharashtra | Gadchiroli,2022-09-12,340.0,covid19
Maharashtra | Gondia,2020-09-21,1997.0,covid19
Maharashtra | Gondia,2021-04-05,3707.0,covid19
Maharashtra | Gondia,2021-04-12,4717.0,covid19
Maharashtra | Gondia,2021-04-19,4496.0,covid19
Maharashtra | Gondia,2021-04-26,3810.0,covid19
Maharashtra | Gondia,2021-05-03,2804.0,covid19
Maharashtra | Gondia,2021-05-10,2193.0,covid19
Maharashtra | Gondia,2021-12-27,25.0,covid19
Maharashtra | Gondia,2022-01-03,233.0,covid19
Maharashtra | Gondia,2022-01-10,891.0,covid19
Maharashtra | Gondia,2022-01-17,1485.0,covid19
Maharashtra | Gondia,2022-09-12,128.0,covid19
Maharashtra | Hingoli,2022-01-10,241.0,covid19
Maharashtra | Hingoli,2022-01-17,892.0,covid19
Maharashtra | Jalgaon,2020-08-03,3096.0,covid19
Maharashtra | Jalgaon,2020-08-10,3499.0,covid19
Maharashtra | Jalgaon,2020-08-17,4112.0,covid19
Maharashtra | Jalgaon,2020-08-24,4779.0,covid19
Maharashtra | Jalgaon,2020-08-31,4686.0,covid19
Maharashtra | Jalgaon,2020-09-07,5607.0,covid19
Maharashtra | Jalgaon,2020-09-14,5760.0,covid19
Maharashtra | Jalgaon,2020-09-21,3746.0,covid19
Maharashtra | Jalgaon,2020-09-28,2204.0,covid19
Maharashtra | Jalgaon,2020-10-05,2228.0,covid19
Maharashtra | Jalgaon,2020-10-12,1156.0,covid19
Maharashtra | Jalgaon,2021-02-22,2218.0,covid19
Maharashtra | Jalgaon,2021-03-01,3190.0,covid19
Maharashtra | Jalgaon,2021-03-08,5226.0,covid19
Maharashtra | Jalgaon,2021-03-15,6027.0,covid19
Maharashtra | Jalgaon,2021-03-22,7089.0,covid19
Maharashtra | Jalgaon,2021-03-29,7694.0,covid19
Maharashtra | Jalgaon,2021-04-05,8486.0,covid19
Maharashtra | Jalgaon,2021-04-12,7576.0,covid19
Maharashtra | Jalgaon,2021-04-19,7021.0,covid19
Maharashtra | Jalgaon,2021-04-26,7562.0,covid19
Maharashtra | Jalgaon,2021-05-03,5841.0,covid19
Maharashtra | Jalgaon,2021-05-10,5068.0,covid19
Maharashtra | Jalgaon,2021-05-17,3242.0,covid19
Maharashtra | Jalgaon,2021-05-24,1550.0,covid19
Maharashtra | Jalgaon,2021-05-31,1175.0,covid19
Maharashtra | Jalgaon,2022-01-03,348.0,covid19
Maharashtra | Jalgaon,2022-01-10,1668.0,covid19
Maharashtra | Jalgaon,2022-01-17,2832.0,covid19
Maharashtra | Jalgaon,2022-01-24,2738.0,covid19
Maharashtra | Jalgaon,2022-01-31,1354.0,covid19
Maharashtra | Jalgaon,2022-09-12,89.0,covid19
Maharashtra | Jalna,2021-03-15,2691.0,covid19
Maharashtra | Jalna,2021-03-22,2935.0,covid19
Maharashtra | Jalna,2021-03-29,2567.0,covid19
Maharashtra | Jalna,2021-04-05,4718.0,covid19
Maharashtra | Jalna,2021-04-12,5303.0,covid19
Maharashtra | Jalna,2021-04-19,5572.0,covid19
Maharashtra | Jalna,2021-04-26,5377.0,covid19
Maharashtra | Jalna,2021-05-03,4797.0,covid19
Maharashtra | Jalna,2021-05-10,3460.0,covid19
Maharashtra | Jalna,2021-05-17,2543.0,covid19
Maharashtra | Jalna,2021-05-24,1456.0,covid19
Maharashtra | Jalna,2022-01-10,698.0,covid19
Maharashtra | Jalna,2022-01-17,1678.0,covid19
Maharashtra | Jalna,2022-01-24,1756.0,covid19
Maharashtra | Jalna,2022-09-12,152.0,covid19
Maharashtra | Kolhapur,2020-07-27,2385.0,covid19
Maharashtra | Kolhapur,2020-08-03,3022.0,covid19
Maharashtra | Kolhapur,2020-08-10,5017.0,covid19
Maharashtra | Kolhapur,2020-08-17,3629.0,covid19
Maharashtra | Kolhapur,2020-08-24,4432.0,covid19
Maharashtra | Kolhapur,2020-08-31,4975.0,covid19
Maharashtra | Kolhapur,2020-09-07,5877.0,covid19
Maharashtra | Kolhapur,2020-09-14,4693.0,covid19
Maharashtra | Kolhapur,2020-09-21,4803.0,covid19
Maharashtra | Kolhapur,2020-09-28,2351.0,covid19
Maharashtra | Kolhapur,2020-10-05,1187.0,covid19
Maharashtra | Kolhapur,2020-10-12,537.0,covid19
Maharashtra | Kolhapur,2021-04-12,2884.0,covid19
Maharashtra | Kolhapur,2021-04-19,5158.0,covid19
Maharashtra | Kolhapur,2021-04-26,7161.0,covid19
Maharashtra | Kolhapur,2021-05-03,10964.0,covid19
Maharashtra | Kolhapur,2021-05-10,10555.0,covid19
Maharashtra | Kolhapur,2021-05-17,9525.0,covid19
Maharashtra | Kolhapur,2021-05-24,12636.0,covid19
Maharashtra | Kolhapur,2021-05-31,10589.0,covid19
Maharashtra | Kolhapur,2021-06-07,10395.0,covid19
Maharashtra | Kolhapur,2021-06-14,7734.0,covid19
Maharashtra | Kolhapur,2021-06-21,10984.0,covid19
Maharashtra | Kolhapur,2021-06-28,11281.0,covid19
Maharashtra | Kolhapur,2021-07-05,10709.0,covid19
Maharashtra | Kolhapur,2021-07-12,10246.0,covid19
Maharashtra | Kolhapur,2021-07-19,7000.0,covid19
Maharashtra | Kolhapur,2021-07-26,3205.0,covid19
Maharashtra | Kolhapur,2021-08-02,3842.0,covid19
Maharashtra | Kolhapur,2021-08-09,2822.0,covid19
Maharashtra | Kolhapur,2021-08-16,1422.0,covid19
Maharashtra | Kolhapur,2021-08-23,1282.0,covid19
Maharashtra | Kolhapur,2022-01-03,735.0,covid19
Maharashtra | Kolhapur,2022-01-10,2377.0,covid19
Maharashtra | Kolhapur,2022-01-17,4062.0,covid19
Maharashtra | Kolhapur,2022-01-24,3439.0,covid19
Maharashtra | Kolhapur,2022-01-31,1814.0,covid19
Maharashtra | Kolhapur,2022-02-07,616.0,covid19
Maharashtra | Kolhapur,2022-02-14,198.0,covid19
Maharashtra | Kolhapur,2022-07-11,220897.0,covid19
Maharashtra | Kolhapur,2022-07-18,135.0,covid19
Maharashtra | Kolhapur,2022-07-25,202.0,covid19
Maharashtra | Kolhapur,2022-08-01,122.0,covid19
Maharashtra | Kolhapur,2022-09-12,435.0,covid19
Maharashtra | Latur,2020-09-07,2450.0,covid19
Maharashtra | Latur,2020-09-14,2191.0,covid19
Maharashtra | Latur,2021-03-22,3070.0,covid19
Maharashtra | Latur,2021-03-29,4330.0,covid19
Maharashtra | Latur,2021-04-05,8092.0,covid19
Maharashtra | Latur,2021-04-12,11688.0,covid19
Maharashtra | Latur,2021-04-19,10011.0,covid19
Maharashtra | Latur,2021-04-26,7909.0,covid19
Maharashtra | Latur,2021-05-03,7393.0,covid19
Maharashtra | Latur,2021-05-10,3879.0,covid19
Maharashtra | Latur,2021-05-17,2857.0,covid19
Maharashtra | Latur,2021-05-24,1348.0,covid19
Maharashtra | Latur,2022-01-03,438.0,covid19
Maharashtra | Latur,2022-01-10,2692.0,covid19
Maharashtra | Latur,2022-01-17,4288.0,covid19
Maharashtra | Latur,2022-01-24,3019.0,covid19
Maharashtra | Latur,2022-01-31,1275.0,covid19
Maharashtra | Latur,2022-02-07,479.0,covid19
Maharashtra | Latur,2022-09-12,409.0,covid19
Maharashtra | Mumbai,2020-04-27,3393.0,covid19
Maharashtra | Mumbai,2020-05-04,4939.0,covid19
Maharashtra | Mumbai,2020-05-11,6411.0,covid19
Maharashtra | Mumbai,2020-05-18,10392.0,covid19
Maharashtra | Mumbai,2020-05-25,9144.0,covid19
Maharashtra | Mumbai,2020-06-01,9088.0,covid19
Maharashtra | Mumbai,2020-06-08,9452.0,covid19
Maharashtra | Mumbai,2020-06-15,8262.0,covid19
Maharashtra | Mumbai,2020-06-22,9051.0,covid19
Maharashtra | Mumbai,2020-06-29,8985.0,covid19
Maharashtra | Mumbai,2020-07-06,8464.0,covid19
Maharashtra | Mumbai,2020-07-13,8400.0,covid19
Maharashtra | Mumbai,2020-07-20,7773.0,covid19
Maharashtra | Mumbai,2020-07-27,7275.0,covid19
Maharashtra | Mumbai,2020-08-03,6946.0,covid19
Maharashtra | Mumbai,2020-08-10,6163.0,covid19
Maharashtra | Mumbai,2020-08-17,7627.0,covid19
Maharashtra | Mumbai,2020-08-24,8273.0,covid19
Maharashtra | Mumbai,2020-08-31,10996.0,covid19
Maharashtra | Mumbai,2020-09-07,14119.0,covid19
Maharashtra | Mumbai,2020-09-14,14698.0,covid19
Maharashtra | Mumbai,2020-09-21,14407.0,covid19
Maharashtra | Mumbai,2020-09-28,14806.0,covid19
Maharashtra | Mumbai,2020-10-05,15794.0,covid19
Maharashtra | Mumbai,2020-10-12,12489.0,covid19
Maharashtra | Mumbai,2020-10-19,9346.0,covid19
Maharashtra | Mumbai,2020-10-26,7124.0,covid19
Maharashtra | Mumbai,2020-11-02,6140.0,covid19
Maharashtra | Mumbai,2020-11-09,5165.0,covid19
Maharashtra | Mumbai,2020-11-16,6004.0,covid19
Maharashtra | Mumbai,2020-11-23,7107.0,covid19
Maharashtra | Mumbai,2020-11-30,4605.0,covid19
Maharashtra | Mumbai,2020-12-07,4583.0,covid19
Maharashtra | Mumbai,2020-12-14,3444.0,covid19
Maharashtra | Mumbai,2020-12-21,4064.0,covid19
Maharashtra | Mumbai,2020-12-28,4327.0,covid19
Maharashtra | Mumbai,2021-01-04,3906.0,covid19
Maharashtra | Mumbai,2021-01-11,3865.0,covid19
Maharashtra | Mumbai,2021-01-18,3293.0,covid19
Maharashtra | Mumbai,2021-01-25,2925.0,covid19
Maharashtra | Mumbai,2021-02-01,2906.0,covid19
Maharashtra | Mumbai,2021-02-08,3105.0,covid19
Maharashtra | Mumbai,2021-02-15,5052.0,covid19
Maharashtra | Mumbai,2021-02-22,6789.0,covid19
Maharashtra | Mumbai,2021-03-01,7652.0,covid19
Maharashtra | Mumbai,2021-03-08,10393.0,covid19
Maharashtra | Mumbai,2021-03-15,18713.0,covid19
Maharashtra | Mumbai,2021-03-22,36049.0,covid19
Maharashtra | Mumbai,2021-03-29,53957.0,covid19
Maharashtra | Mumbai,2021-04-05,67817.0,covid19
Maharashtra | Mumbai,2021-04-12,58988.0,covid19
Maharashtra | Mumbai,2021-04-19,48158.0,covid19
Maharashtra | Mumbai,2021-04-26,28353.0,covid19
Maharashtra | Mumbai,2021-05-03,19633.0,covid19
Maharashtra | Mumbai,2021-05-10,12200.0,covid19
Maharashtra | Mumbai,2021-05-17,9080.0,covid19
Maharashtra | Mumbai,2021-05-24,7712.0,covid19
Maharashtra | Mumbai,2021-05-31,6021.0,covid19
Maharashtra | Mumbai,2021-06-07,5017.0,covid19
Maharashtra | Mumbai,2021-06-14,4353.0,covid19
Maharashtra | Mumbai,2021-06-21,4110.0,covid19
Maharashtra | Mumbai,2021-06-28,4326.0,covid19
Maharashtra | Mumbai,2021-07-05,3260.0,covid19
Maharashtra | Mumbai,2021-07-12,3464.0,covid19
Maharashtra | Mumbai,2021-07-19,2960.0,covid19
Maharashtra | Mumbai,2021-09-13,3046.0,covid19
Maharashtra | Mumbai,2021-09-20,3136.0,covid19
Maharashtra | Mumbai,2021-09-27,3152.0,covid19
Maharashtra | Mumbai,2021-10-04,4251.0,covid19
Maharashtra | Mumbai,2021-10-11,3019.0,covid19
Maharashtra | Mumbai,2021-10-18,2848.0,covid19
Maharashtra | Mumbai,2021-10-25,2242.0,covid19
Maharashtra | Mumbai,2021-11-01,1718.0,covid19
Maharashtra | Mumbai,2021-11-08,1862.0,covid19
Maharashtra | Mumbai,2021-12-13,1768.0,covid19
Maharashtra | Mumbai,2021-12-20,3860.0,covid19
Maharashtra | Mumbai,2021-12-27,27521.0,covid19
Maharashtra | Mumbai,2022-01-03,114091.0,covid19
Maharashtra | Mumbai,2022-01-10,86687.0,covid19
Maharashtra | Mumbai,2022-01-17,34706.0,covid19
Maharashtra | Mumbai,2022-01-24,10797.0,covid19
Maharashtra | Mumbai,2022-01-31,5743.0,covid19
Maharashtra | Mumbai,2022-02-07,2677.0,covid19
Maharashtra | Mumbai,2022-02-14,1511.0,covid19
Maharashtra | Mumbai,2022-02-21,838.0,covid19
Maharashtra | Mumbai,2022-05-16,2400.0,covid19
Maharashtra | Mumbai,2022-06-06,13502.0,covid19
Maharashtra | Mumbai,2022-06-13,13897.0,covid19
Maharashtra | Mumbai,2022-06-20,7218.0,covid19
Maharashtra | Mumbai,2022-06-27,13180.0,covid19
Maharashtra | Mumbai,2022-07-04,3753.0,covid19
Maharashtra | Mumbai,2022-07-11,1121446.0,covid19
Maharashtra | Mumbai,2022-07-18,1817.0,covid19
Maharashtra | Mumbai,2022-07-25,2977.0,covid19
Maharashtra | Mumbai,2022-08-01,2734.0,covid19
Maharashtra | Mumbai,2022-09-12,20616.0,covid19
Maharashtra | Mumbai,2022-09-19,732.0,covid19
Maharashtra | Mumbai,2022-09-26,51.0,covid19
Maharashtra | Mumbai,2022-10-03,0.0,covid19
Maharashtra | Nagpur,2020-07-27,1919.0,covid19
Maharashtra | Nagpur,2020-08-03,3153.0,covid19
Maharashtra | Nagpur,2020-08-10,4979.0,covid19
Maharashtra | Nagpur,2020-08-17,6104.0,covid19
Maharashtra | Nagpur,2020-08-24,7573.0,covid19
Maharashtra | Nagpur,2020-08-31,10903.0,covid19
Maharashtra | Nagpur,2020-09-07,12741.0,covid19
Maharashtra | Nagpur,2020-09-14,13356.0,covid19
Maharashtra | Nagpur,2020-09-21,10584.0,covid19
Maharashtra | Nagpur,2020-09-28,6917.0,covid19
Maharashtra | Nagpur,2020-10-05,5155.0,covid19
Maharashtra | Nagpur,2020-10-12,9439.0,covid19
Maharashtra | Nagpur,2020-10-19,3705.0,covid19
Maharashtra | Nagpur,2020-10-26,2371.0,covid19
Maharashtra | Nagpur,2020-11-02,4440.0,covid19
Maharashtra | Nagpur,2020-11-09,1881.0,covid19
Maharashtra | Nagpur,2020-11-16,2233.0,covid19
Maharashtra | Nagpur,2020-11-23,2678.0,covid19
Maharashtra | Nagpur,2020-11-30,2962.0,covid19
Maharashtra | Nagpur,2020-12-07,2704.0,covid19
Maharashtra | Nagpur,2020-12-14,2438.0,covid19
Maharashtra | Nagpur,2020-12-21,2364.0,covid19
Maharashtra | Nagpur,2020-12-28,2625.0,covid19
Maharashtra | Nagpur,2021-01-04,3139.0,covid19
Maharashtra | Nagpur,2021-01-11,2424.0,covid19
Maharashtra | Nagpur,2021-01-18,1934.0,covid19
Maharashtra | Nagpur,2021-01-25,1851.0,covid19
Maharashtra | Nagpur,2021-02-01,1805.0,covid19
Maharashtra | Nagpur,2021-02-08,2628.0,covid19
Maharashtra | Nagpur,2021-02-15,4496.0,covid19
Maharashtra | Nagpur,2021-02-22,6937.0,covid19
Maharashtra | Nagpur,2021-03-01,8400.0,covid19
Maharashtra | Nagpur,2021-03-08,13397.0,covid19
Maharashtra | Nagpur,2021-03-15,22999.0,covid19
Maharashtra | Nagpur,2021-03-22,26067.0,covid19
Maharashtra | Nagpur,2021-03-29,23626.0,covid19
Maharashtra | Nagpur,2021-04-05,38019.0,covid19
Maharashtra | Nagpur,2021-04-12,47615.0,covid19
Maharashtra | Nagpur,2021-04-19,53575.0,covid19
Maharashtra | Nagpur,2021-04-26,48000.0,covid19
Maharashtra | Nagpur,2021-05-03,30966.0,covid19
Maharashtra | Nagpur,2021-05-10,14320.0,covid19
Maharashtra | Nagpur,2021-05-17,7650.0,covid19
Maharashtra | Nagpur,2021-05-24,3127.0,covid19
Maharashtra | Nagpur,2021-05-31,1583.0,covid19
Maharashtra | Nagpur,2021-06-07,1110.0,covid19
Maharashtra | Nagpur,2022-01-03,3395.0,covid19
Maharashtra | Nagpur,2022-01-10,11587.0,covid19
Maharashtra | Nagpur,2022-01-17,25464.0,covid19
Maharashtra | Nagpur,2022-01-24,23778.0,covid19
Maharashtra | Nagpur,2022-01-31,12375.0,covid19
Maharashtra | Nagpur,2022-02-07,3872.0,covid19
Maharashtra | Nagpur,2022-02-14,1069.0,covid19
Maharashtra | Nagpur,2022-02-21,375.0,covid19
Maharashtra | Nagpur,2022-07-25,2559.0,covid19
Maharashtra | Nagpur,2022-09-12,1309.0,covid19
Maharashtra | Nanded,2020-08-31,2307.0,covid19
Maharashtra | Nanded,2021-03-08,1891.0,covid19
Maharashtra | Nanded,2021-03-15,5123.0,covid19
Maharashtra | Nanded,2021-03-22,8615.0,covid19
Maharashtra | Nanded,2021-03-29,8442.0,covid19
Maharashtra | Nanded,2021-04-05,10359.0,covid19
Maharashtra | Nanded,2021-04-12,10459.0,covid19
Maharashtra | Nanded,2021-04-19,8115.0,covid19
Maharashtra | Nanded,2021-04-26,5079.0,covid19
Maharashtra | Nanded,2021-05-03,3743.0,covid19
Maharashtra | Nanded,2021-05-10,1862.0,covid19
Maharashtra | Nanded,2021-05-17,948.0,covid19
Maharashtra | Nanded,2022-01-03,409.0,covid19
Maharashtra | Nanded,2022-01-10,2740.0,covid19
Maharashtra | Nanded,2022-01-17,4484.0,covid19
Maharashtra | Nanded,2022-01-24,2821.0,covid19
Maharashtra | Nanded,2022-01-31,1097.0,covid19
Maharashtra | Nanded,2022-02-07,329.0,covid19
Maharashtra | Nanded,2022-09-12,139.0,covid19
Maharashtra | Nandurbar,2021-03-15,2625.0,covid19
Maharashtra | Nandurbar,2021-03-22,2666.0,covid19
Maharashtra | Nandurbar,2021-03-29,3909.0,covid19
Maharashtra | Nandurbar,2021-04-05,4162.0,covid19
Maharashtra | Nandurbar,2021-04-12,3405.0,covid19
Maharashtra | Nandurbar,2021-04-19,3093.0,covid19
Maharashtra | Nandurbar,2021-04-26,4031.0,covid19
Maharashtra | Nandurbar,2021-05-03,1660.0,covid19
Maharashtra | Nandurbar,2021-05-10,941.0,covid19
Maharashtra | Nandurbar,2022-01-10,605.0,covid19
Maharashtra | Nandurbar,2022-01-17,2126.0,covid19
Maharashtra | Nandurbar,2022-01-24,2020.0,covid19
Maharashtra | Nandurbar,2022-09-12,87.0,covid19
Maharashtra | Nashik,2020-07-20,3085.0,covid19
Maharashtra | Nashik,2020-07-27,2999.0,covid19
Maharashtra | Nashik,2020-08-03,4980.0,covid19
Maharashtra | Nashik,2020-08-10,5744.0,covid19
Maharashtra | Nashik,2020-08-17,5523.0,covid19
Maharashtra | Nashik,2020-08-24,7076.0,covid19
Maharashtra | Nashik,2020-08-31,6850.0,covid19
Maharashtra | Nashik,2020-09-07,8842.0,covid19
Maharashtra | Nashik,2020-09-14,8540.0,covid19
Maharashtra | Nashik,2020-09-21,9754.0,covid19
Maharashtra | Nashik,2020-09-28,7396.0,covid19
Maharashtra | Nashik,2020-10-05,5405.0,covid19
Maharashtra | Nashik,2020-10-12,3159.0,covid19
Maharashtra | Nashik,2020-10-19,3155.0,covid19
Maharashtra | Nashik,2020-10-26,2894.0,covid19
Maharashtra | Nashik,2020-11-02,3180.0,covid19
Maharashtra | Nashik,2020-11-09,2002.0,covid19
Maharashtra | Nashik,2020-11-16,2258.0,covid19
Maharashtra | Nashik,2020-11-23,2319.0,covid19
Maharashtra | Nashik,2020-11-30,2929.0,covid19
Maharashtra | Nashik,2020-12-07,2591.0,covid19
Maharashtra | Nashik,2020-12-14,2237.0,covid19
Maharashtra | Nashik,2020-12-21,1833.0,covid19
Maharashtra | Nashik,2020-12-28,1646.0,covid19
Maharashtra | Nashik,2021-01-04,1808.0,covid19
Maharashtra | Nashik,2021-02-22,2833.0,covid19
Maharashtra | Nashik,2021-03-01,3081.0,covid19
Maharashtra | Nashik,2021-03-08,6603.0,covid19
Maharashtra | Nashik,2021-03-15,12688.0,covid19
Maharashtra | Nashik,2021-03-22,18635.0,covid19
Maharashtra | Nashik,2021-03-29,24283.0,covid19
Maharashtra | Nashik,2021-04-05,26897.0,covid19
Maharashtra | Nashik,2021-04-12,28289.0,covid19
Maharashtra | Nashik,2021-04-19,33325.0,covid19
Maharashtra | Nashik,2021-04-26,39015.0,covid19
Maharashtra | Nashik,2021-05-03,29964.0,covid19
Maharashtra | Nashik,2021-05-10,16111.0,covid19
Maharashtra | Nashik,2021-05-17,11439.0,covid19
Maharashtra | Nashik,2021-05-24,6910.0,covid19
Maharashtra | Nashik,2021-05-31,4918.0,covid19
Maharashtra | Nashik,2021-06-07,3456.0,covid19
Maharashtra | Nashik,2021-06-14,2192.0,covid19
Maharashtra | Nashik,2021-06-21,1766.0,covid19
Maharashtra | Nashik,2022-01-03,4456.0,covid19
Maharashtra | Nashik,2022-01-10,12676.0,covid19
Maharashtra | Nashik,2022-01-17,16953.0,covid19
Maharashtra | Nashik,2022-01-24,14935.0,covid19
Maharashtra | Nashik,2022-01-31,6575.0,covid19
Maharashtra | Nashik,2022-02-07,2108.0,covid19
Maharashtra | Nashik,2022-02-14,744.0,covid19
Maharashtra | Nashik,2022-02-21,284.0,covid19
Maharashtra | Nashik,2022-09-12,1480.0,covid19
Maharashtra | Osmanabad,2021-03-29,2262.0,covid19
Maharashtra | Osmanabad,2021-04-05,2997.0,covid19
Maharashtra | Osmanabad,2021-04-12,4586.0,covid19
Maharashtra | Osmanabad,2021-04-19,5039.0,covid19
Maharashtra | Osmanabad,2021-04-26,5611.0,covid19
Maharashtra | Osmanabad,2021-05-03,4464.0,covid19
Maharashtra | Osmanabad,2021-05-10,4293.0,covid19
Maharashtra | Osmanabad,2021-05-17,5352.0,covid19
Maharashtra | Osmanabad,2021-05-24,2224.0,covid19
Maharashtra | Osmanabad,2021-05-31,2128.0,covid19
Maharashtra | Osmanabad,2021-06-07,916.0,covid19
Maharashtra | Osmanabad,2022-01-10,839.0,covid19
Maharashtra | Osmanabad,2022-01-17,2067.0,covid19
Maharashtra | Osmanabad,2022-01-24,1884.0,covid19
Maharashtra | Osmanabad,2022-09-12,517.0,covid19
Maharashtra | Palghar,2020-08-10,2818.0,covid19
Maharashtra | Palghar,2020-08-31,2768.0,covid19
Maharashtra | Palghar,2020-09-07,2908.0,covid19
Maharashtra | Palghar,2020-09-14,2943.0,covid19
Maharashtra | Palghar,2020-09-21,2340.0,covid19
Maharashtra | Palghar,2020-09-28,1988.0,covid19
Maharashtra | Palghar,2021-03-22,2231.0,covid19
Maharashtra | Palghar,2021-03-29,3492.0,covid19
Maharashtra | Palghar,2021-04-05,6369.0,covid19
Maharashtra | Palghar,2021-04-12,7956.0,covid19
Maharashtra | Palghar,2021-04-19,10546.0,covid19
Maharashtra | Palghar,2021-04-26,9817.0,covid19
Maharashtra | Palghar,2021-05-03,9918.0,covid19
Maharashtra | Palghar,2021-05-10,6324.0,covid19
Maharashtra | Palghar,2021-05-17,3620.0,covid19
Maharashtra | Palghar,2021-05-24,3709.0,covid19
Maharashtra | Palghar,2021-05-31,3079.0,covid19
Maharashtra | Palghar,2021-07-26,4126.0,covid19
Maharashtra | Palghar,2021-08-02,365.0,covid19
Maharashtra | Palghar,2021-08-09,255.0,covid19
Maharashtra | Palghar,2021-08-16,239.0,covid19
Maharashtra | Palghar,2021-12-27,1002.0,covid19
Maharashtra | Palghar,2022-01-03,7319.0,covid19
Maharashtra | Palghar,2022-01-10,8764.0,covid19
Maharashtra | Palghar,2022-01-17,4006.0,covid19
Maharashtra | Palghar,2022-01-24,1772.0,covid19
Maharashtra | Palghar,2022-01-31,811.0,covid19
Maharashtra | Palghar,2022-02-07,295.0,covid19
Maharashtra | Palghar,2022-07-11,166847.0,covid19
Maharashtra | Palghar,2022-07-18,164.0,covid19
Maharashtra | Palghar,2022-07-25,248.0,covid19
Maharashtra | Palghar,2022-08-01,179.0,covid19
Maharashtra | Palghar,2022-09-12,1087.0,covid19
Maharashtra | Parbhani,2021-03-22,2176.0,covid19
Maharashtra | Parbhani,2021-03-29,3325.0,covid19
Maharashtra | Parbhani,2021-04-05,4557.0,covid19
Maharashtra | Parbhani,2021-04-12,5113.0,covid19
Maharashtra | Parbhani,2021-04-19,5683.0,covid19
Maharashtra | Parbhani,2021-04-26,6746.0,covid19
Maharashtra | Parbhani,2021-05-03,4668.0,covid19
Maharashtra | Parbhani,2021-05-10,3948.0,covid19
Maharashtra | Parbhani,2021-05-17,2056.0,covid19
Maharashtra | Parbhani,2021-05-24,1636.0,covid19
Maharashtra | Parbhani,2022-01-10,655.0,covid19
Maharashtra | Parbhani,2022-01-17,1645.0,covid19
Maharashtra | Parbhani,2022-01-24,2556.0,covid19
Maharashtra | Parbhani,2022-09-12,55.0,covid19
Maharashtra | Pune,2020-06-15,3697.0,covid19
Maharashtra | Pune,2020-06-22,4989.0,covid19
Maharashtra | Pune,2020-06-29,7272.0,covid19
Maharashtra | Pune,2020-07-06,10983.0,covid19
Maharashtra | Pune,2020-07-13,15499.0,covid19
Maharashtra | Pune,2020-07-20,21579.0,covid19
Maharashtra | Pune,2020-07-27,18708.0,covid19
Maharashtra | Pune,2020-08-03,18093.0,covid19
Maharashtra | Pune,2020-08-10,17602.0,covid19
Maharashtra | Pune,2020-08-17,19601.0,covid19
Maharashtra | Pune,2020-08-24,22967.0,covid19
Maharashtra | Pune,2020-08-31,26129.0,covid19
Maharashtra | Pune,2020-09-07,33537.0,covid19
Maharashtra | Pune,2020-09-14,28295.0,covid19
Maharashtra | Pune,2020-09-21,24399.0,covid19
Maharashtra | Pune,2020-09-28,17604.0,covid19
Maharashtra | Pune,2020-10-05,12636.0,covid19
Maharashtra | Pune,2020-10-12,7868.0,covid19
Maharashtra | Pune,2020-10-19,6214.0,covid19
Maharashtra | Pune,2020-10-26,4863.0,covid19
Maharashtra | Pune,2020-11-02,3864.0,covid19
Maharashtra | Pune,2020-11-09,3294.0,covid19
Maharashtra | Pune,2020-11-16,4556.0,covid19
Maharashtra | Pune,2020-11-23,6132.0,covid19
Maharashtra | Pune,2020-11-30,5346.0,covid19
Maharashtra | Pune,2020-12-07,4401.0,covid19
Maharashtra | Pune,2020-12-14,4645.0,covid19
Maharashtra | Pune,2020-12-21,3678.0,covid19
Maharashtra | Pune,2020-12-28,3637.0,covid19
Maharashtra | Pune,2021-01-04,4267.0,covid19
Maharashtra | Pune,2021-01-11,3618.0,covid19
Maharashtra | Pune,2021-01-18,3285.0,covid19
Maharashtra | Pune,2021-01-25,3077.0,covid19
Maharashtra | Pune,2021-02-01,2916.0,covid19
Maharashtra | Pune,2021-02-08,3228.0,covid19
Maharashtra | Pune,2021-02-15,5763.0,covid19
Maharashtra | Pune,2021-02-22,9395.0,covid19
Maharashtra | Pune,2021-03-01,11341.0,covid19
Maharashtra | Pune,2021-03-08,18400.0,covid19
Maharashtra | Pune,2021-03-15,31564.0,covid19
Maharashtra | Pune,2021-03-22,45329.0,covid19
Maharashtra | Pune,2021-03-29,60303.0,covid19
Maharashtra | Pune,2021-04-05,74828.0,covid19
Maharashtra | Pune,2021-04-12,74233.0,covid19
Maharashtra | Pune,2021-04-19,70826.0,covid19
Maharashtra | Pune,2021-04-26,68254.0,covid19
Maharashtra | Pune,2021-05-03,61225.0,covid19
Maharashtra | Pune,2021-05-10,47561.0,covid19
Maharashtra | Pune,2021-05-17,25483.0,covid19
Maharashtra | Pune,2021-05-24,16941.0,covid19
Maharashtra | Pune,2021-05-31,10608.0,covid19
Maharashtra | Pune,2021-06-07,9026.0,covid19
Maharashtra | Pune,2021-06-14,8413.0,covid19
Maharashtra | Pune,2021-06-21,7775.0,covid19
Maharashtra | Pune,2021-06-28,8610.0,covid19
Maharashtra | Pune,2021-07-05,7848.0,covid19
Maharashtra | Pune,2021-07-12,7394.0,covid19
Maharashtra | Pune,2021-07-19,7362.0,covid19
Maharashtra | Pune,2021-07-26,7240.0,covid19
Maharashtra | Pune,2021-08-02,6696.0,covid19
Maharashtra | Pune,2021-08-09,6960.0,covid19
Maharashtra | Pune,2021-08-16,6206.0,covid19
Maharashtra | Pune,2021-08-23,7051.0,covid19
Maharashtra | Pune,2021-08-30,6493.0,covid19
Maharashtra | Pune,2021-09-06,6193.0,covid19
Maharashtra | Pune,2021-09-13,5371.0,covid19
Maharashtra | Pune,2021-09-20,4684.0,covid19
Maharashtra | Pune,2021-09-27,4179.0,covid19
Maharashtra | Pune,2021-10-04,3668.0,covid19
Maharashtra | Pune,2021-10-11,2964.0,covid19
Maharashtra | Pune,2021-10-18,2390.0,covid19
Maharashtra | Pune,2021-10-25,1536.0,covid19
Maharashtra | Pune,2021-11-01,1417.0,covid19
Maharashtra | Pune,2021-12-27,3473.0,covid19
Maharashtra | Pune,2022-01-03,24209.0,covid19
Maharashtra | Pune,2022-01-10,59951.0,covid19
Maharashtra | Pune,2022-01-17,91876.0,covid19
Maharashtra | Pune,2022-01-24,61059.0,covid19
Maharashtra | Pune,2022-01-31,27122.0,covid19
Maharashtra | Pune,2022-02-07,9952.0,covid19
Maharashtra | Pune,2022-02-14,4228.0,covid19
Maharashtra | Pune,2022-02-21,2199.0,covid19
Maharashtra | Pune,2022-02-28,1168.0,covid19
Maharashtra | Pune,2022-03-07,988.0,covid19
Maharashtra | Pune,2022-06-27,6986.0,covid19
Maharashtra | Pune,2022-07-04,6479.0,covid19
Maharashtra | Pune,2022-07-11,1481712.0,covid19
Maharashtra | Pune,2022-07-18,4935.0,covid19
Maharashtra | Pune,2022-07-25,6666.0,covid19
Maharashtra | Pune,2022-08-01,2668.0,covid19
Maharashtra | Pune,2022-08-08,526.0,covid19
Maharashtra | Pune,2022-08-15,0.0,covid19
Maharashtra | Pune,2022-09-12,9022.0,covid19
Maharashtra | Pune,2022-09-19,1249.0,covid19
Maharashtra | Pune,2022-09-26,66.0,covid19
Maharashtra | Pune,2022-10-03,0.0,covid19
Maharashtra | Raigad,2020-06-29,2171.0,covid19
Maharashtra | Raigad,2020-07-06,2619.0,covid19
Maharashtra | Raigad,2020-07-13,2954.0,covid19
Maharashtra | Raigad,2020-07-20,3167.0,covid19
Maharashtra | Raigad,2020-08-10,3259.0,covid19
Maharashtra | Raigad,2020-08-17,3134.0,covid19
Maharashtra | Raigad,2020-08-24,3283.0,covid19
Maharashtra | Raigad,2020-08-31,5162.0,covid19
Maharashtra | Raigad,2020-09-07,6374.0,covid19
Maharashtra | Raigad,2020-09-14,4869.0,covid19
Maharashtra | Raigad,2020-09-21,3775.0,covid19
Maharashtra | Raigad,2020-09-28,3140.0,covid19
Maharashtra | Raigad,2020-10-05,2509.0,covid19
Maharashtra | Raigad,2020-10-12,1753.0,covid19
Maharashtra | Raigad,2020-10-19,1285.0,covid19
Maharashtra | Raigad,2021-03-15,2386.0,covid19
Maharashtra | Raigad,2021-03-22,3791.0,covid19
Maharashtra | Raigad,2021-03-29,5166.0,covid19
Maharashtra | Raigad,2021-04-05,7842.0,covid19
Maharashtra | Raigad,2021-04-12,10348.0,covid19
Maharashtra | Raigad,2021-04-19,11908.0,covid19
Maharashtra | Raigad,2021-04-26,9967.0,covid19
Maharashtra | Raigad,2021-05-03,8306.0,covid19
Maharashtra | Raigad,2021-05-10,6311.0,covid19
Maharashtra | Raigad,2021-05-17,4786.0,covid19
Maharashtra | Raigad,2021-05-24,4591.0,covid19
Maharashtra | Raigad,2021-05-31,4481.0,covid19
Maharashtra | Raigad,2021-06-07,4228.0,covid19
Maharashtra | Raigad,2021-06-14,4311.0,covid19
Maharashtra | Raigad,2021-06-21,5202.0,covid19
Maharashtra | Raigad,2021-06-28,4022.0,covid19
Maharashtra | Raigad,2021-07-05,3876.0,covid19
Maharashtra | Raigad,2021-07-12,3312.0,covid19
Maharashtra | Raigad,2021-07-19,2702.0,covid19
Maharashtra | Raigad,2021-07-26,3171.0,covid19
Maharashtra | Raigad,2021-08-02,1431.0,covid19
Maharashtra | Raigad,2021-12-27,1039.0,covid19
Maharashtra | Raigad,2022-01-03,9327.0,covid19
Maharashtra | Raigad,2022-01-10,16932.0,covid19
Maharashtra | Raigad,2022-01-17,11506.0,covid19
Maharashtra | Raigad,2022-01-24,4490.0,covid19
Maharashtra | Raigad,2022-01-31,1892.0,covid19
Maharashtra | Raigad,2022-02-07,799.0,covid19
Maharashtra | Raigad,2022-02-14,380.0,covid19
Maharashtra | Raigad,2022-07-11,252145.0,covid19
Maharashtra | Raigad,2022-07-18,421.0,covid19
Maharashtra | Raigad,2022-07-25,621.0,covid19
Maharashtra | Raigad,2022-08-01,336.0,covid19
Maharashtra | Raigad,2022-09-12,2645.0,covid19
Maharashtra | Ratnagiri,2021-04-19,3523.0,covid19
Maharashtra | Ratnagiri,2021-04-26,5066.0,covid19
Maharashtra | Ratnagiri,2021-05-03,5501.0,covid19
Maharashtra | Ratnagiri,2021-05-10,5805.0,covid19
Maharashtra | Ratnagiri,2021-05-17,3571.0,covid19
Maharashtra | Ratnagiri,2021-05-24,4187.0,covid19
Maharashtra | Ratnagiri,2021-05-31,4475.0,covid19
Maharashtra | Ratnagiri,2021-06-07,4358.0,covid19
Maharashtra | Ratnagiri,2021-06-14,4241.0,covid19
Maharashtra | Ratnagiri,2021-06-21,3599.0,covid19
Maharashtra | Ratnagiri,2021-06-28,3209.0,covid19
Maharashtra | Ratnagiri,2021-07-05,2672.0,covid19
Maharashtra | Ratnagiri,2022-01-03,569.0,covid19
Maharashtra | Ratnagiri,2022-01-10,1337.0,covid19
Maharashtra | Ratnagiri,2022-01-17,1441.0,covid19
Maharashtra | Ratnagiri,2022-07-11,85058.0,covid19
Maharashtra | Ratnagiri,2022-07-18,54.0,covid19
Maharashtra | Ratnagiri,2022-07-25,108.0,covid19
Maharashtra | Ratnagiri,2022-08-01,89.0,covid19
Maharashtra | Ratnagiri,2022-09-12,402.0,covid19
Maharashtra | Sangli,2020-08-03,2015.0,covid19
Maharashtra | Sangli,2020-08-24,3621.0,covid19
Maharashtra | Sangli,2020-08-31,6076.0,covid19
Maharashtra | Sangli,2020-09-07,6463.0,covid19
Maharashtra | Sangli,2020-09-14,6527.0,covid19
Maharashtra | Sangli,2020-09-21,5057.0,covid19
Maharashtra | Sangli,2020-09-28,3483.0,covid19
Maharashtra | Sangli,2020-10-05,2868.0,covid19
Maharashtra | Sangli,2020-10-12,1647.0,covid19
Maharashtra | Sangli,2020-10-19,1218.0,covid19
Maharashtra | Sangli,2020-10-26,1101.0,covid19
Maharashtra | Sangli,2021-04-05,2754.0,covid19
Maharashtra | Sangli,2021-04-12,5813.0,covid19
Maharashtra | Sangli,2021-04-19,8159.0,covid19
Maharashtra | Sangli,2021-04-26,9817.0,covid19
Maharashtra | Sangli,2021-05-03,13167.0,covid19
Maharashtra | Sangli,2021-05-10,9898.0,covid19
Maharashtra | Sangli,2021-05-17,11169.0,covid19
Maharashtra | Sangli,2021-05-24,8604.0,covid19
Maharashtra | Sangli,2021-05-31,6552.0,covid19
Maharashtra | Sangli,2021-06-07,6783.0,covid19
Maharashtra | Sangli,2021-06-14,6613.0,covid19
Maharashtra | Sangli,2021-06-21,6314.0,covid19
Maharashtra | Sangli,2021-06-28,6688.0,covid19
Maharashtra | Sangli,2021-07-05,7116.0,covid19
Maharashtra | Sangli,2021-07-12,7166.0,covid19
Maharashtra | Sangli,2021-07-19,7139.0,covid19
Maharashtra | Sangli,2021-07-26,5311.0,covid19
Maharashtra | Sangli,2021-08-02,5476.0,covid19
Maharashtra | Sangli,2021-08-09,4360.0,covid19
Maharashtra | Sangli,2021-08-16,3394.0,covid19
Maharashtra | Sangli,2021-08-23,3247.0,covid19
Maharashtra | Sangli,2021-08-30,1765.0,covid19
Maharashtra | Sangli,2021-09-06,2234.0,covid19
Maharashtra | Sangli,2022-01-10,3045.0,covid19
Maharashtra | Sangli,2022-01-17,5631.0,covid19
Maharashtra | Sangli,2022-01-24,4053.0,covid19
Maharashtra | Sangli,2022-01-31,1851.0,covid19
Maharashtra | Sangli,2022-02-07,846.0,covid19
Maharashtra | Sangli,2022-02-14,331.0,covid19
Maharashtra | Sangli,2022-07-11,227711.0,covid19
Maharashtra | Sangli,2022-07-18,234.0,covid19
Maharashtra | Sangli,2022-07-25,370.0,covid19
Maharashtra | Sangli,2022-08-01,220.0,covid19
Maharashtra | Sangli,2022-09-12,530.0,covid19
Maharashtra | Satara,2020-08-24,3986.0,covid19
Maharashtra | Satara,2020-08-31,5080.0,covid19
Maharashtra | Satara,2020-09-07,5700.0,covid19
Maharashtra | Satara,2020-09-14,5716.0,covid19
Maharashtra | Satara,2020-09-21,5119.0,covid19
Maharashtra | Satara,2020-09-28,4113.0,covid19
Maharashtra | Satara,2020-10-05,3272.0,covid19
Maharashtra | Satara,2020-10-12,2114.0,covid19
Maharashtra | Satara,2020-10-19,1699.0,covid19
Maharashtra | Satara,2020-10-26,1399.0,covid19
Maharashtra | Satara,2021-03-29,3444.0,covid19
Maharashtra | Satara,2021-04-05,5203.0,covid19
Maharashtra | Satara,2021-04-12,8541.0,covid19
Maharashtra | Satara,2021-04-19,11608.0,covid19
Maharashtra | Satara,2021-04-26,13881.0,covid19
Maharashtra | Satara,2021-05-03,15709.0,covid19
Maharashtra | Satara,2021-05-10,13115.0,covid19
Maharashtra | Satara,2021-05-17,11980.0,covid19
Maharashtra | Satara,2021-05-24,15739.0,covid19
Maharashtra | Satara,2021-05-31,10205.0,covid19
Maharashtra | Satara,2021-06-07,6008.0,covid19
Maharashtra | Satara,2021-06-14,5520.0,covid19
Maharashtra | Satara,2021-06-21,5493.0,covid19
Maharashtra | Satara,2021-06-28,5407.0,covid19
Maharashtra | Satara,2021-07-05,6313.0,covid19
Maharashtra | Satara,2021-07-12,5367.0,covid19
Maharashtra | Satara,2021-07-19,5530.0,covid19
Maharashtra | Satara,2021-07-26,5775.0,covid19
Maharashtra | Satara,2021-08-02,4902.0,covid19
Maharashtra | Satara,2021-08-09,5240.0,covid19
Maharashtra | Satara,2021-08-16,4469.0,covid19
Maharashtra | Satara,2021-08-23,3893.0,covid19
Maharashtra | Satara,2021-08-30,3234.0,covid19
Maharashtra | Satara,2021-09-06,2935.0,covid19
Maharashtra | Satara,2021-09-13,1685.0,covid19
Maharashtra | Satara,2021-09-20,1341.0,covid19
Maharashtra | Satara,2022-01-03,1327.0,covid19
Maharashtra | Satara,2022-01-10,5285.0,covid19
Maharashtra | Satara,2022-01-17,8644.0,covid19
Maharashtra | Satara,2022-01-24,6630.0,covid19
Maharashtra | Satara,2022-01-31,2846.0,covid19
Maharashtra | Satara,2022-02-07,1017.0,covid19
Maharashtra | Satara,2022-02-14,334.0,covid19
Maharashtra | Satara,2022-07-11,279242.0,covid19
Maharashtra | Satara,2022-07-18,251.0,covid19
Maharashtra | Satara,2022-07-25,389.0,covid19
Maharashtra | Satara,2022-08-01,121.0,covid19
Maharashtra | Satara,2022-09-12,368.0,covid19
Maharashtra | Sindhudurg,2021-05-03,3362.0,covid19
Maharashtra | Sindhudurg,2021-05-10,3248.0,covid19
Maharashtra | Sindhudurg,2021-05-24,3512.0,covid19
Maharashtra | Sindhudurg,2021-05-31,4233.0,covid19
Maharashtra | Sindhudurg,2021-06-07,3937.0,covid19
Maharashtra | Sindhudurg,2021-06-14,3253.0,covid19
Maharashtra | Sindhudurg,2021-06-21,3143.0,covid19
Maharashtra | Sindhudurg,2022-01-03,350.0,covid19
Maharashtra | Sindhudurg,2022-01-10,1043.0,covid19
Maharashtra | Sindhudurg,2022-01-17,1288.0,covid19
Maharashtra | Sindhudurg,2022-07-11,57560.0,covid19
Maharashtra | Sindhudurg,2022-07-18,82.0,covid19
Maharashtra | Sindhudurg,2022-07-25,116.0,covid19
Maharashtra | Sindhudurg,2022-08-01,52.0,covid19
Maharashtra | Sindhudurg,2022-09-12,277.0,covid19
Maharashtra | Solapur,2020-08-31,3561.0,covid19
Maharashtra | Solapur,2020-09-07,4328.0,covid19
Maharashtra | Solapur,2020-09-14,4266.0,covid19
Maharashtra | Solapur,2020-09-21,3647.0,covid19
Maharashtra | Solapur,2020-09-28,2658.0,covid19
Maharashtra | Solapur,2020-10-05,2125.0,covid19
Maharashtra | Solapur,2020-10-12,1553.0,covid19
Maharashtra | Solapur,2021-03-22,3579.0,covid19
Maharashtra | Solapur,2021-03-29,5261.0,covid19
Maharashtra | Solapur,2021-04-05,6540.0,covid19
Maharashtra | Solapur,2021-04-12,8689.0,covid19
Maharashtra | Solapur,2021-04-19,10721.0,covid19
Maharashtra | Solapur,2021-04-26,14367.0,covid19
Maharashtra | Solapur,2021-05-03,16317.0,covid19
Maharashtra | Solapur,2021-05-10,13954.0,covid19
Maharashtra | Solapur,2021-05-17,13374.0,covid19
Maharashtra | Solapur,2021-05-24,6370.0,covid19
Maharashtra | Solapur,2021-05-31,3846.0,covid19
Maharashtra | Solapur,2021-06-07,3096.0,covid19
Maharashtra | Solapur,2021-06-14,2872.0,covid19
Maharashtra | Solapur,2021-07-12,3137.0,covid19
Maharashtra | Solapur,2021-07-19,3088.0,covid19
Maharashtra | Solapur,2021-07-26,3808.0,covid19
Maharashtra | Solapur,2021-08-02,4114.0,covid19
Maharashtra | Solapur,2021-08-09,4373.0,covid19
Maharashtra | Solapur,2021-08-16,4073.0,covid19
Maharashtra | Solapur,2021-08-23,3457.0,covid19
Maharashtra | Solapur,2021-08-30,2525.0,covid19
Maharashtra | Solapur,2021-09-06,2264.0,covid19
Maharashtra | Solapur,2022-01-10,2396.0,covid19
Maharashtra | Solapur,2022-01-17,5079.0,covid19
Maharashtra | Solapur,2022-01-24,4039.0,covid19
Maharashtra | Solapur,2022-01-31,2011.0,covid19
Maharashtra | Solapur,2022-02-07,977.0,covid19
Maharashtra | Solapur,2022-02-14,300.0,covid19
Maharashtra | Solapur,2022-09-12,326.0,covid19
Maharashtra | Thane,2020-06-01,3429.0,covid19
Maharashtra | Thane,2020-06-08,5066.0,covid19
Maharashtra | Thane,2020-06-15,6308.0,covid19
Maharashtra | Thane,2020-06-22,9869.0,covid19
Maharashtra | Thane,2020-06-29,13678.0,covid19
Maharashtra | Thane,2020-07-06,13934.0,covid19
Maharashtra | Thane,2020-07-13,13242.0,covid19
Maharashtra | Thane,2020-07-20,11247.0,covid19
Maharashtra | Thane,2020-07-27,9762.0,covid19
Maharashtra | Thane,2020-08-03,8815.0,covid19
Maharashtra | Thane,2020-08-10,9009.0,covid19
Maharashtra | Thane,2020-08-17,8682.0,covid19
Maharashtra | Thane,2020-08-24,8726.0,covid19
Maharashtra | Thane,2020-08-31,11826.0,covid19
Maharashtra | Thane,2020-09-07,13738.0,covid19
Maharashtra | Thane,2020-09-14,13753.0,covid19
Maharashtra | Thane,2020-09-21,11891.0,covid19
Maharashtra | Thane,2020-09-28,11432.0,covid19
Maharashtra | Thane,2020-10-05,10445.0,covid19
Maharashtra | Thane,2020-10-12,8328.0,covid19
Maharashtra | Thane,2020-10-19,6321.0,covid19
Maharashtra | Thane,2020-10-26,4716.0,covid19
Maharashtra | Thane,2020-11-02,3970.0,covid19
Maharashtra | Thane,2020-11-09,3467.0,covid19
Maharashtra | Thane,2020-11-16,3949.0,covid19
Maharashtra | Thane,2020-11-23,5135.0,covid19
Maharashtra | Thane,2020-11-30,3969.0,covid19
Maharashtra | Thane,2020-12-07,3353.0,covid19
Maharashtra | Thane,2020-12-14,2640.0,covid19
Maharashtra | Thane,2020-12-21,2727.0,covid19
Maharashtra | Thane,2020-12-28,2666.0,covid19
Maharashtra | Thane,2021-01-04,6189.0,covid19
Maharashtra | Thane,2021-01-11,2580.0,covid19
Maharashtra | Thane,2021-01-18,2216.0,covid19
Maharashtra | Thane,2021-01-25,2065.0,covid19
Maharashtra | Thane,2021-02-01,1991.0,covid19
Maharashtra | Thane,2021-02-08,1960.0,covid19
Maharashtra | Thane,2021-02-15,3246.0,covid19
Maharashtra | Thane,2021-02-22,4407.0,covid19
Maharashtra | Thane,2021-03-01,5397.0,covid19
Maharashtra | Thane,2021-03-08,7323.0,covid19
Maharashtra | Thane,2021-03-15,12958.0,covid19
Maharashtra | Thane,2021-03-22,23092.0,covid19
Maharashtra | Thane,2021-03-29,32552.0,covid19
Maharashtra | Thane,2021-04-05,46833.0,covid19
Maharashtra | Thane,2021-04-12,42552.0,covid19
Maharashtra | Thane,2021-04-19,41269.0,covid19
Maharashtra | Thane,2021-04-26,27124.0,covid19
Maharashtra | Thane,2021-05-03,17887.0,covid19
Maharashtra | Thane,2021-05-10,12084.0,covid19
Maharashtra | Thane,2021-05-17,7354.0,covid19
Maharashtra | Thane,2021-05-24,5780.0,covid19
Maharashtra | Thane,2021-05-31,4458.0,covid19
Maharashtra | Thane,2021-06-07,3221.0,covid19
Maharashtra | Thane,2021-06-14,2609.0,covid19
Maharashtra | Thane,2021-06-21,6717.0,covid19
Maharashtra | Thane,2021-06-28,3413.0,covid19
Maharashtra | Thane,2021-07-05,3696.0,covid19
Maharashtra | Thane,2021-07-12,3003.0,covid19
Maharashtra | Thane,2021-12-27,6268.0,covid19
Maharashtra | Thane,2022-01-03,47326.0,covid19
Maharashtra | Thane,2022-01-10,52731.0,covid19
Maharashtra | Thane,2022-01-17,25912.0,covid19
Maharashtra | Thane,2022-01-24,10124.0,covid19
Maharashtra | Thane,2022-01-31,4283.0,covid19
Maharashtra | Thane,2022-02-07,1685.0,covid19
Maharashtra | Thane,2022-02-14,808.0,covid19
Maharashtra | Thane,2022-02-21,398.0,covid19
Maharashtra | Thane,2022-06-06,4131.0,covid19
Maharashtra | Thane,2022-06-13,5884.0,covid19
Maharashtra | Thane,2022-06-20,3314.0,covid19
Maharashtra | Thane,2022-06-27,7051.0,covid19
Maharashtra | Thane,2022-07-04,2207.0,covid19
Maharashtra | Thane,2022-07-11,792875.0,covid19
Maharashtra | Thane,2022-07-18,1042.0,covid19
Maharashtra | Thane,2022-07-25,1425.0,covid19
Maharashtra | Thane,2022-08-01,1194.0,covid19
Maharashtra | Thane,2022-09-12,9545.0,covid19
Maharashtra | Thane,2022-09-19,422.0,covid19
Maharashtra | Thane,2022-09-26,39.0,covid19
Maharashtra | Thane,2022-10-03,0.0,covid19
Maharashtra | Unknown,2022-05-02,1322.0,covid19
Maharashtra | Unknown,2022-05-30,2851.0,covid19
Maharashtra | Unknown,2022-06-06,11517.0,covid19
Maharashtra | Unknown,2022-06-13,3883.0,covid19
Maharashtra | Unknown,2022-06-20,8221.0,covid19
Maharashtra | Unknown,2022-06-27,8822.0,covid19
Maharashtra | Unknown,2022-07-04,11524.0,covid19
Maharashtra | Unknown,2022-07-11,2382.0,covid19
Maharashtra | Unknown,2022-07-18,4851.0,covid19
Maharashtra | Unknown,2022-07-25,9160.0,covid19
Maharashtra | Unknown,2022-08-01,5817.0,covid19
Maharashtra | Unknown,2022-08-08,8816.0,covid19
Maharashtra | Unknown,2022-08-15,12043.0,covid19
Maharashtra | Unknown,2022-08-22,12101.0,covid19
Maharashtra | Unknown,2022-08-29,8370.0,covid19
Maharashtra | Unknown,2022-09-05,5978.0,covid19
Maharashtra | Unknown,2022-09-12,1742.0,covid19
Maharashtra | Unknown,2022-09-19,619.0,covid19
Maharashtra | Unknown,2022-09-26,2395.0,covid19
Maharashtra | Unknown,2022-10-03,2502.0,covid19
Maharashtra | Unknown,2022-10-24,6375.0,covid19
Maharashtra | Unknown,2022-10-31,1659.0,covid19
Maharashtra | Unknown,2022-11-07,1037.0,covid19
Maharashtra | Unknown,2022-11-14,773.0,covid19
Maharashtra | Unknown,2023-03-20,2117.0,covid19
Maharashtra | Unknown,2023-03-27,3488.0,covid19
Maharashtra | Unknown,2023-04-03,4587.0,covid19
Maharashtra | Unknown,2023-04-10,5910.0,covid19
Maharashtra | Unknown,2023-04-17,6055.0,covid19
Maharashtra | Unknown,2023-04-24,3997.0,covid19
Maharashtra | Unknown,2023-05-01,1628.0,covid19
Maharashtra | Unknown,2023-05-08,24869.0,covid19
Maharashtra | Unknown,2023-05-15,486.0,covid19
Maharashtra | Unknown,2023-05-22,299.0,covid19
Maharashtra | Unknown,2023-05-29,151.0,covid19
Maharashtra | Unknown,2023-06-26,1521.0,covid19
Maharashtra | Wardha,2021-03-15,2353.0,covid19
Maharashtra | Wardha,2021-04-05,3329.0,covid19
Maharashtra | Wardha,2021-04-12,5114.0,covid19
Maharashtra | Wardha,2021-04-19,6684.0,covid19
Maharashtra | Wardha,2021-04-26,6621.0,covid19
Maharashtra | Wardha,2021-05-03,5732.0,covid19
Maharashtra | Wardha,2021-05-10,3443.0,covid19
Maharashtra | Wardha,2021-05-17,2725.0,covid19
Maharashtra | Wardha,2021-05-24,1461.0,covid19
Maharashtra | Wardha,2022-01-03,201.0,covid19
Maharashtra | Wardha,2022-01-10,1017.0,covid19
Maharashtra | Wardha,2022-01-17,2793.0,covid19
Maharashtra | Wardha,2022-01-24,2442.0,covid19
Maharashtra | Wardha,2022-01-31,1289.0,covid19
Maharashtra | Wardha,2022-09-12,128.0,covid19
Maharashtra | Washim,2021-03-22,2325.0,covid19
Maharashtra | Washim,2021-04-12,3254.0,covid19
Maharashtra | Washim,2021-04-19,2893.0,covid19
Maharashtra | Washim,2021-05-03,3816.0,covid19
Maharashtra | Washim,2021-05-10,3639.0,covid19
Maharashtra | Washim,2022-01-03,72.0,covid19
Maharashtra | Washim,2022-01-10,319.0,covid19
Maharashtra | Washim,2022-01-17,900.0,covid19
Maharashtra | Washim,2022-09-12,170.0,covid19
Maharashtra | Yavatmal,2021-03-15,2793.0,covid19
Maharashtra | Yavatmal,2021-03-22,2712.0,covid19
Maharashtra | Yavatmal,2021-04-12,3659.0,covid19
Maharashtra | Yavatmal,2021-04-19,8913.0,covid19
Maharashtra | Yavatmal,2021-04-26,9099.0,covid19
Maharashtra | Yavatmal,2021-05-03,7203.0,covid19
Maharashtra | Yavatmal,2021-05-10,5024.0,covid19
Maharashtra | Yavatmal,2021-05-17,4520.0,covid19
Maharashtra | Yavatmal,2021-05-24,3623.0,covid19
Maharashtra | Yavatmal,2021-05-31,1408.0,covid19
Maharashtra | Yavatmal,2021-06-07,776.0,covid19
Maharashtra | Yavatmal,2022-01-03,168.0,covid19
Maharashtra | Yavatmal,2022-01-10,690.0,covid19
Maharashtra | Yavatmal,2022-01-17,1651.0,covid19
Maharashtra | Yavatmal,2022-01-24,1916.0,covid19
Maharashtra | Yavatmal,2022-09-12,78.0,covid19
Manipur | Bishnupur,2021-11-01,9161.0,covid19
Manipur | Bishnupur,2021-11-08,9179.0,covid19
Manipur | Bishnupur,2021-11-15,12.0,covid19
Manipur | Bishnupur,2021-11-22,10.0,covid19
Manipur | Bishnupur,2021-11-29,13.0,covid19
Manipur | Bishnupur,2022-10-24,4.0,covid19
Manipur | Chandel,2021-11-01,2342.0,covid19
Manipur | Chandel,2021-11-08,2344.0,covid19
Manipur | Chandel,2021-11-15,5.0,covid19
Manipur | Chandel,2021-11-22,5.0,covid19
Manipur | Chandel,2022-01-10,88.0,covid19
Manipur | Churachandpur,2021-10-25,10136.0,covid19
Manipur | Churachandpur,2021-11-01,10144.0,covid19
Manipur | Churachandpur,2021-11-08,10168.0,covid19
Manipur | Churachandpur,2021-11-15,5.0,covid19
Manipur | Churachandpur,2021-11-22,6.0,covid19
Manipur | Churachandpur,2021-11-29,7.0,covid19
Manipur | Imphal East,2021-11-01,27480.0,covid19
Manipur | Imphal East,2021-11-08,27588.0,covid19
Manipur | Imphal East,2021-11-15,121.0,covid19
Manipur | Imphal East,2021-11-22,63.0,covid19
Manipur | Imphal East,2021-11-29,63.0,covid19
Manipur | Imphal West,2021-11-01,43287.0,covid19
Manipur | Imphal West,2021-11-08,43489.0,covid19
Manipur | Imphal West,2021-11-15,243.0,covid19
Manipur | Imphal West,2021-11-22,112.0,covid19
Manipur | Imphal West,2021-11-29,99.0,covid19
Manipur | Imphal West,2021-12-27,30040.0,covid19
Manipur | Imphal West,2022-01-03,101.0,covid19
Manipur | Imphal West,2022-01-10,387.0,covid19
Manipur | Imphal West,2022-01-17,1272.0,covid19
Manipur | Jiribam,2021-11-01,1022.0,covid19
Manipur | Jiribam,2021-12-27,6.0,covid19
Manipur | Jiribam,2022-05-30,5785.0,covid19
Manipur | Jiribam,2022-06-06,0.0,covid19
Manipur | Jiribam,2022-06-13,0.0,covid19
Manipur | Jiribam,2022-06-20,0.0,covid19
Manipur | Kakching,2021-11-01,6401.0,covid19
Manipur | Kakching,2021-11-08,6409.0,covid19
Manipur | Kakching,2021-11-15,13.0,covid19
Manipur | Kakching,2021-11-22,14.0,covid19
Manipur | Kakching,2021-11-29,5.0,covid19
Manipur | Kakching,2022-05-30,5860.0,covid19
Manipur | Kakching,2022-06-06,0.0,covid19
Manipur | Kakching,2022-06-13,0.0,covid19
Manipur | Kakching,2022-06-20,0.0,covid19
Manipur | Kamjong,2021-11-01,933.0,covid19
Manipur | Kamjong,2022-01-10,35.0,covid19
Manipur | Kamjong,2022-05-30,2099.0,covid19
Manipur | Kamjong,2022-10-24,4.0,covid19
Manipur | Kangpokpi,2021-11-01,2780.0,covid19
Manipur | Kangpokpi,2021-11-08,2783.0,covid19
Manipur | Kangpokpi,2021-11-15,0.0,covid19
Manipur | Kangpokpi,2021-11-22,3.0,covid19
Manipur | Kangpokpi,2021-11-29,1.0,covid19
Manipur | Kangpokpi,2022-01-17,169.0,covid19
Manipur | Kangpokpi,2022-05-30,1977.0,covid19
Manipur | Noney,2021-11-01,1069.0,covid19
Manipur | Noney,2022-05-30,693.0,covid19
Manipur | Pherzawl,2022-05-30,2028.0,covid19
Manipur | Senapati,2021-11-01,2233.0,covid19
Manipur | Senapati,2021-11-08,2239.0,covid19
Manipur | Senapati,2021-11-15,1776.0,covid19
Manipur | Senapati,2021-11-22,1.0,covid19
Manipur | Senapati,2021-11-29,3.0,covid19
Manipur | Senapati,2022-05-30,985.0,covid19
Manipur | Tamenglong,2021-11-01,3280.0,covid19
Manipur | Tamenglong,2021-11-08,3284.0,covid19
Manipur | Tamenglong,2021-11-15,1044.0,covid19
Manipur | Tamenglong,2021-11-22,1.0,covid19
Manipur | Tamenglong,2021-11-29,0.0,covid19
Manipur | Tamenglong,2022-05-30,2277.0,covid19
Manipur | Tengnoupal,2021-11-01,1072.0,covid19
Manipur | Tengnoupal,2021-11-15,2215.0,covid19
Manipur | Tengnoupal,2021-11-22,3.0,covid19
Manipur | Tengnoupal,2022-05-30,8960.0,covid19
Manipur | Tengnoupal,2022-06-06,0.0,covid19
Manipur | Tengnoupal,2022-06-13,0.0,covid19
Manipur | Tengnoupal,2022-06-20,0.0,covid19
Manipur | Thoubal,2021-11-01,9448.0,covid19
Manipur | Thoubal,2021-11-08,9461.0,covid19
Manipur | Thoubal,2021-11-15,8407.0,covid19
Manipur | Thoubal,2021-11-22,3.0,covid19
Manipur | Thoubal,2021-11-29,7.0,covid19
Manipur | Thoubal,2021-12-06,3.0,covid19
Manipur | Thoubal,2022-05-30,6884.0,covid19
Manipur | Thoubal,2022-06-06,0.0,covid19
Manipur | Thoubal,2022-06-13,0.0,covid19
Manipur | Thoubal,2022-06-20,0.0,covid19
Manipur | Ukhrul,2021-11-01,2951.0,covid19
Manipur | Ukhrul,2021-11-08,2970.0,covid19
Manipur | Ukhrul,2021-11-15,6499.0,covid19
Manipur | Ukhrul,2021-11-22,8.0,covid19
Manipur | Ukhrul,2021-11-29,4.0,covid19
Manipur | Ukhrul,2021-12-06,2.0,covid19
Manipur | Ukhrul,2022-05-30,3277.0,covid19
Manipur | Unknown,2020-10-12,2137.0,covid19
Manipur | Unknown,2021-04-26,1740.0,covid19
Manipur | Unknown,2021-05-03,3193.0,covid19
Manipur | Unknown,2021-05-10,4375.0,covid19
Manipur | Unknown,2021-05-17,4360.0,covid19
Manipur | Unknown,2021-05-24,5793.0,covid19
Manipur | Unknown,2021-05-31,5348.0,covid19
Manipur | Unknown,2021-06-07,4622.0,covid19
Manipur | Unknown,2021-06-14,4213.0,covid19
Manipur | Unknown,2021-06-21,3921.0,covid19
Manipur | Unknown,2021-06-28,4300.0,covid19
Manipur | Unknown,2021-07-05,5445.0,covid19
Manipur | Unknown,2021-07-12,7091.0,covid19
Manipur | Unknown,2021-07-19,7845.0,covid19
Manipur | Unknown,2021-07-26,6664.0,covid19
Manipur | Unknown,2021-08-02,4993.0,covid19
Manipur | Unknown,2021-08-09,3946.0,covid19
Manipur | Unknown,2021-08-16,2672.0,covid19
Manipur | Unknown,2021-08-23,2386.0,covid19
Manipur | Unknown,2021-08-30,2071.0,covid19
Manipur | Unknown,2021-11-01,124273.0,covid19
Manipur | Unknown,2021-11-29,0.0,covid19
Manipur | Unknown,2022-03-21,0.0,covid19
Manipur | Unknown,2022-05-02,0.0,covid19
Meghalaya | East Garo Hills,2020-08-24,77.0,covid19
Meghalaya | East Garo Hills,2021-11-01,1871.0,covid19
Meghalaya | East Jaintia Hills,2021-11-01,2437.0,covid19
Meghalaya | East Khasi Hills,2021-05-17,3665.0,covid19
Meghalaya | East Khasi Hills,2021-05-24,2870.0,covid19
Meghalaya | East Khasi Hills,2021-11-01,41331.0,covid19
Meghalaya | East Khasi Hills,2021-11-08,108.0,covid19
Meghalaya | East Khasi Hills,2021-11-15,120.0,covid19
Meghalaya | East Khasi Hills,2021-11-22,185.0,covid19
Meghalaya | East Khasi Hills,2022-01-17,1733.0,covid19
Meghalaya | East Khasi Hills,2022-07-04,158.0,covid19
Meghalaya | North Garo Hills,2021-11-01,1687.0,covid19
Meghalaya | South Garo Hills,2021-11-01,1216.0,covid19
Meghalaya | South West Garo Hills,2021-11-01,1873.0,covid19
Meghalaya | South West Garo Hills,2022-01-17,23.0,covid19
Meghalaya | South West Khasi Hills,2021-11-01,2550.0,covid19
Meghalaya | Unknown,2021-11-01,83832.0,covid19
Meghalaya | Unknown,2021-11-08,0.0,covid19
Meghalaya | Unknown,2021-11-15,42.0,covid19
Meghalaya | Unknown,2021-11-22,0.0,covid19
Meghalaya | Unknown,2022-01-10,361.0,covid19
Meghalaya | West Garo Hills,2021-11-01,9062.0,covid19
Meghalaya | West Garo Hills,2021-11-08,9.0,covid19
Meghalaya | West Garo Hills,2021-11-15,14.0,covid19
Meghalaya | West Garo Hills,2021-11-22,6.0,covid19
Meghalaya | West Garo Hills,2022-01-17,374.0,covid19
Meghalaya | West Jaintia Hills,2021-11-01,6807.0,covid19
Meghalaya | West Jaintia Hills,2021-11-08,4.0,covid19
Meghalaya | West Jaintia Hills,2021-11-15,8.0,covid19
Meghalaya | West Jaintia Hills,2021-11-22,2.0,covid19
Meghalaya | West Khasi Hills,2021-11-01,5488.0,covid19
Meghalaya | West Khasi Hills,2021-11-08,9.0,covid19
Meghalaya | West Khasi Hills,2021-11-15,9.0,covid19
Meghalaya | West Khasi Hills,2021-11-22,18.0,covid19
Mizoram | Aizawl,2021-07-19,3193.0,covid19
Mizoram | Aizawl,2021-07-26,5250.0,covid19
Mizoram | Aizawl,2021-08-02,3653.0,covid19
Mizoram | Aizawl,2021-08-09,2575.0,covid19
Mizoram | Aizawl,2021-08-16,2139.0,covid19
Mizoram | Aizawl,2021-08-23,2744.0,covid19
Mizoram | Aizawl,2021-08-30,3537.0,covid19
Mizoram | Aizawl,2021-09-06,4169.0,covid19
Mizoram | Aizawl,2021-09-13,4817.0,covid19
Mizoram | Aizawl,2021-09-20,5849.0,covid19
Mizoram | Aizawl,2021-09-27,5823.0,covid19
Mizoram | Aizawl,2021-10-04,4900.0,covid19
Mizoram | Aizawl,2021-10-11,3869.0,covid19
Mizoram | Aizawl,2021-10-18,2327.0,covid19
Mizoram | Aizawl,2021-10-25,1635.0,covid19
Mizoram | Aizawl,2021-11-01,0.0,covid19
Mizoram | Champhai,2020-11-02,37.0,covid19
Mizoram | Unknown,2021-10-25,121523.0,covid19
Mizoram | Unknown,2021-11-01,3607.0,covid19
Mizoram | Unknown,2021-11-08,3644.0,covid19
Mizoram | Unknown,2021-11-15,3122.0,covid19
Mizoram | Unknown,2021-11-22,2476.0,covid19
Mizoram | Unknown,2021-11-29,2081.0,covid19
Mizoram | Unknown,2021-12-06,1839.0,covid19
Mizoram | Unknown,2021-12-13,1195.0,covid19
Mizoram | Unknown,2022-01-03,4144.0,covid19
Mizoram | Unknown,2022-01-10,6433.0,covid19
Mizoram | Unknown,2022-01-17,7670.0,covid19
Mizoram | Unknown,2022-01-24,12343.0,covid19
Mizoram | Unknown,2022-01-31,13394.0,covid19
Mizoram | Unknown,2022-02-07,11112.0,covid19
Mizoram | Unknown,2022-02-14,9322.0,covid19
Mizoram | Unknown,2022-02-21,7009.0,covid19
Mizoram | Unknown,2022-02-28,4506.0,covid19
Mizoram | Unknown,2022-03-07,3140.0,covid19
Mizoram | Unknown,2022-03-14,1732.0,covid19
Mizoram | Unknown,2022-03-21,1150.0,covid19
Nagaland | Dimapur,2022-01-10,572.0,covid19
Nagaland | Kiphire,2020-10-19,10.0,covid19
Nagaland | Kohima,2021-03-29,125.0,covid19
Nagaland | Peren,2020-11-16,147.0,covid19
Nagaland | Peren,2022-01-10,7.0,covid19
Nagaland | Tuensang,2022-01-10,15.0,covid19
Nagaland | Wokha,2020-11-30,4.0,covid19
Nagaland | Wokha,2022-01-17,17.0,covid19
Odisha | Angul,2021-04-26,2434.0,covid19
Odisha | Angul,2021-05-03,3155.0,covid19
Odisha | Angul,2021-05-10,3978.0,covid19
Odisha | Angul,2021-05-17,5164.0,covid19
Odisha | Angul,2021-05-24,4775.0,covid19
Odisha | Angul,2021-05-31,3123.0,covid19
Odisha | Angul,2021-06-07,2209.0,covid19
Odisha | Angul,2021-06-14,1260.0,covid19
Odisha | Angul,2022-01-10,626.0,covid19
Odisha | Angul,2022-01-17,1034.0,covid19
Odisha | Balangir,2022-01-03,218.0,covid19
Odisha | Balangir,2022-01-10,1488.0,covid19
Odisha | Balangir,2022-01-17,1757.0,covid19
Odisha | Balasore,2021-05-17,3082.0,covid19
Odisha | Balasore,2022-01-03,375.0,covid19
Odisha | Balasore,2022-01-10,2042.0,covid19
Odisha | Balasore,2022-01-17,2287.0,covid19
Odisha | Balasore,2022-01-24,1896.0,covid19
Odisha | Bargarh,2021-04-26,2400.0,covid19
Odisha | Bargarh,2021-05-03,3199.0,covid19
Odisha | Bargarh,2022-01-03,235.0,covid19
Odisha | Bargarh,2022-01-10,751.0,covid19
Odisha | Bhadrak,2022-01-10,659.0,covid19
Odisha | Boudh,2022-01-10,186.0,covid19
Odisha | Boudh,2022-01-17,621.0,covid19
Odisha | Cuttack,2020-08-24,2714.0,covid19
Odisha | Cuttack,2020-08-31,2319.0,covid19
Odisha | Cuttack,2020-09-07,2650.0,covid19
Odisha | Cuttack,2020-09-14,3019.0,covid19
Odisha | Cuttack,2020-09-21,3579.0,covid19
Odisha | Cuttack,2020-09-28,2160.0,covid19
Odisha | Cuttack,2020-10-05,1371.0,covid19
Odisha | Cuttack,2020-10-12,1138.0,covid19
Odisha | Cuttack,2021-04-19,2153.0,covid19
Odisha | Cuttack,2021-04-26,3579.0,covid19
Odisha | Cuttack,2021-05-03,5642.0,covid19
Odisha | Cuttack,2021-05-10,5962.0,covid19
Odisha | Cuttack,2021-05-17,6779.0,covid19
Odisha | Cuttack,2021-05-24,5912.0,covid19
Odisha | Cuttack,2021-05-31,5160.0,covid19
Odisha | Cuttack,2021-06-07,3642.0,covid19
Odisha | Cuttack,2021-06-14,2664.0,covid19
Odisha | Cuttack,2021-06-21,2968.0,covid19
Odisha | Cuttack,2021-06-28,3243.0,covid19
Odisha | Cuttack,2022-01-03,1214.0,covid19
Odisha | Cuttack,2022-01-10,5124.0,covid19
Odisha | Cuttack,2022-01-17,5581.0,covid19
Odisha | Cuttack,2022-01-24,3310.0,covid19
Odisha | Cuttack,2022-01-31,1637.0,covid19
Odisha | Cuttack,2022-02-07,700.0,covid19
Odisha | Dhenkanal,2022-01-10,409.0,covid19
Odisha | Gajapati,2021-04-12,224.0,covid19
Odisha | Gajapati,2022-01-10,565.0,covid19
Odisha | Ganjam,2020-07-20,3151.0,covid19
Odisha | Ganjam,2022-01-03,197.0,covid19
Odisha | Ganjam,2022-01-10,722.0,covid19
Odisha | Jagatsinghpur,2022-01-10,880.0,covid19
Odisha | Jagatsinghpur,2022-01-17,1276.0,covid19
Odisha | Jajpur,2021-05-31,3258.0,covid19
Odisha | Jajpur,2022-01-03,329.0,covid19
Odisha | Jajpur,2022-01-10,1131.0,covid19
Odisha | Jajpur,2022-01-17,1709.0,covid19
Odisha | Jharsuguda,2021-04-19,1968.0,covid19
Odisha | Jharsuguda,2021-04-26,2863.0,covid19
Odisha | Jharsuguda,2021-05-03,2503.0,covid19
Odisha | Jharsuguda,2022-01-03,532.0,covid19
Odisha | Jharsuguda,2022-01-10,1360.0,covid19
Odisha | Kalahandi,2021-04-19,2335.0,covid19
Odisha | Kalahandi,2021-05-03,2910.0,covid19
Odisha | Kalahandi,2022-01-10,850.0,covid19
Odisha | Kalahandi,2022-01-17,1349.0,covid19
Odisha | Kandhamal,2022-01-03,23.0,covid19
Odisha | Kandhamal,2022-01-10,197.0,covid19
Odisha | Kendrapara,2022-01-10,368.0,covid19
Odisha | Kendujhar,2022-01-03,185.0,covid19
Odisha | Kendujhar,2022-01-10,599.0,covid19
Odisha | Khordha,2020-08-17,3244.0,covid19
Odisha | Khordha,2020-08-24,4252.0,covid19
Odisha | Khordha,2020-08-31,5269.0,covid19
Odisha | Khordha,2020-09-07,4581.0,covid19
Odisha | Khordha,2020-09-14,4793.0,covid19
Odisha | Khordha,2020-09-21,5109.0,covid19
Odisha | Khordha,2020-09-28,4298.0,covid19
Odisha | Khordha,2020-10-05,3369.0,covid19
Odisha | Khordha,2020-10-12,2379.0,covid19
Odisha | Khordha,2020-10-19,1597.0,covid19
Odisha | Khordha,2020-10-26,1296.0,covid19
Odisha | Khordha,2021-04-12,2926.0,covid19
Odisha | Khordha,2021-04-19,6256.0,covid19
Odisha | Khordha,2021-04-26,9288.0,covid19
Odisha | Khordha,2021-05-03,10239.0,covid19
Odisha | Khordha,2021-05-10,11261.0,covid19
Odisha | Khordha,2021-05-17,10634.0,covid19
Odisha | Khordha,2021-05-24,8131.0,covid19
Odisha | Khordha,2021-05-31,7831.0,covid19
Odisha | Khordha,2021-06-07,5148.0,covid19
Odisha | Khordha,2021-06-14,3980.0,covid19
Odisha | Khordha,2021-06-21,3526.0,covid19
Odisha | Khordha,2021-06-28,3274.0,covid19
Odisha | Khordha,2021-07-05,3397.0,covid19
Odisha | Khordha,2021-07-12,3093.0,covid19
Odisha | Khordha,2021-07-19,3240.0,covid19
Odisha | Khordha,2021-07-26,3034.0,covid19
Odisha | Khordha,2022-01-03,5307.0,covid19
Odisha | Khordha,2022-01-10,18969.0,covid19
Odisha | Khordha,2022-01-17,21522.0,covid19
Odisha | Khordha,2022-01-24,9981.0,covid19
Odisha | Khordha,2022-01-31,4114.0,covid19
Odisha | Khordha,2022-02-07,1613.0,covid19
Odisha | Khordha,2022-02-14,704.0,covid19
Odisha | Khordha,2022-02-21,254.0,covid19
Odisha | Koraput,2022-01-03,150.0,covid19
Odisha | Koraput,2022-01-10,1003.0,covid19
Odisha | Koraput,2022-01-17,1262.0,covid19
Odisha | Malkangiri,2022-01-03,7.0,covid19
Odisha | Malkangiri,2022-01-10,179.0,covid19
Odisha | Mayurbhanj,2021-05-17,3724.0,covid19
Odisha | Mayurbhanj,2021-05-31,3138.0,covid19
Odisha | Mayurbhanj,2022-01-03,327.0,covid19
Odisha | Mayurbhanj,2022-01-10,2116.0,covid19
Odisha | Mayurbhanj,2022-01-17,1742.0,covid19
Odisha | Nabarangapur,2021-04-19,1481.0,covid19
Odisha | Nabarangapur,2021-05-03,2607.0,covid19
Odisha | Nabarangapur,2021-12-27,13.0,covid19
Odisha | Nabarangapur,2022-01-03,166.0,covid19
Odisha | Nabarangapur,2022-01-10,800.0,covid19
Odisha | Nabarangapur,2022-01-17,1142.0,covid19
Odisha | Nayagarh,2022-01-10,661.0,covid19
Odisha | Nayagarh,2022-01-17,1399.0,covid19
Odisha | Nuapada,2021-04-19,3351.0,covid19
Odisha | Nuapada,2021-04-26,2590.0,covid19
Odisha | Nuapada,2021-12-20,5.0,covid19
Odisha | Nuapada,2022-01-03,80.0,covid19
Odisha | Nuapada,2022-01-10,409.0,covid19
Odisha | Nuapada,2022-01-17,1151.0,covid19
Odisha | Puri,2021-04-19,1802.0,covid19
Odisha | Puri,2021-04-26,2271.0,covid19
Odisha | Puri,2021-05-03,2944.0,covid19
Odisha | Puri,2021-05-10,3039.0,covid19
Odisha | Puri,2021-05-17,3115.0,covid19
Odisha | Puri,2022-01-03,384.0,covid19
Odisha | Puri,2022-01-10,1382.0,covid19
Odisha | Rayagada,2022-01-10,837.0,covid19
Odisha | Rayagada,2022-01-17,1559.0,covid19
Odisha | Sambalpur,2021-05-03,3553.0,covid19
Odisha | Sambalpur,2021-05-10,3374.0,covid19
Odisha | Sambalpur,2021-05-17,2978.0,covid19
Odisha | Sambalpur,2022-01-03,1276.0,covid19
Odisha | Sambalpur,2022-01-10,3827.0,covid19
Odisha | Sambalpur,2022-01-17,1840.0,covid19
Odisha | Sambalpur,2022-01-24,1088.0,covid19
Odisha | Sambalpur,2022-01-31,651.0,covid19
Odisha | State Pool,2020-09-14,1926.0,covid19
Odisha | Subarnapur,2022-01-03,118.0,covid19
Odisha | Subarnapur,2022-01-10,758.0,covid19
Odisha | Subarnapur,2022-01-17,1023.0,covid19
Odisha | Sundargarh,2021-04-05,1338.0,covid19
Odisha | Sundargarh,2021-04-12,2984.0,covid19
Odisha | Sundargarh,2021-04-19,4595.0,covid19
Odisha | Sundargarh,2021-04-26,4792.0,covid19
Odisha | Sundargarh,2021-05-03,8489.0,covid19
Odisha | Sundargarh,2021-05-10,6312.0,covid19
Odisha | Sundargarh,2021-05-17,5608.0,covid19
Odisha | Sundargarh,2021-05-24,3611.0,covid19
Odisha | Sundargarh,2021-05-31,2304.0,covid19
Odisha | Sundargarh,2021-06-07,1387.0,covid19
Odisha | Sundargarh,2022-01-03,2222.0,covid19
Odisha | Sundargarh,2022-01-10,9744.0,covid19
Odisha | Sundargarh,2022-01-17,8654.0,covid19
Odisha | Sundargarh,2022-01-24,3793.0,covid19
Odisha | Sundargarh,2022-01-31,1800.0,covid19
Odisha | Sundargarh,2022-02-07,908.0,covid19
Odisha | Sundargarh,2022-02-14,640.0,covid19
Odisha | Unknown,2023-04-17,2837.0,covid19
Odisha | Unknown,2023-04-24,3115.0,covid19
Odisha | Unknown,2023-05-08,11116.0,covid19
Odisha | Unknown,2023-05-15,316.0,covid19
Odisha | Unknown,2023-05-22,172.0,covid19
Odisha | Unknown,2023-05-29,69.0,covid19
Puducherry | Karaikal,2022-01-10,647.0,covid19
Puducherry | Karaikal,2022-01-17,2488.0,covid19
Puducherry | Karaikal,2022-01-24,1657.0,covid19
Puducherry | Karaikal,2022-05-30,23072.0,covid19
Puducherry | Karaikal,2022-06-06,5.0,covid19
Puducherry | Karaikal,2022-06-13,20.0,covid19
Puducherry | Karaikal,2022-06-20,17.0,covid19
Puducherry | Karaikal,2022-10-03,24717.0,covid19
Puducherry | Karaikal,2022-10-10,5.0,covid19
Puducherry | Karaikal,2022-10-24,24848.0,covid19
Puducherry | Karaikal,2022-10-31,0.0,covid19
Puducherry | Karaikal,2022-11-07,0.0,covid19
Puducherry | Karaikal,2022-11-14,0.0,covid19
Puducherry | Mahe,2022-05-30,6766.0,covid19
Puducherry | Mahe,2022-06-06,1.0,covid19
Puducherry | Mahe,2022-06-13,9.0,covid19
Puducherry | Mahe,2022-06-20,8.0,covid19
Puducherry | Mahe,2022-10-03,6805.0,covid19
Puducherry | Mahe,2022-10-10,1.0,covid19
Puducherry | Mahe,2022-10-24,6807.0,covid19
Puducherry | Mahe,2022-10-31,0.0,covid19
Puducherry | Mahe,2022-11-07,0.0,covid19
Puducherry | Mahe,2022-11-14,0.0,covid19
Puducherry | Puducherry,2020-08-17,2520.0,covid19
Puducherry | Puducherry,2020-08-24,3086.0,covid19
Puducherry | Puducherry,2020-09-07,2296.0,covid19
Puducherry | Puducherry,2020-09-14,2335.0,covid19
Puducherry | Puducherry,2020-09-21,2662.0,covid19
Puducherry | Puducherry,2021-04-12,2761.0,covid19
Puducherry | Puducherry,2021-04-19,4364.0,covid19
Puducherry | Puducherry,2021-04-26,6395.0,covid19
Puducherry | Puducherry,2021-05-03,8025.0,covid19
Puducherry | Puducherry,2021-05-10,10270.0,covid19
Puducherry | Puducherry,2021-05-17,9155.0,covid19
Puducherry | Puducherry,2021-05-24,5984.0,covid19
Puducherry | Puducherry,2021-05-31,3965.0,covid19
Puducherry | Puducherry,2021-06-07,2648.0,covid19
Puducherry | Puducherry,2021-06-14,1850.0,covid19
Puducherry | Puducherry,2022-01-03,915.0,covid19
Puducherry | Puducherry,2022-01-10,6139.0,covid19
Puducherry | Puducherry,2022-01-17,11312.0,covid19
Puducherry | Puducherry,2022-01-24,6066.0,covid19
Puducherry | Puducherry,2022-01-31,2272.0,covid19
Puducherry | Puducherry,2022-02-07,689.0,covid19
Puducherry | Puducherry,2022-02-14,228.0,covid19
Puducherry | Puducherry,2022-05-30,127512.0,covid19
Puducherry | Puducherry,2022-06-06,35.0,covid19
Puducherry | Puducherry,2022-06-13,91.0,covid19
Puducherry | Puducherry,2022-06-20,191.0,covid19
Puducherry | Puducherry,2022-10-03,134300.0,covid19
Puducherry | Puducherry,2022-10-10,31.0,covid19
Puducherry | Puducherry,2022-10-24,134643.0,covid19
Puducherry | Puducherry,2022-10-31,0.0,covid19
Puducherry | Puducherry,2022-11-07,0.0,covid19
Puducherry | Puducherry,2022-11-14,0.0,covid19
Puducherry | Unknown,2022-05-30,165881.0,covid19
Puducherry | Unknown,2022-10-03,8820.0,covid19
Puducherry | Unknown,2022-10-24,530.0,covid19
Puducherry | Unknown,2022-10-31,201.0,covid19
Puducherry | Unknown,2022-11-07,25.0,covid19
Puducherry | Unknown,2023-05-08,1420.0,covid19
Puducherry | Yanam,2022-01-10,52.0,covid19
Puducherry | Yanam,2022-01-17,492.0,covid19
Puducherry | Yanam,2022-05-30,8576.0,covid19
Puducherry | Yanam,2022-06-06,1.0,covid19
Puducherry | Yanam,2022-06-13,8.0,covid19
Puducherry | Yanam,2022-06-20,24.0,covid19
Puducherry | Yanam,2022-10-03,9034.0,covid19
Puducherry | Yanam,2022-10-10,3.0,covid19
Puducherry | Yanam,2022-10-24,9077.0,covid19
Puducherry | Yanam,2022-10-31,0.0,covid19
Puducherry | Yanam,2022-11-07,0.0,covid19
Puducherry | Yanam,2022-11-14,0.0,covid19
Punjab | Amritsar,2020-09-07,1698.0,covid19
Punjab | Amritsar,2021-04-19,3142.0,covid19
Punjab | Amritsar,2021-04-26,2916.0,covid19
Punjab | Amritsar,2021-05-03,4160.0,covid19
Punjab | Amritsar,2021-05-10,3236.0,covid19
Punjab | Amritsar,2022-01-03,1216.0,covid19
Punjab | Amritsar,2022-01-10,2728.0,covid19
Punjab | Amritsar,2022-01-17,4668.0,covid19
Punjab | Amritsar,2022-01-24,2152.0,covid19
Punjab | Amritsar,2022-01-31,622.0,covid19
Punjab | Amritsar,2022-02-07,284.0,covid19
Punjab | Barnala,2022-01-03,61.0,covid19
Punjab | Barnala,2022-01-10,316.0,covid19
Punjab | Bathinda,2021-04-19,3139.0,covid19
Punjab | Bathinda,2021-04-26,3971.0,covid19
Punjab | Bathinda,2021-05-03,5509.0,covid19
Punjab | Bathinda,2021-05-10,5269.0,covid19
Punjab | Bathinda,2021-05-17,3947.0,covid19
Punjab | Bathinda,2021-05-24,2214.0,covid19
Punjab | Bathinda,2021-05-31,1046.0,covid19
Punjab | Bathinda,2022-01-03,592.0,covid19
Punjab | Bathinda,2022-01-10,2063.0,covid19
Punjab | Bathinda,2022-01-17,3564.0,covid19
Punjab | Bathinda,2022-01-24,1667.0,covid19
Punjab | Bathinda,2022-01-31,653.0,covid19
Punjab | Bathinda,2022-02-07,209.0,covid19
Punjab | Faridkot,2022-01-03,99.0,covid19
Punjab | Faridkot,2022-01-10,407.0,covid19
Punjab | Faridkot,2022-01-17,1030.0,covid19
Punjab | Fatehgarh Sahib,2022-01-03,526.0,covid19
Punjab | Fazilka,2021-05-03,2616.0,covid19
Punjab | Fazilka,2021-05-10,3517.0,covid19
Punjab | Fazilka,2022-01-03,90.0,covid19
Punjab | Fazilka,2022-01-17,1055.0,covid19
Punjab | Ferozepur,2022-01-03,198.0,covid19
Punjab | Ferozepur,2022-01-17,1310.0,covid19
Punjab | Gurdaspur,2022-01-03,422.0,covid19
Punjab | Gurdaspur,2022-01-10,1243.0,covid19
Punjab | Gurdaspur,2022-01-17,1615.0,covid19
Punjab | Hoshiarpur,2022-01-03,498.0,covid19
Punjab | Hoshiarpur,2022-01-10,1780.0,covid19
Punjab | Hoshiarpur,2022-01-17,3969.0,covid19
Punjab | Hoshiarpur,2022-01-24,2155.0,covid19
Punjab | Hoshiarpur,2022-01-31,841.0,covid19
Punjab | Hoshiarpur,2022-02-07,261.0,covid19
Punjab | Jalandhar,2021-03-15,2263.0,covid19
Punjab | Jalandhar,2021-03-22,2720.0,covid19
Punjab | Jalandhar,2021-03-29,2724.0,covid19
Punjab | Jalandhar,2021-04-05,2576.0,covid19
Punjab | Jalandhar,2021-04-19,3332.0,covid19
Punjab | Jalandhar,2021-04-26,4151.0,covid19
Punjab | Jalandhar,2021-05-03,5029.0,covid19
Punjab | Jalandhar,2021-05-10,4385.0,covid19
Punjab | Jalandhar,2021-05-17,3668.0,covid19
Punjab | Jalandhar,2021-05-24,2554.0,covid19
Punjab | Jalandhar,2021-05-31,1356.0,covid19
Punjab | Jalandhar,2022-01-03,1412.0,covid19
Punjab | Jalandhar,2022-01-10,2852.0,covid19
Punjab | Jalandhar,2022-01-17,6178.0,covid19
Punjab | Jalandhar,2022-01-24,2445.0,covid19
Punjab | Jalandhar,2022-01-31,971.0,covid19
Punjab | Jalandhar,2022-02-07,329.0,covid19
Punjab | Kapurthala,2022-01-03,251.0,covid19
Punjab | Kapurthala,2022-01-10,1027.0,covid19
Punjab | Kapurthala,2022-01-17,1333.0,covid19
Punjab | Ludhiana,2020-09-14,2740.0,covid19
Punjab | Ludhiana,2021-03-22,2685.0,covid19
Punjab | Ludhiana,2021-03-29,2573.0,covid19
Punjab | Ludhiana,2021-04-05,2988.0,covid19
Punjab | Ludhiana,2021-04-12,4092.0,covid19
Punjab | Ludhiana,2021-04-19,6540.0,covid19
Punjab | Ludhiana,2021-04-26,7987.0,covid19
Punjab | Ludhiana,2021-05-03,9405.0,covid19
Punjab | Ludhiana,2021-05-10,8800.0,covid19
Punjab | Ludhiana,2021-05-17,5223.0,covid19
Punjab | Ludhiana,2021-05-24,2874.0,covid19
Punjab | Ludhiana,2021-05-31,1562.0,covid19
Punjab | Ludhiana,2021-06-07,811.0,covid19
Punjab | Ludhiana,2022-01-03,2048.0,covid19
Punjab | Ludhiana,2022-01-10,5969.0,covid19
Punjab | Ludhiana,2022-01-17,8512.0,covid19
Punjab | Ludhiana,2022-01-24,3496.0,covid19
Punjab | Ludhiana,2022-01-31,1231.0,covid19
Punjab | Ludhiana,2022-02-07,325.0,covid19
Punjab | Ludhiana,2022-02-14,147.0,covid19
Punjab | Ludhiana,2022-07-18,1308.0,covid19
Punjab | Mansa,2022-01-03,54.0,covid19
Punjab | Mansa,2022-01-10,292.0,covid19
Punjab | Mansa,2022-01-17,822.0,covid19
Punjab | Moga,2022-01-03,118.0,covid19
Punjab | Pathankot,2021-12-27,245.0,covid19
Punjab | Pathankot,2022-01-03,1024.0,covid19
Punjab | Pathankot,2022-01-10,1478.0,covid19
Punjab | Pathankot,2022-01-17,1363.0,covid19
Punjab | Patiala,2021-04-19,3053.0,covid19
Punjab | Patiala,2021-04-26,3672.0,covid19
Punjab | Patiala,2021-05-03,4391.0,covid19
Punjab | Patiala,2021-05-10,3717.0,covid19
Punjab | Patiala,2021-05-17,2659.0,covid19
Punjab | Patiala,2021-05-24,1663.0,covid19
Punjab | Patiala,2021-12-27,346.0,covid19
Punjab | Patiala,2022-01-03,4173.0,covid19
Punjab | Patiala,2022-01-10,4096.0,covid19
Punjab | Patiala,2022-01-17,3153.0,covid19
Punjab | Patiala,2022-01-24,700.0,covid19
Punjab | Patiala,2022-01-31,278.0,covid19
Punjab | Rupnagar,2022-01-03,262.0,covid19
Punjab | Rupnagar,2022-01-10,1174.0,covid19
Punjab | Rupnagar,2022-01-17,1968.0,covid19
Punjab | S.A.S. Nagar,2021-04-05,3230.0,covid19
Punjab | S.A.S. Nagar,2021-04-12,4633.0,covid19
Punjab | S.A.S. Nagar,2021-04-19,5789.0,covid19
Punjab | S.A.S. Nagar,2021-04-26,6689.0,covid19
Punjab | S.A.S. Nagar,2021-05-03,6207.0,covid19
Punjab | S.A.S. Nagar,2021-05-10,5843.0,covid19
Punjab | S.A.S. Nagar,2021-05-17,4020.0,covid19
Punjab | S.A.S. Nagar,2021-05-24,1785.0,covid19
Punjab | S.A.S. Nagar,2021-05-31,888.0,covid19
Punjab | S.A.S. Nagar,2022-01-03,2455.0,covid19
Punjab | S.A.S. Nagar,2022-01-10,5990.0,covid19
Punjab | S.A.S. Nagar,2022-01-17,9962.0,covid19
Punjab | S.A.S. Nagar,2022-01-24,5212.0,covid19
Punjab | S.A.S. Nagar,2022-01-31,1682.0,covid19
Punjab | S.A.S. Nagar,2022-02-07,612.0,covid19
Punjab | S.A.S. Nagar,2022-02-14,275.0,covid19
Punjab | Sangrur,2021-12-20,5.0,covid19
Punjab | Sangrur,2022-01-03,141.0,covid19
Punjab | Sangrur,2022-01-10,581.0,covid19
Punjab | Sangrur,2022-01-17,1040.0,covid19
Punjab | Shahid Bhagat Singh Nagar,2022-01-10,400.0,covid19
Punjab | Shahid Bhagat Singh Nagar,2022-01-17,950.0,covid19
Punjab | Sri Muktsar Sahib,2022-01-03,42.0,covid19
Punjab | Sri Muktsar Sahib,2022-01-10,378.0,covid19
Punjab | Sri Muktsar Sahib,2022-01-17,1204.0,covid19
Punjab | Tarn Taran,2022-01-03,145.0,covid19
Punjab | Tarn Taran,2022-01-10,489.0,covid19
Punjab | Tarn Taran,2022-01-17,1095.0,covid19
Punjab | Unknown,2022-01-10,7318.0,covid19
Punjab | Unknown,2022-02-07,0.0,covid19
Punjab | Unknown,2022-06-27,664.0,covid19
Punjab | Unknown,2022-07-04,1116.0,covid19
Punjab | Unknown,2022-07-18,1890.0,covid19
Punjab | Unknown,2022-09-19,5101.0,covid19
Punjab | Unknown,2022-09-26,2493.0,covid19
Punjab | Unknown,2022-10-03,2557.0,covid19
Punjab | Unknown,2022-10-10,0.0,covid19
Punjab | Unknown,2022-10-24,0.0,covid19
Punjab | Unknown,2022-11-07,1262.0,covid19
Punjab | Unknown,2022-11-28,2457.0,covid19
Punjab | Unknown,2022-12-05,2454.0,covid19
Punjab | Unknown,2022-12-12,1225.0,covid19
Punjab | Unknown,2022-12-19,2473.0,covid19
Punjab | Unknown,2022-12-26,2477.0,covid19
Punjab | Unknown,2023-01-02,27.0,covid19
Punjab | Unknown,2023-01-09,2476.0,covid19
Punjab | Unknown,2023-01-16,60.0,covid19
Punjab | Unknown,2023-01-23,2459.0,covid19
Punjab | Unknown,2023-01-30,16.0,covid19
Punjab | Unknown,2023-03-20,2531.0,covid19
Punjab | Unknown,2023-04-10,2568.0,covid19
Punjab | Unknown,2023-05-01,3072.0,covid19
Punjab | Unknown,2023-05-08,7327.0,covid19
Punjab | Unknown,2023-05-15,1367.0,covid19
Punjab | Unknown,2023-05-22,55.0,covid19
Punjab | Unknown,2023-05-29,20.0,covid19
Rajasthan | Ajmer,2021-04-19,3757.0,covid19
Rajasthan | Ajmer,2021-04-26,4108.0,covid19
Rajasthan | Ajmer,2021-05-03,3388.0,covid19
Rajasthan | Ajmer,2021-05-10,3195.0,covid19
Rajasthan | Ajmer,2021-05-17,1291.0,covid19
Rajasthan | Ajmer,2022-01-03,665.0,covid19
Rajasthan | Ajmer,2022-01-10,1966.0,covid19
Rajasthan | Ajmer,2022-01-17,3510.0,covid19
Rajasthan | Ajmer,2022-01-24,2597.0,covid19
Rajasthan | Ajmer,2022-01-31,1771.0,covid19
Rajasthan | Ajmer,2022-02-07,722.0,covid19
Rajasthan | Alwar,2021-04-12,2562.0,covid19
Rajasthan | Alwar,2021-04-19,5938.0,covid19
Rajasthan | Alwar,2021-04-26,8097.0,covid19
Rajasthan | Alwar,2021-05-03,6525.0,covid19
Rajasthan | Alwar,2021-05-10,6160.0,covid19
Rajasthan | Alwar,2021-05-17,3616.0,covid19
Rajasthan | Alwar,2021-05-24,1665.0,covid19
Rajasthan | Alwar,2021-05-31,798.0,covid19
Rajasthan | Alwar,2022-01-03,1029.0,covid19
Rajasthan | Alwar,2022-01-10,5420.0,covid19
Rajasthan | Alwar,2022-01-17,7605.0,covid19
Rajasthan | Alwar,2022-01-24,6515.0,covid19
Rajasthan | Alwar,2022-01-31,2608.0,covid19
Rajasthan | Alwar,2022-02-07,909.0,covid19
Rajasthan | Alwar,2022-02-14,361.0,covid19
Rajasthan | Banswara,2021-04-19,1511.0,covid19
Rajasthan | Banswara,2022-01-03,108.0,covid19
Rajasthan | Banswara,2022-01-10,491.0,covid19
Rajasthan | Banswara,2022-01-24,1341.0,covid19
Rajasthan | Baran,2022-01-10,371.0,covid19
Rajasthan | Baran,2022-01-17,756.0,covid19
Rajasthan | Barmer,2021-04-19,1573.0,covid19
Rajasthan | Barmer,2022-01-03,168.0,covid19
Rajasthan | Barmer,2022-01-10,2006.0,covid19
Rajasthan | Barmer,2022-01-17,2100.0,covid19
Rajasthan | Bharatpur,2021-05-10,4420.0,covid19
Rajasthan | Bharatpur,2021-05-17,1598.0,covid19
Rajasthan | Bharatpur,2021-05-24,384.0,covid19
Rajasthan | Bharatpur,2021-05-31,108.0,covid19
Rajasthan | Bharatpur,2022-01-03,541.0,covid19
Rajasthan | Bharatpur,2022-01-10,2868.0,covid19
Rajasthan | Bharatpur,2022-01-17,4213.0,covid19
Rajasthan | Bharatpur,2022-01-24,2601.0,covid19
Rajasthan | Bharatpur,2022-01-31,997.0,covid19
Rajasthan | Bharatpur,2022-02-07,353.0,covid19
Rajasthan | Bharatpur,2022-08-22,860.0,covid19
Rajasthan | Bhilwara,2021-04-12,2371.0,covid19
Rajasthan | Bhilwara,2021-04-19,3957.0,covid19
Rajasthan | Bhilwara,2021-04-26,3758.0,covid19
Rajasthan | Bhilwara,2021-05-03,3596.0,covid19
Rajasthan | Bhilwara,2021-05-10,2127.0,covid19
Rajasthan | Bhilwara,2022-01-03,409.0,covid19
Rajasthan | Bhilwara,2022-01-10,1398.0,covid19
Rajasthan | Bhilwara,2022-01-17,2271.0,covid19
Rajasthan | Bhilwara,2022-01-24,2033.0,covid19
Rajasthan | Bikaner,2020-10-05,1915.0,covid19
Rajasthan | Bikaner,2020-10-12,1931.0,covid19
Rajasthan | Bikaner,2021-04-12,1449.0,covid19
Rajasthan | Bikaner,2021-04-19,3834.0,covid19
Rajasthan | Bikaner,2021-04-26,4418.0,covid19
Rajasthan | Bikaner,2021-05-03,4333.0,covid19
Rajasthan | Bikaner,2021-05-10,2912.0,covid19
Rajasthan | Bikaner,2021-05-17,1964.0,covid19
Rajasthan | Bikaner,2021-05-24,797.0,covid19
Rajasthan | Bikaner,2022-01-03,706.0,covid19
Rajasthan | Bikaner,2022-01-10,3106.0,covid19
Rajasthan | Bikaner,2022-01-17,2416.0,covid19
Rajasthan | Bikaner,2022-01-24,1263.0,covid19
Rajasthan | Bikaner,2022-01-31,901.0,covid19
Rajasthan | Bundi,2022-01-03,34.0,covid19
Rajasthan | Bundi,2022-01-10,195.0,covid19
Rajasthan | Chittorgarh,2021-04-26,2802.0,covid19
Rajasthan | Chittorgarh,2021-05-03,4266.0,covid19
Rajasthan | Chittorgarh,2021-05-10,2814.0,covid19
Rajasthan | Chittorgarh,2021-05-17,1073.0,covid19
Rajasthan | Chittorgarh,2021-05-24,464.0,covid19
Rajasthan | Chittorgarh,2022-01-03,425.0,covid19
Rajasthan | Chittorgarh,2022-01-10,1485.0,covid19
Rajasthan | Chittorgarh,2022-01-17,3543.0,covid19
Rajasthan | Chittorgarh,2022-01-24,2361.0,covid19
Rajasthan | Chittorgarh,2022-01-31,1203.0,covid19
Rajasthan | Chittorgarh,2022-02-07,347.0,covid19
Rajasthan | Churu,2021-04-19,1715.0,covid19
Rajasthan | Churu,2021-05-03,3818.0,covid19
Rajasthan | Churu,2021-05-10,2657.0,covid19
Rajasthan | Churu,2022-01-03,80.0,covid19
Rajasthan | Churu,2022-01-10,643.0,covid19
Rajasthan | Churu,2022-01-17,1248.0,covid19
Rajasthan | Dausa,2021-04-12,576.0,covid19
Rajasthan | Dausa,2021-04-19,1671.0,covid19
Rajasthan | Dausa,2021-04-26,2130.0,covid19
Rajasthan | Dausa,2022-01-03,127.0,covid19
Rajasthan | Dausa,2022-01-10,629.0,covid19
Rajasthan | Dholpur,2021-04-19,2090.0,covid19
Rajasthan | Dholpur,2021-12-27,6.0,covid19
Rajasthan | Dholpur,2022-01-10,393.0,covid19
Rajasthan | Dungarpur,2022-01-03,104.0,covid19
Rajasthan | Dungarpur,2022-01-10,762.0,covid19
Rajasthan | Dungarpur,2022-01-17,1951.0,covid19
Rajasthan | Dungarpur,2022-01-24,2266.0,covid19
Rajasthan | Ganganagar,2021-04-26,2201.0,covid19
Rajasthan | Ganganagar,2021-05-03,2568.0,covid19
Rajasthan | Ganganagar,2022-01-10,736.0,covid19
Rajasthan | Ganganagar,2022-01-17,1662.0,covid19
Rajasthan | Ganganagar,2022-01-24,3061.0,covid19
Rajasthan | Ganganagar,2022-01-31,1774.0,covid19
Rajasthan | Hanumangarh,2021-04-19,1697.0,covid19
Rajasthan | Hanumangarh,2021-04-26,2328.0,covid19
Rajasthan | Hanumangarh,2022-01-10,1058.0,covid19
Rajasthan | Hanumangarh,2022-01-17,2225.0,covid19
Rajasthan | Hanumangarh,2022-01-24,1677.0,covid19
Rajasthan | Jaipur,2020-09-14,2468.0,covid19
Rajasthan | Jaipur,2020-09-21,2759.0,covid19
Rajasthan | Jaipur,2020-09-28,2965.0,covid19
Rajasthan | Jaipur,2020-10-05,2968.0,covid19
Rajasthan | Jaipur,2020-10-12,2724.0,covid19
Rajasthan | Jaipur,2020-10-19,2478.0,covid19
Rajasthan | Jaipur,2020-10-26,2364.0,covid19
Rajasthan | Jaipur,2020-11-02,2298.0,covid19
Rajasthan | Jaipur,2020-11-09,3013.0,covid19
Rajasthan | Jaipur,2020-11-16,3677.0,covid19
Rajasthan | Jaipur,2020-11-23,4325.0,covid19
Rajasthan | Jaipur,2020-11-30,4167.0,covid19
Rajasthan | Jaipur,2020-12-07,2642.0,covid19
Rajasthan | Jaipur,2020-12-14,1840.0,covid19
Rajasthan | Jaipur,2020-12-21,1123.0,covid19
Rajasthan | Jaipur,2020-12-28,703.0,covid19
Rajasthan | Jaipur,2021-04-05,4222.0,covid19
Rajasthan | Jaipur,2021-04-12,8771.0,covid19
Rajasthan | Jaipur,2021-04-19,18745.0,covid19
Rajasthan | Jaipur,2021-04-26,24296.0,covid19
Rajasthan | Jaipur,2021-05-03,25942.0,covid19
Rajasthan | Jaipur,2021-05-10,21830.0,covid19
Rajasthan | Jaipur,2021-05-17,13188.0,covid19
Rajasthan | Jaipur,2021-05-24,4693.0,covid19
Rajasthan | Jaipur,2021-05-31,1576.0,covid19
Rajasthan | Jaipur,2021-06-07,652.0,covid19
Rajasthan | Jaipur,2021-06-14,315.0,covid19
Rajasthan | Jaipur,2021-12-27,905.0,covid19
Rajasthan | Jaipur,2022-01-03,9506.0,covid19
Rajasthan | Jaipur,2022-01-10,17752.0,covid19
Rajasthan | Jaipur,2022-01-17,22603.0,covid19
Rajasthan | Jaipur,2022-01-24,15394.0,covid19
Rajasthan | Jaipur,2022-01-31,9275.0,covid19
Rajasthan | Jaipur,2022-02-07,5264.0,covid19
Rajasthan | Jaipur,2022-02-14,2392.0,covid19
Rajasthan | Jaipur,2022-02-21,1536.0,covid19
Rajasthan | Jaipur,2022-02-28,720.0,covid19
Rajasthan | Jaipur,2022-08-22,2791.0,covid19
Rajasthan | Jaisalmer,2021-05-10,3318.0,covid19
Rajasthan | Jaisalmer,2022-01-10,781.0,covid19
Rajasthan | Jalore,2022-01-17,206.0,covid19
Rajasthan | Jhalawar,2020-05-25,205.0,covid19
Rajasthan | Jhalawar,2021-04-26,2128.0,covid19
Rajasthan | Jhalawar,2021-05-03,2570.0,covid19
Rajasthan | Jhalawar,2022-01-03,90.0,covid19
Rajasthan | Jhalawar,2022-01-10,552.0,covid19
Rajasthan | Jhalawar,2022-01-17,1096.0,covid19
Rajasthan | Jhunjhunu,2021-05-10,2950.0,covid19
Rajasthan | Jhunjhunu,2022-01-10,426.0,covid19
Rajasthan | Jhunjhunu,2022-01-17,1028.0,covid19
Rajasthan | Jodhpur,2020-09-28,2366.0,covid19
Rajasthan | Jodhpur,2020-10-05,2418.0,covid19
Rajasthan | Jodhpur,2020-10-12,2042.0,covid19
Rajasthan | Jodhpur,2020-11-09,2279.0,covid19
Rajasthan | Jodhpur,2020-11-16,2654.0,covid19
Rajasthan | Jodhpur,2020-11-23,3168.0,covid19
Rajasthan | Jodhpur,2020-11-30,1939.0,covid19
Rajasthan | Jodhpur,2020-12-07,1130.0,covid19
Rajasthan | Jodhpur,2020-12-14,687.0,covid19
Rajasthan | Jodhpur,2021-04-05,2982.0,covid19
Rajasthan | Jodhpur,2021-04-12,7169.0,covid19
Rajasthan | Jodhpur,2021-04-19,11767.0,covid19
Rajasthan | Jodhpur,2021-04-26,14260.0,covid19
Rajasthan | Jodhpur,2021-05-03,14391.0,covid19
Rajasthan | Jodhpur,2021-05-10,7911.0,covid19
Rajasthan | Jodhpur,2021-05-17,4071.0,covid19
Rajasthan | Jodhpur,2021-05-24,1530.0,covid19
Rajasthan | Jodhpur,2021-05-31,536.0,covid19
Rajasthan | Jodhpur,2021-12-27,150.0,covid19
Rajasthan | Jodhpur,2022-01-03,2358.0,covid19
Rajasthan | Jodhpur,2022-01-10,5251.0,covid19
Rajasthan | Jodhpur,2022-01-17,8108.0,covid19
Rajasthan | Jodhpur,2022-01-24,5597.0,covid19
Rajasthan | Jodhpur,2022-01-31,4096.0,covid19
Rajasthan | Jodhpur,2022-02-07,1671.0,covid19
Rajasthan | Jodhpur,2022-02-14,688.0,covid19
Rajasthan | Jodhpur,2022-02-21,338.0,covid19
Rajasthan | Karauli,2022-01-03,7.0,covid19
Rajasthan | Karauli,2022-01-17,708.0,covid19
Rajasthan | Kota,2020-11-23,1796.0,covid19
Rajasthan | Kota,2021-04-05,2631.0,covid19
Rajasthan | Kota,2021-04-12,5412.0,covid19
Rajasthan | Kota,2021-04-19,7650.0,covid19
Rajasthan | Kota,2021-04-26,5118.0,covid19
Rajasthan | Kota,2021-05-03,4944.0,covid19
Rajasthan | Kota,2021-05-10,5330.0,covid19
Rajasthan | Kota,2021-05-17,2676.0,covid19
Rajasthan | Kota,2021-05-24,795.0,covid19
Rajasthan | Kota,2021-05-31,155.0,covid19
Rajasthan | Kota,2021-12-27,53.0,covid19
Rajasthan | Kota,2022-01-03,584.0,covid19
Rajasthan | Kota,2022-01-10,2975.0,covid19
Rajasthan | Kota,2022-01-17,3705.0,covid19
Rajasthan | Kota,2022-01-24,2779.0,covid19
Rajasthan | Kota,2022-01-31,1609.0,covid19
Rajasthan | Kota,2022-02-07,760.0,covid19
Rajasthan | Nagaur,2022-01-03,100.0,covid19
Rajasthan | Nagaur,2022-01-10,485.0,covid19
Rajasthan | Nagaur,2022-01-17,1229.0,covid19
Rajasthan | Other State,2021-10-25,148.0,covid19
Rajasthan | Other State,2022-08-08,337.0,covid19
Rajasthan | Pali,2021-04-19,2802.0,covid19
Rajasthan | Pali,2021-04-26,4495.0,covid19
Rajasthan | Pali,2021-05-03,3231.0,covid19
Rajasthan | Pali,2021-05-10,1830.0,covid19
Rajasthan | Pali,2021-05-17,1408.0,covid19
Rajasthan | Pali,2022-01-03,157.0,covid19
Rajasthan | Pali,2022-01-10,1334.0,covid19
Rajasthan | Pali,2022-01-17,3273.0,covid19
Rajasthan | Pali,2022-01-24,1877.0,covid19
Rajasthan | Pali,2022-01-31,1249.0,covid19
Rajasthan | Pratapgarh,2021-12-20,9.0,covid19
Rajasthan | Pratapgarh,2022-01-17,1427.0,covid19
Rajasthan | Rajsamand,2022-01-03,72.0,covid19
Rajasthan | Rajsamand,2022-01-10,588.0,covid19
Rajasthan | Rajsamand,2022-01-17,1095.0,covid19
Rajasthan | Rajsamand,2022-01-24,1474.0,covid19
Rajasthan | Sawai Madhopur,2021-04-19,1984.0,covid19
Rajasthan | Sawai Madhopur,2022-01-03,235.0,covid19
Rajasthan | Sawai Madhopur,2022-01-10,1021.0,covid19
Rajasthan | Sawai Madhopur,2022-01-17,1482.0,covid19
Rajasthan | Sikar,2021-04-19,3031.0,covid19
Rajasthan | Sikar,2021-04-26,5475.0,covid19
Rajasthan | Sikar,2021-05-03,4181.0,covid19
Rajasthan | Sikar,2021-05-10,3557.0,covid19
Rajasthan | Sikar,2021-05-17,2355.0,covid19
Rajasthan | Sikar,2021-05-24,898.0,covid19
Rajasthan | Sikar,2022-01-03,216.0,covid19
Rajasthan | Sikar,2022-01-10,1163.0,covid19
Rajasthan | Sikar,2022-01-17,2412.0,covid19
Rajasthan | Sikar,2022-01-24,1431.0,covid19
Rajasthan | Sirohi,2021-03-22,298.0,covid19
Rajasthan | Sirohi,2021-04-19,2469.0,covid19
Rajasthan | Sirohi,2022-01-03,156.0,covid19
Rajasthan | Sirohi,2022-01-10,654.0,covid19
Rajasthan | Tonk,2021-12-27,5.0,covid19
Rajasthan | Tonk,2022-01-03,110.0,covid19
Rajasthan | Tonk,2022-01-10,429.0,covid19
Rajasthan | Tonk,2022-01-17,1152.0,covid19
Rajasthan | Udaipur,2021-04-05,3223.0,covid19
Rajasthan | Udaipur,2021-04-12,5643.0,covid19
Rajasthan | Udaipur,2021-04-19,7071.0,covid19
Rajasthan | Udaipur,2021-04-26,7391.0,covid19
Rajasthan | Udaipur,2021-05-03,7294.0,covid19
Rajasthan | Udaipur,2021-05-10,6676.0,covid19
Rajasthan | Udaipur,2021-05-17,3238.0,covid19
Rajasthan | Udaipur,2021-05-24,1194.0,covid19
Rajasthan | Udaipur,2021-05-31,364.0,covid19
Rajasthan | Udaipur,2022-01-03,854.0,covid19
Rajasthan | Udaipur,2022-01-10,3983.0,covid19
Rajasthan | Udaipur,2022-01-17,4887.0,covid19
Rajasthan | Udaipur,2022-01-24,3654.0,covid19
Rajasthan | Udaipur,2022-01-31,2528.0,covid19
Rajasthan | Udaipur,2022-02-07,961.0,covid19
Rajasthan | Udaipur,2022-02-14,525.0,covid19
Rajasthan | Unknown,2022-08-08,2921.0,covid19
Rajasthan | Unknown,2022-08-15,3608.0,covid19
Rajasthan | Unknown,2022-10-24,142.0,covid19
Rajasthan | Unknown,2022-10-31,233.0,covid19
Rajasthan | Unknown,2022-11-07,213.0,covid19
Rajasthan | Unknown,2023-04-10,2273.0,covid19
Rajasthan | Unknown,2023-04-17,3582.0,covid19
Rajasthan | Unknown,2023-04-24,2361.0,covid19
Rajasthan | Unknown,2023-05-08,10331.0,covid19
Rajasthan | Unknown,2023-05-15,129.0,covid19
Rajasthan | Unknown,2023-05-22,62.0,covid19
Rajasthan | Unknown,2023-05-29,25.0,covid19
Sikkim | Unknown,2022-01-10,1993.0,covid19
Sikkim | Unknown,2022-01-17,2269.0,covid19
Tamil Nadu | Airport Quarantine,2020-11-16,11.0,covid19
Tamil Nadu | Ariyalur,2022-01-10,329.0,covid19
Tamil Nadu | Ariyalur,2022-01-17,902.0,covid19
Tamil Nadu | Chengalpattu,2020-07-27,3046.0,covid19
Tamil Nadu | Chengalpattu,2020-08-10,3100.0,covid19
Tamil Nadu | Chengalpattu,2020-08-31,2548.0,covid19
Tamil Nadu | Chengalpattu,2020-09-28,2572.0,covid19
Tamil Nadu | Chengalpattu,2020-10-05,2197.0,covid19
Tamil Nadu | Chengalpattu,2021-04-05,3283.0,covid19
Tamil Nadu | Chengalpattu,2021-04-12,5648.0,covid19
Tamil Nadu | Chengalpattu,2021-04-19,7421.0,covid19
Tamil Nadu | Chengalpattu,2021-04-26,9178.0,covid19
Tamil Nadu | Chengalpattu,2021-05-03,14356.0,covid19
Tamil Nadu | Chengalpattu,2021-05-10,16024.0,covid19
Tamil Nadu | Chengalpattu,2021-05-17,15258.0,covid19
Tamil Nadu | Chengalpattu,2021-05-24,10586.0,covid19
Tamil Nadu | Chengalpattu,2021-05-31,7111.0,covid19
Tamil Nadu | Chengalpattu,2021-06-07,4854.0,covid19
Tamil Nadu | Chengalpattu,2021-06-14,2890.0,covid19
Tamil Nadu | Chengalpattu,2021-06-21,2084.0,covid19
Tamil Nadu | Chengalpattu,2021-06-28,1453.0,covid19
Tamil Nadu | Chengalpattu,2022-01-03,5766.0,covid19
Tamil Nadu | Chengalpattu,2022-01-10,15425.0,covid19
Tamil Nadu | Chengalpattu,2022-01-17,15338.0,covid19
Tamil Nadu | Chengalpattu,2022-01-24,11886.0,covid19
Tamil Nadu | Chengalpattu,2022-01-31,7269.0,covid19
Tamil Nadu | Chengalpattu,2022-02-07,2155.0,covid19
Tamil Nadu | Chengalpattu,2022-02-14,831.0,covid19
Tamil Nadu | Chengalpattu,2022-02-21,477.0,covid19
Tamil Nadu | Chengalpattu,2022-06-27,2274.0,covid19
Tamil Nadu | Chengalpattu,2022-07-04,2963.0,covid19
Tamil Nadu | Chennai,2020-05-04,2371.0,covid19
Tamil Nadu | Chennai,2020-05-11,2927.0,covid19
Tamil Nadu | Chennai,2020-05-18,3821.0,covid19
Tamil Nadu | Chennai,2020-05-25,4217.0,covid19
Tamil Nadu | Chennai,2020-06-01,7350.0,covid19
Tamil Nadu | Chennai,2020-06-08,9747.0,covid19
Tamil Nadu | Chennai,2020-06-15,9276.0,covid19
Tamil Nadu | Chennai,2020-06-22,12590.0,covid19
Tamil Nadu | Chennai,2020-06-29,14492.0,covid19
Tamil Nadu | Chennai,2020-07-06,9084.0,covid19
Tamil Nadu | Chennai,2020-07-13,8521.0,covid19
Tamil Nadu | Chennai,2020-07-20,8836.0,covid19
Tamil Nadu | Chennai,2020-07-27,7256.0,covid19
Tamil Nadu | Chennai,2020-08-03,7166.0,covid19
Tamil Nadu | Chennai,2020-08-10,7533.0,covid19
Tamil Nadu | Chennai,2020-08-17,8739.0,covid19
Tamil Nadu | Chennai,2020-08-24,9047.0,covid19
Tamil Nadu | Chennai,2020-08-31,7218.0,covid19
Tamil Nadu | Chennai,2020-09-07,6930.0,covid19
Tamil Nadu | Chennai,2020-09-14,7055.0,covid19
Tamil Nadu | Chennai,2020-09-21,7784.0,covid19
Tamil Nadu | Chennai,2020-09-28,9350.0,covid19
Tamil Nadu | Chennai,2020-10-05,9241.0,covid19
Tamil Nadu | Chennai,2020-10-12,7981.0,covid19
Tamil Nadu | Chennai,2020-10-19,5677.0,covid19
Tamil Nadu | Chennai,2020-10-26,4861.0,covid19
Tamil Nadu | Chennai,2020-11-02,4329.0,covid19
Tamil Nadu | Chennai,2020-11-09,3806.0,covid19
Tamil Nadu | Chennai,2020-11-16,3346.0,covid19
Tamil Nadu | Chennai,2020-11-23,2962.0,covid19
Tamil Nadu | Chennai,2020-11-30,2566.0,covid19
Tamil Nadu | Chennai,2020-12-07,2319.0,covid19
Tamil Nadu | Chennai,2020-12-14,2397.0,covid19
Tamil Nadu | Chennai,2020-12-21,2128.0,covid19
Tamil Nadu | Chennai,2020-12-28,1848.0,covid19
Tamil Nadu | Chennai,2021-01-04,1566.0,covid19
Tamil Nadu | Chennai,2021-03-15,2803.0,covid19
Tamil Nadu | Chennai,2021-03-22,4716.0,covid19
Tamil Nadu | Chennai,2021-03-29,7421.0,covid19
Tamil Nadu | Chennai,2021-04-05,11366.0,covid19
Tamil Nadu | Chennai,2021-04-12,18310.0,covid19
Tamil Nadu | Chennai,2021-04-19,26463.0,covid19
Tamil Nadu | Chennai,2021-04-26,36067.0,covid19
Tamil Nadu | Chennai,2021-05-03,44623.0,covid19
Tamil Nadu | Chennai,2021-05-10,47802.0,covid19
Tamil Nadu | Chennai,2021-05-17,40319.0,covid19
Tamil Nadu | Chennai,2021-05-24,23220.0,covid19
Tamil Nadu | Chennai,2021-05-31,14698.0,covid19
Tamil Nadu | Chennai,2021-06-07,8381.0,covid19
Tamil Nadu | Chennai,2021-06-14,4202.0,covid19
Tamil Nadu | Chennai,2021-06-21,2521.0,covid19
Tamil Nadu | Chennai,2021-06-28,1700.0,covid19
Tamil Nadu | Chennai,2021-12-27,3098.0,covid19
Tamil Nadu | Chennai,2022-01-03,24230.0,covid19
Tamil Nadu | Chennai,2022-01-10,55059.0,covid19
Tamil Nadu | Chennai,2022-01-17,49283.0,covid19
Tamil Nadu | Chennai,2022-01-24,36453.0,covid19
Tamil Nadu | Chennai,2022-01-31,12728.0,covid19
Tamil Nadu | Chennai,2022-02-07,4683.0,covid19
Tamil Nadu | Chennai,2022-02-14,1937.0,covid19
Tamil Nadu | Chennai,2022-02-21,1036.0,covid19
Tamil Nadu | Chennai,2022-02-28,563.0,covid19
Tamil Nadu | Chennai,2022-06-20,3409.0,covid19
Tamil Nadu | Chennai,2022-06-27,5997.0,covid19
Tamil Nadu | Chennai,2022-07-04,6860.0,covid19
Tamil Nadu | Chennai,2022-07-11,4847.0,covid19
Tamil Nadu | Chennai,2022-07-18,3617.0,covid19
Tamil Nadu | Chennai,2022-07-25,2691.0,covid19
Tamil Nadu | Chennai,2022-08-01,1915.0,covid19
Tamil Nadu | Coimbatore,2020-08-24,3143.0,covid19
Tamil Nadu | Coimbatore,2020-08-31,4061.0,covid19
Tamil Nadu | Coimbatore,2020-09-07,3201.0,covid19
Tamil Nadu | Coimbatore,2020-09-14,3758.0,covid19
Tamil Nadu | Coimbatore,2020-09-21,4400.0,covid19
Tamil Nadu | Coimbatore,2020-09-28,3775.0,covid19
Tamil Nadu | Coimbatore,2020-10-05,3028.0,covid19
Tamil Nadu | Coimbatore,2020-10-12,2701.0,covid19
Tamil Nadu | Coimbatore,2020-10-19,2012.0,covid19
Tamil Nadu | Coimbatore,2020-10-26,1674.0,covid19
Tamil Nadu | Coimbatore,2021-04-05,3044.0,covid19
Tamil Nadu | Coimbatore,2021-04-12,4197.0,covid19
Tamil Nadu | Coimbatore,2021-04-19,5825.0,covid19
Tamil Nadu | Coimbatore,2021-04-26,7899.0,covid19
Tamil Nadu | Coimbatore,2021-05-03,13981.0,covid19
Tamil Nadu | Coimbatore,2021-05-10,20433.0,covid19
Tamil Nadu | Coimbatore,2021-05-17,23329.0,covid19
Tamil Nadu | Coimbatore,2021-05-24,28142.0,covid19
Tamil Nadu | Coimbatore,2021-05-31,21020.0,covid19
Tamil Nadu | Coimbatore,2021-06-07,15517.0,covid19
Tamil Nadu | Coimbatore,2021-06-14,8953.0,covid19
Tamil Nadu | Coimbatore,2021-06-21,5335.0,covid19
Tamil Nadu | Coimbatore,2021-06-28,3587.0,covid19
Tamil Nadu | Coimbatore,2021-07-05,3628.0,covid19
Tamil Nadu | Coimbatore,2021-07-12,1826.0,covid19
Tamil Nadu | Coimbatore,2021-07-19,1300.0,covid19
Tamil Nadu | Coimbatore,2022-01-03,2419.0,covid19
Tamil Nadu | Coimbatore,2022-01-10,8812.0,covid19
Tamil Nadu | Coimbatore,2022-01-17,22639.0,covid19
Tamil Nadu | Coimbatore,2022-01-24,24817.0,covid19
Tamil Nadu | Coimbatore,2022-01-31,10677.0,covid19
Tamil Nadu | Coimbatore,2022-02-07,4502.0,covid19
Tamil Nadu | Coimbatore,2022-02-14,1464.0,covid19
Tamil Nadu | Coimbatore,2022-02-21,601.0,covid19
Tamil Nadu | Coimbatore,2022-02-28,285.0,covid19
Tamil Nadu | Cuddalore,2020-08-31,2920.0,covid19
Tamil Nadu | Cuddalore,2021-05-03,2826.0,covid19
Tamil Nadu | Cuddalore,2021-05-10,4392.0,covid19
Tamil Nadu | Cuddalore,2021-05-17,5485.0,covid19
Tamil Nadu | Cuddalore,2021-05-24,4491.0,covid19
Tamil Nadu | Cuddalore,2021-05-31,4023.0,covid19
Tamil Nadu | Cuddalore,2021-06-07,2816.0,covid19
Tamil Nadu | Cuddalore,2021-06-14,1662.0,covid19
Tamil Nadu | Cuddalore,2022-01-10,1712.0,covid19
Tamil Nadu | Cuddalore,2022-01-17,3098.0,covid19
Tamil Nadu | Cuddalore,2022-01-24,2726.0,covid19
Tamil Nadu | Cuddalore,2022-01-31,1308.0,covid19
Tamil Nadu | Cuddalore,2022-02-07,339.0,covid19
Tamil Nadu | Dharmapuri,2022-01-10,827.0,covid19
Tamil Nadu | Dharmapuri,2022-01-17,2118.0,covid19
Tamil Nadu | Dharmapuri,2022-01-24,2553.0,covid19
Tamil Nadu | Dindigul,2022-01-10,522.0,covid19
Tamil Nadu | Dindigul,2022-01-24,1525.0,covid19
Tamil Nadu | Erode,2021-04-26,3265.0,covid19
Tamil Nadu | Erode,2021-05-03,4536.0,covid19
Tamil Nadu | Erode,2021-05-10,6399.0,covid19
Tamil Nadu | Erode,2021-05-17,10246.0,covid19
Tamil Nadu | Erode,2021-05-24,11568.0,covid19
Tamil Nadu | Erode,2021-05-31,11360.0,covid19
Tamil Nadu | Erode,2021-06-07,9986.0,covid19
Tamil Nadu | Erode,2021-06-14,7398.0,covid19
Tamil Nadu | Erode,2021-06-21,4557.0,covid19
Tamil Nadu | Erode,2021-06-28,2600.0,covid19
Tamil Nadu | Erode,2021-07-05,380.0,covid19
Tamil Nadu | Erode,2021-07-12,787.0,covid19
Tamil Nadu | Erode,2022-01-10,2534.0,covid19
Tamil Nadu | Erode,2022-01-17,6519.0,covid19
Tamil Nadu | Erode,2022-01-24,8586.0,covid19
Tamil Nadu | Erode,2022-01-31,4647.0,covid19
Tamil Nadu | Erode,2022-02-07,1311.0,covid19
Tamil Nadu | Erode,2022-02-14,458.0,covid19
Tamil Nadu | Erode,2022-02-21,165.0,covid19
Tamil Nadu | Kallakurichi,2022-01-03,213.0,covid19
Tamil Nadu | Kallakurichi,2022-01-10,775.0,covid19
Tamil Nadu | Kallakurichi,2022-01-17,1393.0,covid19
Tamil Nadu | Kallakurichi,2022-01-24,1748.0,covid19
Tamil Nadu | Kancheepuram,2020-07-20,2422.0,covid19
Tamil Nadu | Kancheepuram,2020-07-27,2624.0,covid19
Tamil Nadu | Kancheepuram,2021-04-19,2514.0,covid19
Tamil Nadu | Kancheepuram,2021-04-26,2764.0,covid19
Tamil Nadu | Kancheepuram,2021-05-03,5665.0,covid19
Tamil Nadu | Kancheepuram,2021-05-10,6114.0,covid19
Tamil Nadu | Kancheepuram,2021-05-17,6868.0,covid19
Tamil Nadu | Kancheepuram,2021-05-24,5443.0,covid19
Tamil Nadu | Kancheepuram,2021-05-31,3090.0,covid19
Tamil Nadu | Kancheepuram,2021-06-07,2172.0,covid19
Tamil Nadu | Kancheepuram,2021-06-14,1157.0,covid19
Tamil Nadu | Kancheepuram,2022-01-03,1353.0,covid19
Tamil Nadu | Kancheepuram,2022-01-10,4629.0,covid19
Tamil Nadu | Kancheepuram,2022-01-17,5045.0,covid19
Tamil Nadu | Kancheepuram,2022-01-24,3891.0,covid19
Tamil Nadu | Kancheepuram,2022-01-31,2267.0,covid19
Tamil Nadu | Kancheepuram,2022-02-07,585.0,covid19
Tamil Nadu | Kancheepuram,2022-02-14,149.0,covid19
Tamil Nadu | Kanyakumari,2021-05-03,3402.0,covid19
Tamil Nadu | Kanyakumari,2021-05-10,7182.0,covid19
Tamil Nadu | Kanyakumari,2021-05-17,7958.0,covid19
Tamil Nadu | Kanyakumari,2021-05-24,7158.0,covid19
Tamil Nadu | Kanyakumari,2021-05-31,5222.0,covid19
Tamil Nadu | Kanyakumari,2021-06-07,3243.0,covid19
Tamil Nadu | Kanyakumari,2021-06-14,1569.0,covid19
Tamil Nadu | Kanyakumari,2021-06-21,761.0,covid19
Tamil Nadu | Kanyakumari,2022-01-03,717.0,covid19
Tamil Nadu | Kanyakumari,2022-01-10,3372.0,covid19
Tamil Nadu | Kanyakumari,2022-01-17,7635.0,covid19
Tamil Nadu | Kanyakumari,2022-01-24,7063.0,covid19
Tamil Nadu | Kanyakumari,2022-01-31,3221.0,covid19
Tamil Nadu | Kanyakumari,2022-02-07,648.0,covid19
Tamil Nadu | Kanyakumari,2022-02-14,196.0,covid19
Tamil Nadu | Karur,2022-01-17,1293.0,covid19
Tamil Nadu | Karur,2022-01-24,1615.0,covid19
Tamil Nadu | Krishnagiri,2021-04-26,3187.0,covid19
Tamil Nadu | Krishnagiri,2021-05-03,2905.0,covid19
Tamil Nadu | Krishnagiri,2021-05-10,4583.0,covid19
Tamil Nadu | Krishnagiri,2021-05-17,5112.0,covid19
Tamil Nadu | Krishnagiri,2021-05-24,4234.0,covid19
Tamil Nadu | Krishnagiri,2021-05-31,2859.0,covid19
Tamil Nadu | Krishnagiri,2021-06-07,2021.0,covid19
Tamil Nadu | Krishnagiri,2021-06-14,1397.0,covid19
Tamil Nadu | Krishnagiri,2022-01-10,1701.0,covid19
Tamil Nadu | Krishnagiri,2022-01-17,4840.0,covid19
Tamil Nadu | Krishnagiri,2022-01-24,5736.0,covid19
Tamil Nadu | Krishnagiri,2022-01-31,2265.0,covid19
Tamil Nadu | Krishnagiri,2022-02-07,412.0,covid19
Tamil Nadu | Krishnagiri,2022-02-14,117.0,covid19
Tamil Nadu | Madurai,2020-06-22,1290.0,covid19
Tamil Nadu | Madurai,2020-06-29,2090.0,covid19
Tamil Nadu | Madurai,2021-04-19,3376.0,covid19
Tamil Nadu | Madurai,2021-04-26,4462.0,covid19
Tamil Nadu | Madurai,2021-05-03,6620.0,covid19
Tamil Nadu | Madurai,2021-05-10,8141.0,covid19
Tamil Nadu | Madurai,2021-05-17,8567.0,covid19
Tamil Nadu | Madurai,2021-05-24,8481.0,covid19
Tamil Nadu | Madurai,2021-05-31,3723.0,covid19
Tamil Nadu | Madurai,2021-06-07,2167.0,covid19
Tamil Nadu | Madurai,2021-06-14,1202.0,covid19
Tamil Nadu | Madurai,2022-01-03,978.0,covid19
Tamil Nadu | Madurai,2022-01-10,3662.0,covid19
Tamil Nadu | Madurai,2022-01-17,4839.0,covid19
Tamil Nadu | Madurai,2022-01-24,3943.0,covid19
Tamil Nadu | Madurai,2022-01-31,1389.0,covid19
Tamil Nadu | Madurai,2022-02-07,326.0,covid19
Tamil Nadu | Madurai,2022-02-14,96.0,covid19
Tamil Nadu | Mayiladuthurai,2022-01-10,391.0,covid19
Tamil Nadu | Mayiladuthurai,2022-01-17,943.0,covid19
Tamil Nadu | Nagapattinam,2021-05-10,3035.0,covid19
Tamil Nadu | Nagapattinam,2021-05-17,4317.0,covid19
Tamil Nadu | Nagapattinam,2021-05-24,4858.0,covid19
Tamil Nadu | Nagapattinam,2021-05-31,4233.0,covid19
Tamil Nadu | Nagapattinam,2021-06-07,3086.0,covid19
Tamil Nadu | Nagapattinam,2021-06-14,1399.0,covid19
Tamil Nadu | Nagapattinam,2021-06-21,708.0,covid19
Tamil Nadu | Nagapattinam,2022-01-17,1239.0,covid19
Tamil Nadu | Namakkal,2021-05-10,3155.0,covid19
Tamil Nadu | Namakkal,2021-05-17,3671.0,covid19
Tamil Nadu | Namakkal,2021-05-24,5667.0,covid19
Tamil Nadu | Namakkal,2021-05-31,5527.0,covid19
Tamil Nadu | Namakkal,2021-06-07,3296.0,covid19
Tamil Nadu | Namakkal,2021-06-14,2287.0,covid19
Tamil Nadu | Namakkal,2021-06-21,1730.0,covid19
Tamil Nadu | Namakkal,2022-01-10,1242.0,covid19
Tamil Nadu | Namakkal,2022-01-17,3593.0,covid19
Tamil Nadu | Namakkal,2022-01-24,4798.0,covid19
Tamil Nadu | Namakkal,2022-01-31,2425.0,covid19
Tamil Nadu | Namakkal,2022-02-07,704.0,covid19
Tamil Nadu | Namakkal,2022-02-14,223.0,covid19
Tamil Nadu | Nilgiris,2021-05-17,2500.0,covid19
Tamil Nadu | Nilgiris,2021-05-24,3275.0,covid19
Tamil Nadu | Nilgiris,2021-05-31,3878.0,covid19
Tamil Nadu | Nilgiris,2021-06-07,3189.0,covid19
Tamil Nadu | Nilgiris,2021-06-14,1600.0,covid19
Tamil Nadu | Nilgiris,2021-06-21,946.0,covid19
Tamil Nadu | Nilgiris,2022-01-10,1354.0,covid19
Tamil Nadu | Nilgiris,2022-01-17,1974.0,covid19
Tamil Nadu | Nilgiris,2022-01-24,2212.0,covid19
Tamil Nadu | Perambalur,2022-01-03,196.0,covid19
Tamil Nadu | Pudukkottai,2022-01-17,1141.0,covid19
Tamil Nadu | Pudukkottai,2022-01-24,1592.0,covid19
Tamil Nadu | Ramanathapuram,2022-01-10,697.0,covid19
Tamil Nadu | Ramanathapuram,2022-01-17,1308.0,covid19
Tamil Nadu | Ranipet,2021-05-03,2805.0,covid19
Tamil Nadu | Ranipet,2021-05-17,3897.0,covid19
Tamil Nadu | Ranipet,2021-05-24,3324.0,covid19
Tamil Nadu | Ranipet,2022-01-03,583.0,covid19
Tamil Nadu | Ranipet,2022-01-10,2291.0,covid19
Tamil Nadu | Ranipet,2022-01-17,2356.0,covid19
Tamil Nadu | Ranipet,2022-01-24,3182.0,covid19
Tamil Nadu | Ranipet,2022-01-31,1325.0,covid19
Tamil Nadu | Ranipet,2022-02-14,71.0,covid19
Tamil Nadu | Salem,2020-08-24,2641.0,covid19
Tamil Nadu | Salem,2020-09-28,2364.0,covid19
Tamil Nadu | Salem,2021-04-19,3066.0,covid19
Tamil Nadu | Salem,2021-04-26,3570.0,covid19
Tamil Nadu | Salem,2021-05-03,4356.0,covid19
Tamil Nadu | Salem,2021-05-10,4918.0,covid19
Tamil Nadu | Salem,2021-05-17,5187.0,covid19
Tamil Nadu | Salem,2021-05-24,7438.0,covid19
Tamil Nadu | Salem,2021-05-31,8324.0,covid19
Tamil Nadu | Salem,2021-06-07,6574.0,covid19
Tamil Nadu | Salem,2021-06-14,4463.0,covid19
Tamil Nadu | Salem,2021-06-21,3027.0,covid19
Tamil Nadu | Salem,2021-06-28,2279.0,covid19
Tamil Nadu | Salem,2021-07-05,1749.0,covid19
Tamil Nadu | Salem,2022-01-10,2570.0,covid19
Tamil Nadu | Salem,2022-01-17,5966.0,covid19
Tamil Nadu | Salem,2022-01-24,9221.0,covid19
Tamil Nadu | Salem,2022-01-31,4463.0,covid19
Tamil Nadu | Salem,2022-02-07,1361.0,covid19
Tamil Nadu | Salem,2022-02-14,362.0,covid19
Tamil Nadu | Salem,2022-02-21,135.0,covid19
Tamil Nadu | Tenkasi,2022-01-10,496.0,covid19
Tamil Nadu | Tenkasi,2022-01-17,1530.0,covid19
Tamil Nadu | Tenkasi,2022-01-24,2503.0,covid19
Tamil Nadu | Thanjavur,2021-05-03,3367.0,covid19
Tamil Nadu | Thanjavur,2021-05-10,4569.0,covid19
Tamil Nadu | Thanjavur,2021-05-17,5902.0,covid19
Tamil Nadu | Thanjavur,2021-05-24,6401.0,covid19
Tamil Nadu | Thanjavur,2021-05-31,6439.0,covid19
Tamil Nadu | Thanjavur,2021-06-07,4871.0,covid19
Tamil Nadu | Thanjavur,2021-06-14,2943.0,covid19
Tamil Nadu | Thanjavur,2021-06-21,2171.0,covid19
Tamil Nadu | Thanjavur,2021-06-28,1523.0,covid19
Tamil Nadu | Thanjavur,2022-01-10,2053.0,covid19
Tamil Nadu | Thanjavur,2022-01-17,4804.0,covid19
Tamil Nadu | Thanjavur,2022-01-24,5648.0,covid19
Tamil Nadu | Thanjavur,2022-01-31,1976.0,covid19
Tamil Nadu | Thanjavur,2022-02-07,466.0,covid19
Tamil Nadu | Thanjavur,2022-02-14,154.0,covid19
Tamil Nadu | Theni,2021-05-03,2741.0,covid19
Tamil Nadu | Theni,2021-05-10,3465.0,covid19
Tamil Nadu | Theni,2021-05-17,4843.0,covid19
Tamil Nadu | Theni,2021-05-24,3893.0,covid19
Tamil Nadu | Theni,2021-05-31,3131.0,covid19
Tamil Nadu | Theni,2021-06-07,1716.0,covid19
Tamil Nadu | Theni,2021-06-14,966.0,covid19
Tamil Nadu | Theni,2022-01-03,136.0,covid19
Tamil Nadu | Theni,2022-01-10,848.0,covid19
Tamil Nadu | Theni,2022-01-17,2743.0,covid19
Tamil Nadu | Theni,2022-01-24,2380.0,covid19
Tamil Nadu | Thiruvallur,2021-04-12,2824.0,covid19
Tamil Nadu | Thiruvallur,2021-04-19,4622.0,covid19
Tamil Nadu | Thiruvallur,2021-04-26,5739.0,covid19
Tamil Nadu | Thiruvallur,2021-05-03,9783.0,covid19
Tamil Nadu | Thiruvallur,2021-05-10,9682.0,covid19
Tamil Nadu | Thiruvallur,2021-05-17,11686.0,covid19
Tamil Nadu | Thiruvallur,2021-05-24,7939.0,covid19
Tamil Nadu | Thiruvallur,2021-05-31,4429.0,covid19
Tamil Nadu | Thiruvallur,2021-06-07,2830.0,covid19
Tamil Nadu | Thiruvallur,2021-06-14,1757.0,covid19
Tamil Nadu | Thiruvallur,2021-06-21,1198.0,covid19
Tamil Nadu | Thiruvallur,2022-01-03,2699.0,covid19
Tamil Nadu | Thiruvallur,2022-01-10,7829.0,covid19
Tamil Nadu | Thiruvallur,2022-01-17,6516.0,covid19
Tamil Nadu | Thiruvallur,2022-01-24,4782.0,covid19
Tamil Nadu | Thiruvallur,2022-01-31,2933.0,covid19
Tamil Nadu | Thiruvallur,2022-02-07,1028.0,covid19
Tamil Nadu | Thiruvallur,2022-02-14,324.0,covid19
Tamil Nadu | Thiruvarur,2021-05-17,4703.0,covid19
Tamil Nadu | Thiruvarur,2021-05-24,4649.0,covid19
Tamil Nadu | Thiruvarur,2021-05-31,3742.0,covid19
Tamil Nadu | Thiruvarur,2021-06-07,2062.0,covid19
Tamil Nadu | Thiruvarur,2021-06-14,1033.0,covid19
Tamil Nadu | Thiruvarur,2022-01-10,556.0,covid19
Tamil Nadu | Thiruvarur,2022-01-17,1674.0,covid19
Tamil Nadu | Thiruvarur,2022-01-24,2010.0,covid19
Tamil Nadu | Thoothukkudi,2021-04-12,1421.0,covid19
Tamil Nadu | Thoothukkudi,2021-04-19,2359.0,covid19
Tamil Nadu | Thoothukkudi,2021-04-26,3849.0,covid19
Tamil Nadu | Thoothukkudi,2021-05-03,5221.0,covid19
Tamil Nadu | Thoothukkudi,2021-05-10,5386.0,covid19
Tamil Nadu | Thoothukkudi,2021-05-17,6957.0,covid19
Tamil Nadu | Thoothukkudi,2021-05-24,4870.0,covid19
Tamil Nadu | Thoothukkudi,2021-05-31,3014.0,covid19
Tamil Nadu | Thoothukkudi,2021-06-07,2189.0,covid19
Tamil Nadu | Thoothukkudi,2021-06-14,1199.0,covid19
Tamil Nadu | Thoothukkudi,2022-01-03,817.0,covid19
Tamil Nadu | Thoothukkudi,2022-01-10,1899.0,covid19
Tamil Nadu | Thoothukkudi,2022-01-17,2244.0,covid19
Tamil Nadu | Thoothukkudi,2022-01-24,2200.0,covid19
Tamil Nadu | Tiruchirappalli,2021-04-26,3237.0,covid19
Tamil Nadu | Tiruchirappalli,2021-05-03,4990.0,covid19
Tamil Nadu | Tiruchirappalli,2021-05-10,7580.0,covid19
Tamil Nadu | Tiruchirappalli,2021-05-17,9787.0,covid19
Tamil Nadu | Tiruchirappalli,2021-05-24,9328.0,covid19
Tamil Nadu | Tiruchirappalli,2021-05-31,5709.0,covid19
Tamil Nadu | Tiruchirappalli,2021-06-07,3253.0,covid19
Tamil Nadu | Tiruchirappalli,2021-06-14,2087.0,covid19
Tamil Nadu | Tiruchirappalli,2021-06-21,1547.0,covid19
Tamil Nadu | Tiruchirappalli,2022-01-03,931.0,covid19
Tamil Nadu | Tiruchirappalli,2022-01-10,3084.0,covid19
Tamil Nadu | Tiruchirappalli,2022-01-17,4373.0,covid19
Tamil Nadu | Tiruchirappalli,2022-01-24,4509.0,covid19
Tamil Nadu | Tiruchirappalli,2022-01-31,2048.0,covid19
Tamil Nadu | Tiruchirappalli,2022-02-07,667.0,covid19
Tamil Nadu | Tiruchirappalli,2022-02-14,209.0,covid19
Tamil Nadu | Tirunelveli,2021-04-19,2918.0,covid19
Tamil Nadu | Tirunelveli,2021-04-26,4703.0,covid19
Tamil Nadu | Tirunelveli,2021-05-03,4545.0,covid19
Tamil Nadu | Tirunelveli,2021-05-10,5302.0,covid19
Tamil Nadu | Tirunelveli,2021-05-17,3945.0,covid19
Tamil Nadu | Tirunelveli,2021-05-24,3126.0,covid19
Tamil Nadu | Tirunelveli,2021-05-31,2169.0,covid19
Tamil Nadu | Tirunelveli,2022-01-03,536.0,covid19
Tamil Nadu | Tirunelveli,2022-01-10,2191.0,covid19
Tamil Nadu | Tirunelveli,2022-01-17,4704.0,covid19
Tamil Nadu | Tirunelveli,2022-01-24,3496.0,covid19
Tamil Nadu | Tirunelveli,2022-01-31,1558.0,covid19
Tamil Nadu | Tirunelveli,2022-02-07,296.0,covid19
Tamil Nadu | Tirunelveli,2022-02-14,83.0,covid19
Tamil Nadu | Tirupathur,2021-05-10,3009.0,covid19
Tamil Nadu | Tirupathur,2021-05-17,4344.0,covid19
Tamil Nadu | Tirupathur,2021-05-24,3292.0,covid19
Tamil Nadu | Tirupathur,2021-05-31,2394.0,covid19
Tamil Nadu | Tirupathur,2021-06-07,1446.0,covid19
Tamil Nadu | Tirupathur,2022-01-10,995.0,covid19
Tamil Nadu | Tirupathur,2022-01-17,2108.0,covid19
Tamil Nadu | Tirupathur,2022-01-24,1908.0,covid19
Tamil Nadu | Tiruppur,2021-04-26,3056.0,covid19
Tamil Nadu | Tiruppur,2021-05-03,3947.0,covid19
Tamil Nadu | Tiruppur,2021-05-10,5415.0,covid19
Tamil Nadu | Tiruppur,2021-05-17,10335.0,covid19
Tamil Nadu | Tiruppur,2021-05-24,12636.0,covid19
Tamil Nadu | Tiruppur,2021-05-31,8617.0,covid19
Tamil Nadu | Tiruppur,2021-06-07,6402.0,covid19
Tamil Nadu | Tiruppur,2021-06-14,4142.0,covid19
Tamil Nadu | Tiruppur,2021-06-21,2718.0,covid19
Tamil Nadu | Tiruppur,2021-06-28,2137.0,covid19
Tamil Nadu | Tiruppur,2022-01-10,2825.0,covid19
Tamil Nadu | Tiruppur,2022-01-17,6633.0,covid19
Tamil Nadu | Tiruppur,2022-01-24,11769.0,covid19
Tamil Nadu | Tiruppur,2022-01-31,6883.0,covid19
Tamil Nadu | Tiruppur,2022-02-07,1557.0,covid19
Tamil Nadu | Tiruppur,2022-02-14,435.0,covid19
Tamil Nadu | Tiruppur,2022-02-21,127.0,covid19
Tamil Nadu | Tiruvannamalai,2021-05-10,4155.0,covid19
Tamil Nadu | Tiruvannamalai,2021-05-17,4783.0,covid19
Tamil Nadu | Tiruvannamalai,2021-05-24,5351.0,covid19
Tamil Nadu | Tiruvannamalai,2021-05-31,3132.0,covid19
Tamil Nadu | Tiruvannamalai,2021-06-07,2281.0,covid19
Tamil Nadu | Tiruvannamalai,2021-06-14,1451.0,covid19
Tamil Nadu | Tiruvannamalai,2022-01-10,1842.0,covid19
Tamil Nadu | Tiruvannamalai,2022-01-17,3345.0,covid19
Tamil Nadu | Tiruvannamalai,2022-01-24,3989.0,covid19
Tamil Nadu | Tiruvannamalai,2022-01-31,1377.0,covid19
Tamil Nadu | Tiruvannamalai,2022-02-07,303.0,covid19
Tamil Nadu | Tiruvannamalai,2022-02-14,134.0,covid19
Tamil Nadu | Unknown,2022-07-04,2765.0,covid19
Tamil Nadu | Unknown,2023-04-10,3197.0,covid19
Tamil Nadu | Unknown,2023-04-17,3678.0,covid19
Tamil Nadu | Unknown,2023-04-24,2725.0,covid19
Tamil Nadu | Unknown,2023-05-01,1223.0,covid19
Tamil Nadu | Unknown,2023-05-08,13849.0,covid19
Tamil Nadu | Unknown,2023-05-15,101.0,covid19
Tamil Nadu | Unknown,2023-05-22,82.0,covid19
Tamil Nadu | Unknown,2023-05-29,33.0,covid19
Tamil Nadu | Vellore,2021-04-26,2702.0,covid19
Tamil Nadu | Vellore,2021-05-03,3700.0,covid19
Tamil Nadu | Vellore,2021-05-10,3800.0,covid19
Tamil Nadu | Vellore,2021-05-17,3410.0,covid19
Tamil Nadu | Vellore,2021-05-24,3048.0,covid19
Tamil Nadu | Vellore,2022-01-03,1306.0,covid19
Tamil Nadu | Vellore,2022-01-10,2112.0,covid19
Tamil Nadu | Vellore,2022-01-17,1616.0,covid19
Tamil Nadu | Viluppuram,2021-04-26,2162.0,covid19
Tamil Nadu | Viluppuram,2021-05-03,2782.0,covid19
Tamil Nadu | Viluppuram,2021-05-10,3674.0,covid19
Tamil Nadu | Viluppuram,2021-05-17,3212.0,covid19
Tamil Nadu | Viluppuram,2021-05-24,4492.0,covid19
Tamil Nadu | Viluppuram,2021-05-31,3844.0,covid19
Tamil Nadu | Viluppuram,2021-06-07,2695.0,covid19
Tamil Nadu | Viluppuram,2021-06-14,1291.0,covid19
Tamil Nadu | Viluppuram,2022-01-03,361.0,covid19
Tamil Nadu | Viluppuram,2022-01-10,904.0,covid19
Tamil Nadu | Viluppuram,2022-01-17,2543.0,covid19
Tamil Nadu | Viluppuram,2022-01-24,3046.0,covid19
Tamil Nadu | Viluppuram,2022-01-31,1140.0,covid19
Tamil Nadu | Virudhunagar,2020-07-20,2566.0,covid19
Tamil Nadu | Virudhunagar,2021-05-10,3861.0,covid19
Tamil Nadu | Virudhunagar,2021-05-17,4775.0,covid19
Tamil Nadu | Virudhunagar,2021-05-24,5899.0,covid19
Tamil Nadu | Virudhunagar,2021-05-31,3484.0,covid19
Tamil Nadu | Virudhunagar,2021-06-07,2205.0,covid19
Tamil Nadu | Virudhunagar,2021-06-14,1060.0,covid19
Tamil Nadu | Virudhunagar,2022-01-03,589.0,covid19
Tamil Nadu | Virudhunagar,2022-01-10,1905.0,covid19
Tamil Nadu | Virudhunagar,2022-01-17,3276.0,covid19
Tamil Nadu | Virudhunagar,2022-01-24,3268.0,covid19
Tamil Nadu | Virudhunagar,2022-01-31,883.0,covid19
Tamil Nadu | Virudhunagar,2022-02-07,248.0,covid19
Tamil Nadu | Virudhunagar,2022-02-14,60.0,covid19
Telangana | Unknown,2020-06-15,2828.0,covid19
Telangana | Unknown,2020-06-22,6617.0,covid19
Telangana | Unknown,2020-06-29,9483.0,covid19
Telangana | Unknown,2020-07-06,10769.0,covid19
Telangana | Unknown,2020-07-13,10405.0,covid19
Telangana | Unknown,2020-07-20,8983.0,covid19
Telangana | Unknown,2020-07-27,12618.0,covid19
Telangana | Unknown,2020-08-03,12818.0,covid19
Telangana | Unknown,2020-08-10,11866.0,covid19
Telangana | Unknown,2020-08-17,12888.0,covid19
Telangana | Unknown,2020-08-24,18841.0,covid19
Telangana | Unknown,2020-08-31,17879.0,covid19
Telangana | Unknown,2020-09-07,16127.0,covid19
Telangana | Unknown,2020-09-14,14210.0,covid19
Telangana | Unknown,2020-09-21,14527.0,covid19
Telangana | Unknown,2020-09-28,13443.0,covid19
Telangana | Unknown,2020-10-05,12787.0,covid19
Telangana | Unknown,2020-10-12,10048.0,covid19
Telangana | Unknown,2020-10-19,9141.0,covid19
Telangana | Unknown,2020-10-26,8796.0,covid19
Telangana | Unknown,2020-11-02,10283.0,covid19
Telangana | Unknown,2020-11-09,7043.0,covid19
Telangana | Unknown,2020-11-16,6152.0,covid19
Telangana | Unknown,2020-11-23,5697.0,covid19
Telangana | Unknown,2020-11-30,4118.0,covid19
Telangana | Unknown,2020-12-07,4383.0,covid19
Telangana | Unknown,2020-12-14,3690.0,covid19
Telangana | Unknown,2020-12-21,3449.0,covid19
Telangana | Unknown,2020-12-28,2639.0,covid19
Telangana | Unknown,2021-01-04,2282.0,covid19
Telangana | Unknown,2021-01-11,1882.0,covid19
Telangana | Unknown,2021-01-18,1587.0,covid19
Telangana | Unknown,2021-03-22,3221.0,covid19
Telangana | Unknown,2021-03-29,5801.0,covid19
Telangana | Unknown,2021-04-05,15138.0,covid19
Telangana | Unknown,2021-04-12,24146.0,covid19
Telangana | Unknown,2021-04-19,43808.0,covid19
Telangana | Unknown,2021-04-26,55558.0,covid19
Telangana | Unknown,2021-05-03,46571.0,covid19
Telangana | Unknown,2021-05-10,31462.0,covid19
Telangana | Unknown,2021-05-17,24454.0,covid19
Telangana | Unknown,2021-05-24,22550.0,covid19
Telangana | Unknown,2021-05-31,15343.0,covid19
Telangana | Unknown,2021-06-07,12199.0,covid19
Telangana | Unknown,2021-06-14,9833.0,covid19
Telangana | Unknown,2021-06-21,7411.0,covid19
Telangana | Unknown,2021-06-28,6077.0,covid19
Telangana | Unknown,2021-07-05,4993.0,covid19
Telangana | Unknown,2021-07-12,4944.0,covid19
Telangana | Unknown,2021-07-19,4526.0,covid19
Telangana | Unknown,2021-07-26,4253.0,covid19
Telangana | Unknown,2021-08-02,4000.0,covid19
Telangana | Unknown,2021-08-09,2974.0,covid19
Telangana | Unknown,2021-08-16,2609.0,covid19
Telangana | Unknown,2021-08-23,2387.0,covid19
Telangana | Unknown,2021-12-27,1827.0,covid19
Telangana | Unknown,2022-01-03,11541.0,covid19
Telangana | Unknown,2022-01-10,15179.0,covid19
Telangana | Unknown,2022-01-17,25606.0,covid19
Telangana | Unknown,2022-01-24,26235.0,covid19
Telangana | Unknown,2022-01-31,16480.0,covid19
Telangana | Unknown,2022-02-07,5918.0,covid19
Telangana | Unknown,2022-02-14,3230.0,covid19
Telangana | Unknown,2022-02-21,2097.0,covid19
Telangana | Unknown,2022-02-28,983.0,covid19
Telangana | Unknown,2022-06-20,3000.0,covid19
Telangana | Unknown,2022-06-27,3324.0,covid19
Telangana | Unknown,2022-07-04,3745.0,covid19
Telangana | Unknown,2022-07-11,3654.0,covid19
Telangana | Unknown,2022-07-18,4525.0,covid19
Telangana | Unknown,2022-07-25,5543.0,covid19
Telangana | Unknown,2022-08-01,5910.0,covid19
Telangana | Unknown,2022-08-08,3446.0,covid19
Telangana | Unknown,2022-08-15,2672.0,covid19
Telangana | Unknown,2022-08-22,2077.0,covid19
Telangana | Unknown,2022-08-29,1116.0,covid19
Telangana | Unknown,2022-10-24,1439.0,covid19
Telangana | Unknown,2023-05-08,1642.0,covid19
Tripura | Dhalai,2022-01-10,360.0,covid19
Tripura | Gomati,2022-01-10,294.0,covid19
Tripura | Khowai,2021-12-27,10.0,covid19
Tripura | Khowai,2022-01-10,231.0,covid19
Tripura | North Tripura,2022-01-03,91.0,covid19
Tripura | North Tripura,2022-01-10,385.0,covid19
Tripura | Sipahijala,2022-01-03,46.0,covid19
Tripura | Sipahijala,2022-01-10,331.0,covid19
Tripura | South Tripura,2022-01-10,395.0,covid19
Tripura | South Tripura,2022-01-17,858.0,covid19
Tripura | South Tripura,2022-07-18,329.0,covid19
Tripura | South Tripura,2022-10-10,6.0,covid19
Tripura | Unknown,2020-07-13,118.0,covid19
Tripura | Unknown,2022-07-11,687.0,covid19
Tripura | Unokoti,2022-01-10,400.0,covid19
Tripura | West Tripura,2022-01-03,483.0,covid19
Tripura | West Tripura,2022-01-10,3244.0,covid19
Tripura | West Tripura,2022-01-17,2568.0,covid19
Tripura | West Tripura,2022-01-24,707.0,covid19
Tripura | West Tripura,2022-01-31,142.0,covid19
Tripura | West Tripura,2022-07-11,508.0,covid19
Uttar Pradesh | Agra,2021-04-12,2098.0,covid19
Uttar Pradesh | Agra,2021-04-19,3565.0,covid19
Uttar Pradesh | Agra,2021-04-26,4494.0,covid19
Uttar Pradesh | Agra,2021-05-03,1903.0,covid19
Uttar Pradesh | Agra,2021-05-10,1269.0,covid19
Uttar Pradesh | Agra,2021-05-17,536.0,covid19
Uttar Pradesh | Aligarh,2021-04-19,1776.0,covid19
Uttar Pradesh | Amethi,2021-04-19,1659.0,covid19
Uttar Pradesh | Amroha,2021-04-26,2937.0,covid19
Uttar Pradesh | Amroha,2021-05-03,3763.0,covid19
Uttar Pradesh | Auraiya,2021-04-12,1169.0,covid19
Uttar Pradesh | Ayodhya,2021-04-12,1282.0,covid19
Uttar Pradesh | Azamgarh,2021-04-12,1640.0,covid19
Uttar Pradesh | Azamgarh,2021-05-03,3526.0,covid19
Uttar Pradesh | Ballia,2021-04-05,781.0,covid19
Uttar Pradesh | Ballia,2021-04-12,2564.0,covid19
Uttar Pradesh | Ballia,2021-04-19,2917.0,covid19
Uttar Pradesh | Ballia,2021-04-26,2674.0,covid19
Uttar Pradesh | Banda,2021-04-05,629.0,covid19
Uttar Pradesh | Barabanki,2021-04-12,1964.0,covid19
Uttar Pradesh | Barabanki,2021-04-19,2827.0,covid19
Uttar Pradesh | Bareilly,2021-04-12,3083.0,covid19
Uttar Pradesh | Bareilly,2021-04-19,6475.0,covid19
Uttar Pradesh | Bareilly,2021-04-26,7883.0,covid19
Uttar Pradesh | Bareilly,2021-05-03,5051.0,covid19
Uttar Pradesh | Bareilly,2021-05-10,3789.0,covid19
Uttar Pradesh | Bareilly,2021-05-17,881.0,covid19
Uttar Pradesh | Bareilly,2021-05-24,409.0,covid19
Uttar Pradesh | Bhadohi,2021-04-12,1084.0,covid19
Uttar Pradesh | Bijnor,2021-04-19,2255.0,covid19
Uttar Pradesh | Budaun,2021-04-19,1832.0,covid19
Uttar Pradesh | Budaun,2021-04-26,2270.0,covid19
Uttar Pradesh | Budaun,2021-05-03,3464.0,covid19
Uttar Pradesh | Bulandshahr,2021-04-12,1257.0,covid19
Uttar Pradesh | Chandauli,2021-04-12,1585.0,covid19
Uttar Pradesh | Chandauli,2021-04-19,3305.0,covid19
Uttar Pradesh | Chandauli,2021-04-26,2634.0,covid19
Uttar Pradesh | Chitrakoot,2021-04-05,345.0,covid19
Uttar Pradesh | Deoria,2021-04-12,1413.0,covid19
Uttar Pradesh | Deoria,2021-04-19,1964.0,covid19
Uttar Pradesh | Deoria,2021-05-03,3604.0,covid19
Uttar Pradesh | Etah,2021-04-12,813.0,covid19
Uttar Pradesh | Etawah,2021-04-12,1166.0,covid19
Uttar Pradesh | Etawah,2021-04-19,2002.0,covid19
Uttar Pradesh | Gautam Buddha Nagar,2021-04-12,3044.0,covid19
Uttar Pradesh | Gautam Buddha Nagar,2021-04-19,5468.0,covid19
Uttar Pradesh | Gautam Buddha Nagar,2021-04-26,8348.0,covid19
Uttar Pradesh | Gautam Buddha Nagar,2021-05-03,9552.0,covid19
Uttar Pradesh | Gautam Buddha Nagar,2021-05-10,5587.0,covid19
Uttar Pradesh | Gautam Buddha Nagar,2021-05-17,2160.0,covid19
Uttar Pradesh | Gautam Buddha Nagar,2021-05-24,640.0,covid19
Uttar Pradesh | Gautam Buddha Nagar,2021-05-31,449.0,covid19
Uttar Pradesh | Ghaziabad,2021-04-12,2274.0,covid19
Uttar Pradesh | Ghaziabad,2021-04-19,5021.0,covid19
Uttar Pradesh | Ghaziabad,2021-04-26,6559.0,covid19
Uttar Pradesh | Ghaziabad,2021-05-03,5779.0,covid19
Uttar Pradesh | Ghaziabad,2021-05-10,3693.0,covid19
Uttar Pradesh | Ghaziabad,2021-05-17,2526.0,covid19
Uttar Pradesh | Ghaziabad,2021-05-24,964.0,covid19
Uttar Pradesh | Ghazipur,2021-04-05,603.0,covid19
Uttar Pradesh | Ghazipur,2021-04-12,1990.0,covid19
Uttar Pradesh | Ghazipur,2021-04-19,4618.0,covid19
Uttar Pradesh | Ghazipur,2021-04-26,3592.0,covid19
Uttar Pradesh | Ghazipur,2021-05-03,2383.0,covid19
Uttar Pradesh | Ghazipur,2021-05-10,1721.0,covid19
Uttar Pradesh | Gorakhpur,2021-04-05,1793.0,covid19
Uttar Pradesh | Gorakhpur,2021-04-12,4771.0,covid19
Uttar Pradesh | Gorakhpur,2021-04-19,7017.0,covid19
Uttar Pradesh | Gorakhpur,2021-04-26,7270.0,covid19
Uttar Pradesh | Gorakhpur,2021-05-03,6598.0,covid19
Uttar Pradesh | Gorakhpur,2021-05-10,5006.0,covid19
Uttar Pradesh | Gorakhpur,2021-05-17,3334.0,covid19
Uttar Pradesh | Gorakhpur,2021-05-24,1021.0,covid19
Uttar Pradesh | Gorakhpur,2021-05-31,240.0,covid19
Uttar Pradesh | Hardoi,2021-04-12,1076.0,covid19
Uttar Pradesh | Hardoi,2021-04-19,1951.0,covid19
Uttar Pradesh | Jaunpur,2021-04-05,739.0,covid19
Uttar Pradesh | Jaunpur,2021-04-12,2347.0,covid19
Uttar Pradesh | Jaunpur,2021-04-19,3850.0,covid19
Uttar Pradesh | Jaunpur,2021-04-26,3281.0,covid19
Uttar Pradesh | Jaunpur,2021-05-03,2248.0,covid19
Uttar Pradesh | Jaunpur,2021-05-10,1260.0,covid19
Uttar Pradesh | Jhansi,2021-04-05,1232.0,covid19
Uttar Pradesh | Jhansi,2021-04-12,4161.0,covid19
Uttar Pradesh | Jhansi,2021-04-19,5624.0,covid19
Uttar Pradesh | Jhansi,2021-04-26,5755.0,covid19
Uttar Pradesh | Jhansi,2021-05-03,5573.0,covid19
Uttar Pradesh | Jhansi,2021-05-10,2112.0,covid19
Uttar Pradesh | Jhansi,2021-05-17,537.0,covid19
Uttar Pradesh | Jhansi,2021-05-24,358.0,covid19
Uttar Pradesh | Kannauj,2021-04-12,789.0,covid19
Uttar Pradesh | Kanpur Dehat,2021-04-12,601.0,covid19
Uttar Pradesh | Kanpur Nagar,2020-07-27,2113.0,covid19
Uttar Pradesh | Kanpur Nagar,2020-08-03,2485.0,covid19
Uttar Pradesh | Kanpur Nagar,2020-09-07,2932.0,covid19
Uttar Pradesh | Kanpur Nagar,2020-09-14,2711.0,covid19
Uttar Pradesh | Kanpur Nagar,2020-09-28,1274.0,covid19
Uttar Pradesh | Kanpur Nagar,2021-04-05,3289.0,covid19
Uttar Pradesh | Kanpur Nagar,2021-04-12,9538.0,covid19
Uttar Pradesh | Kanpur Nagar,2021-04-19,12619.0,covid19
Uttar Pradesh | Kanpur Nagar,2021-04-26,12604.0,covid19
Uttar Pradesh | Kanpur Nagar,2021-05-03,6581.0,covid19
Uttar Pradesh | Kanpur Nagar,2021-05-10,2242.0,covid19
Uttar Pradesh | Kanpur Nagar,2021-05-17,791.0,covid19
Uttar Pradesh | Kanpur Nagar,2021-05-24,351.0,covid19
Uttar Pradesh | Kushinagar,2021-05-03,3241.0,covid19
Uttar Pradesh | Kushinagar,2021-05-10,2399.0,covid19
Uttar Pradesh | Lakhimpur Kheri,2021-04-12,2177.0,covid19
Uttar Pradesh | Lakhimpur Kheri,2021-04-19,3893.0,covid19
Uttar Pradesh | Lakhimpur Kheri,2021-04-26,3857.0,covid19
Uttar Pradesh | Lakhimpur Kheri,2021-05-03,3127.0,covid19
Uttar Pradesh | Lakhimpur Kheri,2021-05-10,1616.0,covid19
Uttar Pradesh | Lucknow,2020-07-20,2298.0,covid19
Uttar Pradesh | Lucknow,2020-08-03,4074.0,covid19
Uttar Pradesh | Lucknow,2020-08-10,4712.0,covid19
Uttar Pradesh | Lucknow,2020-08-17,4373.0,covid19
Uttar Pradesh | Lucknow,2020-08-24,5011.0,covid19
Uttar Pradesh | Lucknow,2020-08-31,5643.0,covid19
Uttar Pradesh | Lucknow,2020-09-07,6689.0,covid19
Uttar Pradesh | Lucknow,2020-09-14,6951.0,covid19
Uttar Pradesh | Lucknow,2020-09-21,5059.0,covid19
Uttar Pradesh | Lucknow,2020-09-28,3714.0,covid19
Uttar Pradesh | Lucknow,2020-10-05,2804.0,covid19
Uttar Pradesh | Lucknow,2020-10-12,2095.0,covid19
Uttar Pradesh | Lucknow,2020-10-19,1990.0,covid19
Uttar Pradesh | Lucknow,2020-11-16,2157.0,covid19
Uttar Pradesh | Lucknow,2020-11-23,2224.0,covid19
Uttar Pradesh | Lucknow,2020-11-30,1928.0,covid19
Uttar Pradesh | Lucknow,2020-12-07,1631.0,covid19
Uttar Pradesh | Lucknow,2021-03-22,1890.0,covid19
Uttar Pradesh | Lucknow,2021-03-29,5365.0,covid19
Uttar Pradesh | Lucknow,2021-04-05,17472.0,covid19
Uttar Pradesh | Lucknow,2021-04-12,38010.0,covid19
Uttar Pradesh | Lucknow,2021-04-19,38437.0,covid19
Uttar Pradesh | Lucknow,2021-04-26,27488.0,covid19
Uttar Pradesh | Lucknow,2021-05-03,16005.0,covid19
Uttar Pradesh | Lucknow,2021-05-10,6392.0,covid19
Uttar Pradesh | Lucknow,2021-05-17,2739.0,covid19
Uttar Pradesh | Lucknow,2021-05-24,1065.0,covid19
Uttar Pradesh | Lucknow,2021-05-31,265.0,covid19
Uttar Pradesh | Mainpuri,2021-04-12,534.0,covid19
Uttar Pradesh | Mainpuri,2021-04-19,1651.0,covid19
Uttar Pradesh | Mathura,2021-04-19,2537.0,covid19
Uttar Pradesh | Mathura,2021-04-26,3224.0,covid19
Uttar Pradesh | Meerut,2021-04-12,3794.0,covid19
Uttar Pradesh | Meerut,2021-04-19,9780.0,covid19
Uttar Pradesh | Meerut,2021-04-26,8729.0,covid19
Uttar Pradesh | Meerut,2021-05-03,9487.0,covid19
Uttar Pradesh | Meerut,2021-05-10,8961.0,covid19
Uttar Pradesh | Meerut,2021-05-17,2753.0,covid19
Uttar Pradesh | Meerut,2021-05-24,984.0,covid19
Uttar Pradesh | Meerut,2021-05-31,418.0,covid19
Uttar Pradesh | Mirzapur,2021-04-05,599.0,covid19
Uttar Pradesh | Mirzapur,2021-04-12,1575.0,covid19
Uttar Pradesh | Mirzapur,2021-04-19,2232.0,covid19
Uttar Pradesh | Moradabad,2021-04-12,2316.0,covid19
Uttar Pradesh | Moradabad,2021-04-19,5539.0,covid19
Uttar Pradesh | Moradabad,2021-04-26,6696.0,covid19
Uttar Pradesh | Moradabad,2021-05-03,7045.0,covid19
Uttar Pradesh | Moradabad,2021-05-10,3065.0,covid19
Uttar Pradesh | Moradabad,2021-05-17,1305.0,covid19
Uttar Pradesh | Moradabad,2021-05-24,206.0,covid19
Uttar Pradesh | Muzaffarnagar,2021-04-12,1915.0,covid19
Uttar Pradesh | Muzaffarnagar,2021-04-19,3520.0,covid19
Uttar Pradesh | Muzaffarnagar,2021-04-26,4165.0,covid19
Uttar Pradesh | Muzaffarnagar,2021-05-03,5053.0,covid19
Uttar Pradesh | Muzaffarnagar,2021-05-10,3317.0,covid19
Uttar Pradesh | Muzaffarnagar,2021-05-17,1629.0,covid19
Uttar Pradesh | Muzaffarnagar,2021-05-24,747.0,covid19
Uttar Pradesh | Pratapgarh,2021-04-12,1440.0,covid19
Uttar Pradesh | Prayagraj,2020-09-07,2598.0,covid19
Uttar Pradesh | Prayagraj,2021-03-29,1298.0,covid19
Uttar Pradesh | Prayagraj,2021-04-05,7295.0,covid19
Uttar Pradesh | Prayagraj,2021-04-12,12183.0,covid19
Uttar Pradesh | Prayagraj,2021-04-19,12433.0,covid19
Uttar Pradesh | Prayagraj,2021-04-26,8360.0,covid19
Uttar Pradesh | Prayagraj,2021-05-03,3870.0,covid19
Uttar Pradesh | Prayagraj,2021-05-10,1605.0,covid19
Uttar Pradesh | Prayagraj,2021-05-17,721.0,covid19
Uttar Pradesh | Rae Bareli,2021-04-12,1872.0,covid19
Uttar Pradesh | Rae Bareli,2021-04-19,3085.0,covid19
Uttar Pradesh | Saharanpur,2021-04-19,2393.0,covid19
Uttar Pradesh | Saharanpur,2021-04-26,3612.0,covid19
Uttar Pradesh | Saharanpur,2021-05-03,7142.0,covid19
Uttar Pradesh | Saharanpur,2021-05-10,3841.0,covid19
Uttar Pradesh | Saharanpur,2021-05-17,2125.0,covid19
Uttar Pradesh | Saharanpur,2021-05-24,1155.0,covid19
Uttar Pradesh | Sambhal,2021-04-19,1524.0,covid19
Uttar Pradesh | Shahjahanpur,2021-04-19,2547.0,covid19
Uttar Pradesh | Shahjahanpur,2021-04-26,3310.0,covid19
Uttar Pradesh | Shahjahanpur,2021-05-03,3007.0,covid19
Uttar Pradesh | Sonbhadra,2021-04-12,2004.0,covid19
Uttar Pradesh | Sonbhadra,2021-04-19,2736.0,covid19
Uttar Pradesh | Sonbhadra,2021-04-26,2507.0,covid19
Uttar Pradesh | Sultanpur,2021-04-12,1740.0,covid19
Uttar Pradesh | Sultanpur,2021-04-19,3180.0,covid19
Uttar Pradesh | Unknown,2021-12-27,1606.0,covid19
Uttar Pradesh | Unknown,2022-01-03,25013.0,covid19
Uttar Pradesh | Unknown,2022-01-10,96562.0,covid19
Uttar Pradesh | Unknown,2022-01-17,112707.0,covid19
Uttar Pradesh | Unknown,2022-01-24,66504.0,covid19
Uttar Pradesh | Unknown,2022-01-31,31194.0,covid19
Uttar Pradesh | Unknown,2022-02-07,13650.0,covid19
Uttar Pradesh | Unknown,2022-02-14,6323.0,covid19
Uttar Pradesh | Unknown,2022-02-21,2982.0,covid19
Uttar Pradesh | Unknown,2022-02-28,1654.0,covid19
Uttar Pradesh | Unknown,2022-03-07,771.0,covid19
Uttar Pradesh | Unknown,2022-06-13,2696.0,covid19
Uttar Pradesh | Unknown,2022-06-20,4036.0,covid19
Uttar Pradesh | Unknown,2022-06-27,3136.0,covid19
Uttar Pradesh | Unknown,2022-07-11,2502.0,covid19
Uttar Pradesh | Unknown,2022-07-25,3310.0,covid19
Uttar Pradesh | Unknown,2022-08-01,5331.0,covid19
Uttar Pradesh | Unknown,2022-08-08,6028.0,covid19
Uttar Pradesh | Unknown,2022-08-15,4832.0,covid19
Uttar Pradesh | Unknown,2022-08-22,3155.0,covid19
Uttar Pradesh | Unknown,2022-08-29,1797.0,covid19
Uttar Pradesh | Unknown,2022-09-05,1097.0,covid19
Uttar Pradesh | Unknown,2023-04-10,3720.0,covid19
Uttar Pradesh | Unknown,2023-04-17,5333.0,covid19
Uttar Pradesh | Unknown,2023-04-24,3293.0,covid19
Uttar Pradesh | Unknown,2023-05-01,1470.0,covid19
Uttar Pradesh | Unknown,2023-05-08,16234.0,covid19
Uttar Pradesh | Unknown,2023-05-15,232.0,covid19
Uttar Pradesh | Unknown,2023-05-22,227.0,covid19
Uttar Pradesh | Unknown,2023-05-29,49.0,covid19
Uttar Pradesh | Unknown,2023-06-26,611.0,covid19
Uttar Pradesh | Unnao,2021-04-12,1246.0,covid19
Uttar Pradesh | Unnao,2021-04-19,2024.0,covid19
Uttar Pradesh | Unnao,2021-04-26,3043.0,covid19
Uttar Pradesh | Varanasi,2021-03-29,1364.0,covid19
Uttar Pradesh | Varanasi,2021-04-05,6005.0,covid19
Uttar Pradesh | Varanasi,2021-04-12,12335.0,covid19
Uttar Pradesh | Varanasi,2021-04-19,15020.0,covid19
Uttar Pradesh | Varanasi,2021-04-26,11775.0,covid19
Uttar Pradesh | Varanasi,2021-05-03,6566.0,covid19
Uttar Pradesh | Varanasi,2021-05-10,4483.0,covid19
Uttar Pradesh | Varanasi,2021-05-17,1932.0,covid19
Uttar Pradesh | Varanasi,2021-05-24,961.0,covid19
Uttar Pradesh | Varanasi,2021-05-31,369.0,covid19
Uttarakhand | Almora,2022-01-10,634.0,covid19
Uttarakhand | Almora,2022-01-17,1263.0,covid19
Uttarakhand | Bageshwar,2022-01-10,288.0,covid19
Uttarakhand | Bageshwar,2022-01-17,809.0,covid19
Uttarakhand | Chamoli,2022-01-03,58.0,covid19
Uttarakhand | Chamoli,2022-01-10,276.0,covid19
Uttarakhand | Chamoli,2022-01-17,1027.0,covid19
Uttarakhand | Champawat,2021-12-27,65.0,covid19
Uttarakhand | Dehradun,2020-09-07,2209.0,covid19
Uttarakhand | Dehradun,2020-09-14,3100.0,covid19
Uttarakhand | Dehradun,2020-09-21,1895.0,covid19
Uttarakhand | Dehradun,2020-09-28,1366.0,covid19
Uttarakhand | Dehradun,2021-04-05,2781.0,covid19
Uttarakhand | Dehradun,2021-04-12,6550.0,covid19
Uttarakhand | Dehradun,2021-04-19,10099.0,covid19
Uttarakhand | Dehradun,2021-04-26,15549.0,covid19
Uttarakhand | Dehradun,2021-05-03,20537.0,covid19
Uttarakhand | Dehradun,2021-05-10,12758.0,covid19
Uttarakhand | Dehradun,2021-05-17,5443.0,covid19
Uttarakhand | Dehradun,2021-05-24,2638.0,covid19
Uttarakhand | Dehradun,2021-05-31,1287.0,covid19
Uttarakhand | Dehradun,2021-06-07,722.0,covid19
Uttarakhand | Dehradun,2022-01-03,2151.0,covid19
Uttarakhand | Dehradun,2022-01-10,7740.0,covid19
Uttarakhand | Dehradun,2022-01-17,10508.0,covid19
Uttarakhand | Dehradun,2022-01-24,6408.0,covid19
Uttarakhand | Dehradun,2022-01-31,3076.0,covid19
Uttarakhand | Dehradun,2022-02-07,1382.0,covid19
Uttarakhand | Dehradun,2022-02-14,622.0,covid19
Uttarakhand | Haridwar,2021-04-05,1833.0,covid19
Uttarakhand | Haridwar,2021-04-12,3868.0,covid19
Uttarakhand | Haridwar,2021-04-19,5926.0,covid19
Uttarakhand | Haridwar,2021-04-26,6429.0,covid19
Uttarakhand | Haridwar,2021-05-03,5290.0,covid19
Uttarakhand | Haridwar,2021-05-10,5387.0,covid19
Uttarakhand | Haridwar,2021-05-17,3479.0,covid19
Uttarakhand | Haridwar,2021-05-24,1606.0,covid19
Uttarakhand | Haridwar,2021-05-31,774.0,covid19
Uttarakhand | Haridwar,2022-01-03,942.0,covid19
Uttarakhand | Haridwar,2022-01-10,2848.0,covid19
Uttarakhand | Haridwar,2022-01-17,4473.0,covid19
Uttarakhand | Haridwar,2022-01-24,2598.0,covid19
Uttarakhand | Haridwar,2022-01-31,1082.0,covid19
Uttarakhand | Haridwar,2022-02-07,531.0,covid19
Uttarakhand | Nainital,2021-04-19,3179.0,covid19
Uttarakhand | Nainital,2021-04-26,5198.0,covid19
Uttarakhand | Nainital,2021-05-03,5290.0,covid19
Uttarakhand | Nainital,2021-05-10,4710.0,covid19
Uttarakhand | Nainital,2021-05-17,2618.0,covid19
Uttarakhand | Nainital,2021-05-24,1502.0,covid19
Uttarakhand | Nainital,2021-05-31,703.0,covid19
Uttarakhand | Nainital,2022-01-03,960.0,covid19
Uttarakhand | Nainital,2022-01-10,2927.0,covid19
Uttarakhand | Nainital,2022-01-17,3905.0,covid19
Uttarakhand | Nainital,2022-01-24,2049.0,covid19
Uttarakhand | Nainital,2022-01-31,802.0,covid19
Uttarakhand | Nainital,2022-02-07,277.0,covid19
Uttarakhand | Pauri Garhwal,2021-04-19,1574.0,covid19
Uttarakhand | Pauri Garhwal,2022-01-03,402.0,covid19
Uttarakhand | Pauri Garhwal,2022-01-17,1832.0,covid19
Uttarakhand | Pithoragarh,2022-01-17,847.0,covid19
Uttarakhand | Rudraprayag,2021-12-06,4.0,covid19
Uttarakhand | Rudraprayag,2022-01-03,26.0,covid19
Uttarakhand | Rudraprayag,2022-01-17,707.0,covid19
Uttarakhand | Tehri Garhwal,2021-05-03,2539.0,covid19
Uttarakhand | Tehri Garhwal,2021-05-10,2712.0,covid19
Uttarakhand | Tehri Garhwal,2022-01-10,473.0,covid19
Uttarakhand | Udham Singh Nagar,2021-04-19,2824.0,covid19
Uttarakhand | Udham Singh Nagar,2021-04-26,3823.0,covid19
Uttarakhand | Udham Singh Nagar,2021-05-03,7026.0,covid19
Uttarakhand | Udham Singh Nagar,2021-05-10,4614.0,covid19
Uttarakhand | Udham Singh Nagar,2021-05-17,2729.0,covid19
Uttarakhand | Udham Singh Nagar,2021-05-24,2175.0,covid19
Uttarakhand | Udham Singh Nagar,2021-05-31,478.0,covid19
Uttarakhand | Udham Singh Nagar,2022-01-03,382.0,covid19
Uttarakhand | Udham Singh Nagar,2022-01-10,2120.0,covid19
Uttarakhand | Udham Singh Nagar,2022-01-17,3064.0,covid19
Uttarakhand | Udham Singh Nagar,2022-01-24,1997.0,covid19
Uttarakhand | Udham Singh Nagar,2022-01-31,746.0,covid19
Uttarakhand | Unknown,2022-10-31,40.0,covid19
Uttarakhand | Unknown,2023-05-08,2853.0,covid19
Uttarakhand | Uttarkashi,2021-05-10,2931.0,covid19
Uttarakhand | Uttarkashi,2022-01-03,53.0,covid19
West Bengal | Alipurduar,2022-01-10,609.0,covid19
West Bengal | Bankura,2021-04-26,2246.0,covid19
West Bengal | Bankura,2021-05-03,2815.0,covid19
West Bengal | Bankura,2021-05-10,2953.0,covid19
West Bengal | Bankura,2021-05-17,4296.0,covid19
West Bengal | Bankura,2021-05-24,2896.0,covid19
West Bengal | Bankura,2021-05-31,1571.0,covid19
West Bengal | Bankura,2021-06-07,1134.0,covid19
West Bengal | Bankura,2022-01-03,937.0,covid19
West Bengal | Bankura,2022-01-10,2365.0,covid19
West Bengal | Bankura,2022-01-17,1592.0,covid19
West Bengal | Birbhum,2021-04-12,2523.0,covid19
West Bengal | Birbhum,2021-04-19,4091.0,covid19
West Bengal | Birbhum,2021-04-26,4978.0,covid19
West Bengal | Birbhum,2021-05-03,5243.0,covid19
West Bengal | Birbhum,2021-05-10,4889.0,covid19
West Bengal | Birbhum,2021-05-17,2610.0,covid19
West Bengal | Birbhum,2021-05-24,1908.0,covid19
West Bengal | Birbhum,2021-05-31,772.0,covid19
West Bengal | Birbhum,2022-01-03,3443.0,covid19
West Bengal | Birbhum,2022-01-10,5492.0,covid19
West Bengal | Birbhum,2022-01-17,3957.0,covid19
West Bengal | Birbhum,2022-01-24,1546.0,covid19
West Bengal | Birbhum,2022-01-31,536.0,covid19
West Bengal | Birbhum,2022-02-07,178.0,covid19
West Bengal | Cooch Behar,2022-01-10,727.0,covid19
West Bengal | Cooch Behar,2022-01-17,1248.0,covid19
West Bengal | Dakshin Dinajpur,2022-01-03,356.0,covid19
West Bengal | Dakshin Dinajpur,2022-01-10,1288.0,covid19
West Bengal | Dakshin Dinajpur,2022-01-17,1393.0,covid19
West Bengal | Darjeeling,2021-04-19,1958.0,covid19
West Bengal | Darjeeling,2021-04-26,2821.0,covid19
West Bengal | Darjeeling,2021-05-03,3920.0,covid19
West Bengal | Darjeeling,2021-05-10,4515.0,covid19
West Bengal | Darjeeling,2021-05-17,4967.0,covid19
West Bengal | Darjeeling,2021-05-24,4351.0,covid19
West Bengal | Darjeeling,2021-05-31,2998.0,covid19
West Bengal | Darjeeling,2021-06-07,2147.0,covid19
West Bengal | Darjeeling,2021-06-14,1509.0,covid19
West Bengal | Darjeeling,2022-01-03,1211.0,covid19
West Bengal | Darjeeling,2022-01-10,3239.0,covid19
West Bengal | Darjeeling,2022-01-17,3152.0,covid19
West Bengal | Darjeeling,2022-01-24,1706.0,covid19
West Bengal | Darjeeling,2022-01-31,750.0,covid19
West Bengal | Hooghly,2021-04-12,1999.0,covid19
West Bengal | Hooghly,2021-04-19,3999.0,covid19
West Bengal | Hooghly,2021-04-26,5839.0,covid19
West Bengal | Hooghly,2021-05-03,6558.0,covid19
West Bengal | Hooghly,2021-05-10,8310.0,covid19
West Bengal | Hooghly,2021-05-17,8472.0,covid19
West Bengal | Hooghly,2021-05-24,5253.0,covid19
West Bengal | Hooghly,2021-05-31,3528.0,covid19
West Bengal | Hooghly,2021-06-07,2210.0,covid19
West Bengal | Hooghly,2021-06-14,1255.0,covid19
West Bengal | Hooghly,2022-01-03,4891.0,covid19
West Bengal | Hooghly,2022-01-10,7892.0,covid19
West Bengal | Hooghly,2022-01-17,2929.0,covid19
West Bengal | Hooghly,2022-01-24,1355.0,covid19
West Bengal | Hooghly,2022-01-31,558.0,covid19
West Bengal | Howrah,2021-04-12,2637.0,covid19
West Bengal | Howrah,2021-04-19,4833.0,covid19
West Bengal | Howrah,2021-04-26,6619.0,covid19
West Bengal | Howrah,2021-05-03,7101.0,covid19
West Bengal | Howrah,2021-05-10,8634.0,covid19
West Bengal | Howrah,2021-05-17,8443.0,covid19
West Bengal | Howrah,2021-05-24,6990.0,covid19
West Bengal | Howrah,2021-05-31,4239.0,covid19
West Bengal | Howrah,2021-06-07,2192.0,covid19
West Bengal | Howrah,2021-06-14,1321.0,covid19
West Bengal | Howrah,2021-06-21,821.0,covid19
West Bengal | Howrah,2021-12-27,1558.0,covid19
West Bengal | Howrah,2022-01-03,8476.0,covid19
West Bengal | Howrah,2022-01-10,9000.0,covid19
West Bengal | Howrah,2022-01-17,2854.0,covid19
West Bengal | Howrah,2022-01-24,939.0,covid19
West Bengal | Howrah,2022-01-31,422.0,covid19
West Bengal | Jalpaiguri,2021-05-10,2891.0,covid19
West Bengal | Jalpaiguri,2021-05-17,3302.0,covid19
West Bengal | Jalpaiguri,2021-05-24,4003.0,covid19
West Bengal | Jalpaiguri,2021-05-31,3400.0,covid19
West Bengal | Jalpaiguri,2021-06-07,1998.0,covid19
West Bengal | Jalpaiguri,2021-06-14,1297.0,covid19
West Bengal | Jalpaiguri,2022-01-03,633.0,covid19
West Bengal | Jalpaiguri,2022-01-10,1585.0,covid19
West Bengal | Jalpaiguri,2022-01-17,2073.0,covid19
West Bengal | Jhargram,2022-01-03,478.0,covid19
West Bengal | Jhargram,2022-01-10,1245.0,covid19
West Bengal | Kolkata,2020-07-06,2500.0,covid19
West Bengal | Kolkata,2020-07-13,3736.0,covid19
West Bengal | Kolkata,2020-07-20,4857.0,covid19
West Bengal | Kolkata,2020-07-27,4861.0,covid19
West Bengal | Kolkata,2020-08-03,4794.0,covid19
West Bengal | Kolkata,2020-08-10,4463.0,covid19
West Bengal | Kolkata,2020-08-17,3938.0,covid19
West Bengal | Kolkata,2020-08-24,3456.0,covid19
West Bengal | Kolkata,2020-08-31,3371.0,covid19
West Bengal | Kolkata,2020-09-07,3504.0,covid19
West Bengal | Kolkata,2020-09-14,3539.0,covid19
West Bengal | Kolkata,2020-09-21,4304.0,covid19
West Bengal | Kolkata,2020-09-28,4766.0,covid19
West Bengal | Kolkata,2020-10-05,5246.0,covid19
West Bengal | Kolkata,2020-10-12,5401.0,covid19
West Bengal | Kolkata,2020-10-19,6072.0,covid19
West Bengal | Kolkata,2020-10-26,6266.0,covid19
West Bengal | Kolkata,2020-11-02,6018.0,covid19
West Bengal | Kolkata,2020-11-09,5824.0,covid19
West Bengal | Kolkata,2020-11-16,5885.0,covid19
West Bengal | Kolkata,2020-11-23,6088.0,covid19
West Bengal | Kolkata,2020-11-30,5558.0,covid19
West Bengal | Kolkata,2020-12-07,4687.0,covid19
West Bengal | Kolkata,2020-12-14,3579.0,covid19
West Bengal | Kolkata,2020-12-21,2416.0,covid19
West Bengal | Kolkata,2020-12-28,1773.0,covid19
West Bengal | Kolkata,2021-01-04,1518.0,covid19
West Bengal | Kolkata,2021-01-11,1194.0,covid19
West Bengal | Kolkata,2021-03-29,2944.0,covid19
West Bengal | Kolkata,2021-04-05,5719.0,covid19
West Bengal | Kolkata,2021-04-12,11641.0,covid19
West Bengal | Kolkata,2021-04-19,19233.0,covid19
West Bengal | Kolkata,2021-04-26,27047.0,covid19
West Bengal | Kolkata,2021-05-03,27606.0,covid19
West Bengal | Kolkata,2021-05-10,27191.0,covid19
West Bengal | Kolkata,2021-05-17,24659.0,covid19
West Bengal | Kolkata,2021-05-24,15389.0,covid19
West Bengal | Kolkata,2021-05-31,6712.0,covid19
West Bengal | Kolkata,2021-06-07,3419.0,covid19
West Bengal | Kolkata,2021-06-14,2175.0,covid19
West Bengal | Kolkata,2021-06-21,1233.0,covid19
West Bengal | Kolkata,2021-12-27,9762.0,covid19
West Bengal | Kolkata,2022-01-03,43832.0,covid19
West Bengal | Kolkata,2022-01-10,41540.0,covid19
West Bengal | Kolkata,2022-01-17,11834.0,covid19
West Bengal | Kolkata,2022-01-24,3625.0,covid19
West Bengal | Kolkata,2022-01-31,1493.0,covid19
West Bengal | Kolkata,2022-02-07,702.0,covid19
West Bengal | Malda,2021-04-12,1897.0,covid19
West Bengal | Malda,2021-04-19,3643.0,covid19
West Bengal | Malda,2021-04-26,3654.0,covid19
West Bengal | Malda,2021-05-03,3496.0,covid19
West Bengal | Malda,2021-05-10,2373.0,covid19
West Bengal | Malda,2022-01-03,1649.0,covid19
West Bengal | Malda,2022-01-10,3903.0,covid19
West Bengal | Malda,2022-01-17,2919.0,covid19
West Bengal | Malda,2022-01-24,1125.0,covid19
West Bengal | Malda,2022-01-31,479.0,covid19
West Bengal | Murshidabad,2021-04-05,729.0,covid19
West Bengal | Murshidabad,2021-04-19,3406.0,covid19
West Bengal | Murshidabad,2021-04-26,3377.0,covid19
West Bengal | Murshidabad,2021-05-03,3187.0,covid19
West Bengal | Murshidabad,2021-05-10,3052.0,covid19
West Bengal | Murshidabad,2022-01-03,1449.0,covid19
West Bengal | Murshidabad,2022-01-10,2859.0,covid19
West Bengal | Murshidabad,2022-01-17,1727.0,covid19
West Bengal | Nadia,2021-04-19,3335.0,covid19
West Bengal | Nadia,2021-04-26,5307.0,covid19
West Bengal | Nadia,2021-05-03,6149.0,covid19
West Bengal | Nadia,2021-05-10,7236.0,covid19
West Bengal | Nadia,2021-05-17,7298.0,covid19
West Bengal | Nadia,2021-05-24,5689.0,covid19
West Bengal | Nadia,2021-05-31,3559.0,covid19
West Bengal | Nadia,2021-06-07,2177.0,covid19
West Bengal | Nadia,2021-06-14,1037.0,covid19
West Bengal | Nadia,2022-01-03,2306.0,covid19
West Bengal | Nadia,2022-01-10,4379.0,covid19
West Bengal | Nadia,2022-01-17,3054.0,covid19
West Bengal | Nadia,2022-01-24,1351.0,covid19
West Bengal | Nadia,2022-01-31,719.0,covid19
West Bengal | North 24 Parganas,2020-07-13,2947.0,covid19
West Bengal | North 24 Parganas,2020-07-20,3832.0,covid19
West Bengal | North 24 Parganas,2020-07-27,3917.0,covid19
West Bengal | North 24 Parganas,2020-08-03,4230.0,covid19
West Bengal | North 24 Parganas,2020-08-10,4114.0,covid19
West Bengal | North 24 Parganas,2020-08-17,4646.0,covid19
West Bengal | North 24 Parganas,2020-08-24,4086.0,covid19
West Bengal | North 24 Parganas,2020-08-31,4310.0,covid19
West Bengal | North 24 Parganas,2020-09-07,3883.0,covid19
West Bengal | North 24 Parganas,2020-09-14,3598.0,covid19
West Bengal | North 24 Parganas,2020-09-21,4354.0,covid19
West Bengal | North 24 Parganas,2020-09-28,4636.0,covid19
West Bengal | North 24 Parganas,2020-10-05,5180.0,covid19
West Bengal | North 24 Parganas,2020-10-12,5418.0,covid19
West Bengal | North 24 Parganas,2020-10-19,6162.0,covid19
West Bengal | North 24 Parganas,2020-10-26,6167.0,covid19
West Bengal | North 24 Parganas,2020-11-02,5900.0,covid19
West Bengal | North 24 Parganas,2020-11-09,5756.0,covid19
West Bengal | North 24 Parganas,2020-11-16,5510.0,covid19
West Bengal | North 24 Parganas,2020-11-23,5870.0,covid19
West Bengal | North 24 Parganas,2020-11-30,5075.0,covid19
West Bengal | North 24 Parganas,2020-12-07,4502.0,covid19
West Bengal | North 24 Parganas,2020-12-14,3417.0,covid19
West Bengal | North 24 Parganas,2020-12-21,2394.0,covid19
West Bengal | North 24 Parganas,2020-12-28,1900.0,covid19
West Bengal | North 24 Parganas,2021-01-04,1581.0,covid19
West Bengal | North 24 Parganas,2021-01-11,1378.0,covid19
West Bengal | North 24 Parganas,2021-04-05,4936.0,covid19
West Bengal | North 24 Parganas,2021-04-12,9943.0,covid19
West Bengal | North 24 Parganas,2021-04-19,16773.0,covid19
West Bengal | North 24 Parganas,2021-04-26,26371.0,covid19
West Bengal | North 24 Parganas,2021-05-03,27759.0,covid19
West Bengal | North 24 Parganas,2021-05-10,28783.0,covid19
West Bengal | North 24 Parganas,2021-05-17,28517.0,covid19
West Bengal | North 24 Parganas,2021-05-24,21095.0,covid19
West Bengal | North 24 Parganas,2021-05-31,12890.0,covid19
West Bengal | North 24 Parganas,2021-06-07,6334.0,covid19
West Bengal | North 24 Parganas,2021-06-14,2999.0,covid19
West Bengal | North 24 Parganas,2021-06-21,1607.0,covid19
West Bengal | North 24 Parganas,2021-06-28,1124.0,covid19
West Bengal | North 24 Parganas,2021-12-27,2817.0,covid19
West Bengal | North 24 Parganas,2022-01-03,19005.0,covid19
West Bengal | North 24 Parganas,2022-01-10,27446.0,covid19
West Bengal | North 24 Parganas,2022-01-17,10806.0,covid19
West Bengal | North 24 Parganas,2022-01-24,3726.0,covid19
West Bengal | North 24 Parganas,2022-01-31,1835.0,covid19
West Bengal | North 24 Parganas,2022-02-07,730.0,covid19
West Bengal | North 24 Parganas,2022-02-14,395.0,covid19
West Bengal | Paschim Bardhaman,2021-04-12,2109.0,covid19
West Bengal | Paschim Bardhaman,2021-04-19,4375.0,covid19
West Bengal | Paschim Bardhaman,2021-04-26,6107.0,covid19
West Bengal | Paschim Bardhaman,2021-05-03,6314.0,covid19
West Bengal | Paschim Bardhaman,2021-05-10,6227.0,covid19
West Bengal | Paschim Bardhaman,2021-05-17,4995.0,covid19
West Bengal | Paschim Bardhaman,2021-05-24,3944.0,covid19
West Bengal | Paschim Bardhaman,2021-05-31,1567.0,covid19
West Bengal | Paschim Bardhaman,2021-06-07,709.0,covid19
West Bengal | Paschim Bardhaman,2021-12-27,848.0,covid19
West Bengal | Paschim Bardhaman,2022-01-03,5161.0,covid19
West Bengal | Paschim Bardhaman,2022-01-10,6817.0,covid19
West Bengal | Paschim Bardhaman,2022-01-17,2354.0,covid19
West Bengal | Paschim Bardhaman,2022-01-24,812.0,covid19
West Bengal | Paschim Bardhaman,2022-01-31,399.0,covid19
West Bengal | Paschim Medinipur,2021-05-03,3456.0,covid19
West Bengal | Paschim Medinipur,2021-05-10,5831.0,covid19
West Bengal | Paschim Medinipur,2021-05-17,5364.0,covid19
West Bengal | Paschim Medinipur,2021-05-24,3729.0,covid19
West Bengal | Paschim Medinipur,2021-05-31,2479.0,covid19
West Bengal | Paschim Medinipur,2021-06-07,1739.0,covid19
West Bengal | Paschim Medinipur,2022-01-03,1633.0,covid19
West Bengal | Paschim Medinipur,2022-01-10,3059.0,covid19
West Bengal | Paschim Medinipur,2022-01-17,1520.0,covid19
West Bengal | Paschim Medinipur,2022-01-24,1012.0,covid19
West Bengal | Purba Bardhaman,2021-04-12,1219.0,covid19
West Bengal | Purba Bardhaman,2021-04-19,2315.0,covid19
West Bengal | Purba Bardhaman,2021-04-26,3441.0,covid19
West Bengal | Purba Bardhaman,2021-05-03,4204.0,covid19
West Bengal | Purba Bardhaman,2021-05-10,4401.0,covid19
West Bengal | Purba Bardhaman,2021-05-17,4116.0,covid19
West Bengal | Purba Bardhaman,2021-05-24,2598.0,covid19
West Bengal | Purba Bardhaman,2021-05-31,1525.0,covid19
West Bengal | Purba Bardhaman,2021-06-07,857.0,covid19
West Bengal | Purba Bardhaman,2022-01-03,2485.0,covid19
West Bengal | Purba Bardhaman,2022-01-10,5003.0,covid19
West Bengal | Purba Bardhaman,2022-01-17,3268.0,covid19
West Bengal | Purba Bardhaman,2022-01-24,1057.0,covid19
West Bengal | Purba Bardhaman,2022-01-31,383.0,covid19
West Bengal | Purba Medinipur,2021-04-19,2436.0,covid19
West Bengal | Purba Medinipur,2021-04-26,3917.0,covid19
West Bengal | Purba Medinipur,2021-05-03,4732.0,covid19
West Bengal | Purba Medinipur,2021-05-10,6042.0,covid19
West Bengal | Purba Medinipur,2021-05-17,5653.0,covid19
West Bengal | Purba Medinipur,2021-05-24,3905.0,covid19
West Bengal | Purba Medinipur,2021-05-31,3334.0,covid19
West Bengal | Purba Medinipur,2021-06-07,2871.0,covid19
West Bengal | Purba Medinipur,2022-01-03,835.0,covid19
West Bengal | Purba Medinipur,2022-01-10,1449.0,covid19
West Bengal | Purulia,2021-04-19,2609.0,covid19
West Bengal | Purulia,2021-04-26,2428.0,covid19
West Bengal | Purulia,2022-01-03,1137.0,covid19
West Bengal | Purulia,2022-01-10,1613.0,covid19
West Bengal | South 24 Parganas,2021-04-12,2746.0,covid19
West Bengal | South 24 Parganas,2021-04-19,5128.0,covid19
West Bengal | South 24 Parganas,2021-04-26,6833.0,covid19
West Bengal | South 24 Parganas,2021-05-03,6920.0,covid19
West Bengal | South 24 Parganas,2021-05-10,8287.0,covid19
West Bengal | South 24 Parganas,2021-05-17,8652.0,covid19
West Bengal | South 24 Parganas,2021-05-24,7397.0,covid19
West Bengal | South 24 Parganas,2021-05-31,4219.0,covid19
West Bengal | South 24 Parganas,2021-06-07,2165.0,covid19
West Bengal | South 24 Parganas,2021-06-14,1418.0,covid19
West Bengal | South 24 Parganas,2021-06-21,804.0,covid19
West Bengal | South 24 Parganas,2021-12-27,836.0,covid19
West Bengal | South 24 Parganas,2022-01-03,4949.0,covid19
West Bengal | South 24 Parganas,2022-01-10,9344.0,covid19
West Bengal | South 24 Parganas,2022-01-17,4746.0,covid19
West Bengal | South 24 Parganas,2022-01-24,2262.0,covid19
West Bengal | South 24 Parganas,2022-01-31,682.0,covid19
West Bengal | South 24 Parganas,2022-02-07,285.0,covid19
West Bengal | Unknown,2022-06-20,3055.0,covid19
West Bengal | Unknown,2022-06-27,9513.0,covid19
West Bengal | Unknown,2022-07-04,17226.0,covid19
West Bengal | Unknown,2022-07-11,19147.0,covid19
West Bengal | Unknown,2022-07-18,14531.0,covid19
West Bengal | Unknown,2022-07-25,8502.0,covid19
West Bengal | Unknown,2022-08-01,5165.0,covid19
West Bengal | Unknown,2022-08-08,3431.0,covid19
West Bengal | Unknown,2022-08-15,2268.0,covid19
West Bengal | Unknown,2022-08-22,1769.0,covid19
West Bengal | Unknown,2022-10-24,1860.0,covid19
West Bengal | Unknown,2023-05-08,5611.0,covid19
West Bengal | Unknown,2023-05-15,508.0,covid19
West Bengal | Unknown,2023-05-22,237.0,covid19
West Bengal | Unknown,2023-05-29,128.0,covid19
West Bengal | Unknown,2023-06-26,1195.0,covid19
West Bengal | Uttar Dinajpur,2022-01-03,574.0,covid19
West Bengal | Uttar Dinajpur,2022-01-10,1478.0,covid19
West Bengal | Uttar Dinajpur,2022-01-17,1886.0,covid19
